Country Name,Country Code,Year,Value,2 letter,AREA,Connect,Olympic-Year
Afghanistan,AFG,2000,3521418059.923445,AF,Middle East,2000-AF,2000
Afghanistan,AFG,2001,2813571753.8725324,AF,Middle East,2001-AF,2000
Afghanistan,AFG,2002,3825701438.9996333,AF,Middle East,2002-AF,2000
Afghanistan,AFG,2003,4520946818.545814,AF,Middle East,2003-AF,2000
Afghanistan,AFG,2004,5224896719,AF,Middle East,2004-AF,2004
Afghanistan,AFG,2005,6203256538.709669,AF,Middle East,2005-AF,2004
Afghanistan,AFG,2006,6971758282.293506,AF,Middle East,2006-AF,2004
Afghanistan,AFG,2007,9747886187.393929,AF,Middle East,2007-AF,2004
Afghanistan,AFG,2008,10109297047.543194,AF,Middle East,2008-AF,2008
Afghanistan,AFG,2009,12416152732.056717,AF,Middle East,2009-AF,2008
Afghanistan,AFG,2010,15856668555.833595,AF,Middle East,2010-AF,2008
Afghanistan,AFG,2011,17805098206.314083,AF,Middle East,2011-AF,2008
Afghanistan,AFG,2012,19907329777.587166,AF,Middle East,2012-AF,2012
Afghanistan,AFG,2013,20146416757.598675,AF,Middle East,2013-AF,2012
Afghanistan,AFG,2014,20497128555.69723,AF,Middle East,2014-AF,2012
Afghanistan,AFG,2015,19134221644.732494,AF,Middle East,2015-AF,2012
Afghanistan,AFG,2016,18116572395.077213,AF,Middle East,2016-AF,2016
Afghanistan,AFG,2017,18753456497.815865,AF,Middle East,2017-AF,2016
Afghanistan,AFG,2018,18053222687.412624,AF,Middle East,2018-AF,2016
Afghanistan,AFG,2019,18799444490.11278,AF,Middle East,2019-AF,2016
Afghanistan,AFG,2020,19955929052.149597,AF,Middle East,2020-AF,2020
Afghanistan,AFG,2021,14266499429.874573,AF,Middle East,2021-AF,2020
Afghanistan,AFG,2022,14502158192.090395,AF,Middle East,2022-AF,2020
Albania,ALB,1984,1857337995.3379953,AL,Europe,1984-AL,1984
Albania,ALB,1985,1897050116.5501165,AL,Europe,1985-AL,1984
Albania,ALB,1986,2097326250,AL,Europe,1986-AL,1984
Albania,ALB,1987,2080796249.9999998,AL,Europe,1987-AL,1984
Albania,ALB,1988,2051236250,AL,Europe,1988-AL,1988
Albania,ALB,1989,2253090000,AL,Europe,1989-AL,1988
Albania,ALB,1990,2028553750,AL,Europe,1990-AL,1988
Albania,ALB,1991,1099559027.7777777,AL,Europe,1991-AL,1988
Albania,ALB,1992,652174990.8373039,AL,Europe,1992-AL,1992
Albania,ALB,1993,1185315468.4629517,AL,Europe,1993-AL,1992
Albania,ALB,1994,1880950864.4131145,AL,Europe,1994-AL,1992
Albania,ALB,1995,2392764853.421074,AL,Europe,1995-AL,1992
Albania,ALB,1996,3199640815.4162974,AL,Europe,1996-AL,1996
Albania,ALB,1997,2258513974.0967965,AL,Europe,1997-AL,1996
Albania,ALB,1998,2545964540.883832,AL,Europe,1998-AL,1996
Albania,ALB,1999,3212121650.9775524,AL,Europe,1999-AL,1996
Albania,ALB,2000,3480355258.0412197,AL,Europe,2000-AL,2000
Albania,ALB,2001,3922100793.5403037,AL,Europe,2001-AL,2000
Albania,ALB,2002,4348068242.195123,AL,Europe,2002-AL,2000
Albania,ALB,2003,5611496257.142313,AL,Europe,2003-AL,2000
Albania,ALB,2004,7184685781.518761,AL,Europe,2004-AL,2004
Albania,ALB,2005,8052077248.146379,AL,Europe,2005-AL,2004
Albania,ALB,2006,8896075004.635162,AL,Europe,2006-AL,2004
Albania,ALB,2007,10677324852.882233,AL,Europe,2007-AL,2004
Albania,ALB,2008,12881352893.68551,AL,Europe,2008-AL,2008
Albania,ALB,2009,12044205549.65712,AL,Europe,2009-AL,2008
Albania,ALB,2010,11926926615.801525,AL,Europe,2010-AL,2008
Albania,ALB,2011,12890760315.146019,AL,Europe,2011-AL,2008
Albania,ALB,2012,12319834195.331005,AL,Europe,2012-AL,2012
Albania,ALB,2013,12776224496.97176,AL,Europe,2013-AL,2012
Albania,ALB,2014,13228147516.116798,AL,Europe,2014-AL,2012
Albania,ALB,2015,11386853113,AL,Europe,2015-AL,2012
Albania,ALB,2016,11861199830.83956,AL,Europe,2016-AL,2016
Albania,ALB,2017,13019726211.736889,AL,Europe,2017-AL,2016
Albania,ALB,2018,15156424015.197748,AL,Europe,2018-AL,2016
Albania,ALB,2019,15401826127.253857,AL,Europe,2019-AL,2016
Albania,ALB,2020,15162734205.246202,AL,Europe,2020-AL,2020
Albania,ALB,2021,17930565118.81762,AL,Europe,2021-AL,2020
Albania,ALB,2022,18916378860.54883,AL,Europe,2022-AL,2020
Albania,ALB,2023,22977677860.797855,AL,Europe,2023-AL,2020
Algeria,DZA,1960,2723615451.3009768,DZ,Africa,1960-DZ,1960
Algeria,DZA,1961,2434747055.940175,DZ,Africa,1961-DZ,1960
Algeria,DZA,1962,2001444543.9188507,DZ,Africa,1962-DZ,1960
Algeria,DZA,1963,2702982017.6380277,DZ,Africa,1963-DZ,1960
Algeria,DZA,1964,2909316435.287398,DZ,Africa,1964-DZ,1964
Algeria,DZA,1965,3136284306.8546867,DZ,Africa,1965-DZ,1964
Algeria,DZA,1966,3039859187.4516416,DZ,Africa,1966-DZ,1964
Algeria,DZA,1967,3370870376.296824,DZ,Africa,1967-DZ,1964
Algeria,DZA,1968,3852147026.773019,DZ,Africa,1968-DZ,1968
Algeria,DZA,1969,4257253264.088344,DZ,Africa,1969-DZ,1968
Algeria,DZA,1970,4863526896.574075,DZ,Africa,1970-DZ,1968
Algeria,DZA,1971,5077183093.889678,DZ,Africa,1971-DZ,1968
Algeria,DZA,1972,6766743956.8888855,DZ,Africa,1972-DZ,1972
Algeria,DZA,1973,8707858912,DZ,Africa,1973-DZ,1972
Algeria,DZA,1974,13209871625.904444,DZ,Africa,1974-DZ,1972
Algeria,DZA,1975,15557902754.033009,DZ,Africa,1975-DZ,1972
Algeria,DZA,1976,17728240932.315838,DZ,Africa,1976-DZ,1976
Algeria,DZA,1977,20972113684.955814,DZ,Africa,1977-DZ,1976
Algeria,DZA,1978,26364491313.447136,DZ,Africa,1978-DZ,1976
Algeria,DZA,1979,33243706859.659607,DZ,Africa,1979-DZ,1976
Algeria,DZA,1980,42345829079.206245,DZ,Africa,1980-DZ,1980
Algeria,DZA,1981,44348590460.92876,DZ,Africa,1981-DZ,1980
Algeria,DZA,1982,45207167470.34967,DZ,Africa,1982-DZ,1980
Algeria,DZA,1983,48801369800.36752,DZ,Africa,1983-DZ,1980
Algeria,DZA,1984,53698548293.07447,DZ,Africa,1984-DZ,1984
Algeria,DZA,1985,57937868670.193726,DZ,Africa,1985-DZ,1984
Algeria,DZA,1986,63692007897.383354,DZ,Africa,1986-DZ,1984
Algeria,DZA,1987,66745818375.492966,DZ,Africa,1987-DZ,1984
Algeria,DZA,1988,59089396860.43423,DZ,Africa,1988-DZ,1988
Algeria,DZA,1989,55634721572.734276,DZ,Africa,1989-DZ,1988
Algeria,DZA,1990,62048507531.33572,DZ,Africa,1990-DZ,1988
Algeria,DZA,1991,45715676428.276596,DZ,Africa,1991-DZ,1988
Algeria,DZA,1992,48003133346.995735,DZ,Africa,1992-DZ,1992
Algeria,DZA,1993,49945584452.65057,DZ,Africa,1993-DZ,1992
Algeria,DZA,1994,42543176828.923744,DZ,Africa,1994-DZ,1992
Algeria,DZA,1995,41764291671.77111,DZ,Africa,1995-DZ,1992
Algeria,DZA,1996,46941554225.35815,DZ,Africa,1996-DZ,1996
Algeria,DZA,1997,48177612042.15065,DZ,Africa,1997-DZ,1996
Algeria,DZA,1998,48187781984.48805,DZ,Africa,1998-DZ,1996
Algeria,DZA,1999,48640671734.971115,DZ,Africa,1999-DZ,1996
Algeria,DZA,2000,54790398570.328224,DZ,Africa,2000-DZ,2000
Algeria,DZA,2001,59413400923.63635,DZ,Africa,2001-DZ,2000
Algeria,DZA,2002,61516103406.16878,DZ,Africa,2002-DZ,2000
Algeria,DZA,2003,73482264190.92455,DZ,Africa,2003-DZ,2000
Algeria,DZA,2004,91913680985.17082,DZ,Africa,2004-DZ,2004
Algeria,DZA,2005,1.07047E+11,DZ,Africa,2005-DZ,2004
Algeria,DZA,2006,123084258693.00974,DZ,Africa,2006-DZ,2004
Algeria,DZA,2007,142482739809.84927,DZ,Africa,2007-DZ,2004
Algeria,DZA,2008,180383848331.13458,DZ,Africa,2008-DZ,2008
Algeria,DZA,2009,150317292079.35913,DZ,Africa,2009-DZ,2008
Algeria,DZA,2010,177785053939.53052,DZ,Africa,2010-DZ,2008
Algeria,DZA,2011,218331946925.30356,DZ,Africa,2011-DZ,2008
Algeria,DZA,2012,227143746075.93402,DZ,Africa,2012-DZ,2012
Algeria,DZA,2013,229701430292.1566,DZ,Africa,2013-DZ,2012
Algeria,DZA,2014,2.38943E+11,DZ,Africa,2014-DZ,2012
Algeria,DZA,2015,187493855609.34464,DZ,Africa,2015-DZ,2012
Algeria,DZA,2016,180763839522.15082,DZ,Africa,2016-DZ,2016
Algeria,DZA,2017,189880896903.0733,DZ,Africa,2017-DZ,2016
Algeria,DZA,2018,194554483655.52774,DZ,Africa,2018-DZ,2016
Algeria,DZA,2019,193459662090.67682,DZ,Africa,2019-DZ,2016
Algeria,DZA,2020,164873415325.20148,DZ,Africa,2020-DZ,2020
Algeria,DZA,2021,186265418570.69662,DZ,Africa,2021-DZ,2020
Algeria,DZA,2022,225560256621.7572,DZ,Africa,2022-DZ,2020
Algeria,DZA,2023,239899491127.74237,DZ,Africa,2023-DZ,2020
American Samoa,ASM,2002,512000000,AS,Oceania,2002-AS,2000
American Samoa,ASM,2003,524000000,AS,Oceania,2003-AS,2000
American Samoa,ASM,2004,509000000,AS,Oceania,2004-AS,2004
American Samoa,ASM,2005,500000000,AS,Oceania,2005-AS,2004
American Samoa,ASM,2006,493000000,AS,Oceania,2006-AS,2004
American Samoa,ASM,2007,518000000,AS,Oceania,2007-AS,2004
American Samoa,ASM,2008,560000000,AS,Oceania,2008-AS,2008
American Samoa,ASM,2009,675000000,AS,Oceania,2009-AS,2008
American Samoa,ASM,2010,573000000,AS,Oceania,2010-AS,2008
American Samoa,ASM,2011,570000000,AS,Oceania,2011-AS,2008
American Samoa,ASM,2012,640000000,AS,Oceania,2012-AS,2012
American Samoa,ASM,2013,638000000,AS,Oceania,2013-AS,2012
American Samoa,ASM,2014,643000000,AS,Oceania,2014-AS,2012
American Samoa,ASM,2015,673000000,AS,Oceania,2015-AS,2012
American Samoa,ASM,2016,671000000,AS,Oceania,2016-AS,2016
American Samoa,ASM,2017,612000000,AS,Oceania,2017-AS,2016
American Samoa,ASM,2018,639000000,AS,Oceania,2018-AS,2016
American Samoa,ASM,2019,647000000,AS,Oceania,2019-AS,2016
American Samoa,ASM,2020,721000000,AS,Oceania,2020-AS,2020
American Samoa,ASM,2021,750000000,AS,Oceania,2021-AS,2020
American Samoa,ASM,2022,871000000,AS,Oceania,2022-AS,2020
Andorra,AND,1970,78617711.09653251,AD,Europe,1970-AD,1968
Andorra,AND,1971,89406608.14581512,AD,Europe,1971-AD,1968
Andorra,AND,1972,113414397.3656347,AD,Europe,1972-AD,1972
Andorra,AND,1973,150841639.29744396,AD,Europe,1973-AD,1972
Andorra,AND,1974,186557081.99813673,AD,Europe,1974-AD,1972
Andorra,AND,1975,220112572.20533124,AD,Europe,1975-AD,1972
Andorra,AND,1976,227283850.83127123,AD,Europe,1976-AD,1976
Andorra,AND,1977,253997897.22696805,AD,Europe,1977-AD,1976
Andorra,AND,1978,308020261.16414887,AD,Europe,1978-AD,1976
Andorra,AND,1979,411548748.3547291,AD,Europe,1979-AD,1976
Andorra,AND,1980,446377776.79800063,AD,Europe,1980-AD,1980
Andorra,AND,1981,388983266.19988644,AD,Europe,1981-AD,1980
Andorra,AND,1982,375914743.5810058,AD,Europe,1982-AD,1980
Andorra,AND,1983,327850042.5158724,AD,Europe,1983-AD,1980
Andorra,AND,1984,330073080.6370984,AD,Europe,1984-AD,1984
Andorra,AND,1985,346742714.67515206,AD,Europe,1985-AD,1984
Andorra,AND,1986,481996012.9,AD,Europe,1986-AD,1984
Andorra,AND,1987,611299924.5405055,AD,Europe,1987-AD,1984
Andorra,AND,1988,721425939.1515498,AD,Europe,1988-AD,1988
Andorra,AND,1989,795489582.0449102,AD,Europe,1989-AD,1988
Andorra,AND,1990,1028989692.0678707,AD,Europe,1990-AD,1988
Andorra,AND,1991,1106891361.5394838,AD,Europe,1991-AD,1988
Andorra,AND,1992,1209992020.2954278,AD,Europe,1992-AD,1992
Andorra,AND,1993,1007090269.8695563,AD,Europe,1993-AD,1992
Andorra,AND,1994,1017544068.8407956,AD,Europe,1994-AD,1992
Andorra,AND,1995,1178745282.8678029,AD,Europe,1995-AD,1992
Andorra,AND,1996,1224024139.2129533,AD,Europe,1996-AD,1996
Andorra,AND,1997,1180645571.8643036,AD,Europe,1997-AD,1996
Andorra,AND,1998,1211953994.0571387,AD,Europe,1998-AD,1996
Andorra,AND,1999,1240295103.079385,AD,Europe,1999-AD,1996
Andorra,AND,2000,1432606188.693242,AD,Europe,2000-AD,2000
Andorra,AND,2001,1548265808.0580215,AD,Europe,2001-AD,2000
Andorra,AND,2002,1764279824.297522,AD,Europe,2002-AD,2000
Andorra,AND,2003,2366941808.944043,AD,Europe,2003-AD,2000
Andorra,AND,2004,2900245324.492212,AD,Europe,2004-AD,2004
Andorra,AND,2005,3161084091.1167426,AD,Europe,2005-AD,2004
Andorra,AND,2006,3459337986.4494796,AD,Europe,2006-AD,2004
Andorra,AND,2007,3957625367.2195907,AD,Europe,2007-AD,2004
Andorra,AND,2008,4102319399.0234303,AD,Europe,2008-AD,2008
Andorra,AND,2009,3688976340.754897,AD,Europe,2009-AD,2008
Andorra,AND,2010,3449925738.860686,AD,Europe,2010-AD,2008
Andorra,AND,2011,3629133574.2778273,AD,Europe,2011-AD,2008
Andorra,AND,2012,3188652765.361844,AD,Europe,2012-AD,2012
Andorra,AND,2013,3193512950.024186,AD,Europe,2013-AD,2012
Andorra,AND,2014,3271685596.6632113,AD,Europe,2014-AD,2012
Andorra,AND,2015,2789881258.503616,AD,Europe,2015-AD,2012
Andorra,AND,2016,2896610479.7307653,AD,Europe,2016-AD,2016
Andorra,AND,2017,3000162081.1197567,AD,Europe,2017-AD,2016
Andorra,AND,2018,3218419896.9641023,AD,Europe,2018-AD,2016
Andorra,AND,2019,3155149347.806392,AD,Europe,2019-AD,2016
Andorra,AND,2020,2891001149.361105,AD,Europe,2020-AD,2020
Andorra,AND,2021,3324683011.5903006,AD,Europe,2021-AD,2020
Andorra,AND,2022,3380602042.8428345,AD,Europe,2022-AD,2020
Andorra,AND,2023,3727673593.0192156,AD,Europe,2023-AD,2020
Angola,AGO,1993,5879999999.999999,AO,Africa,1993-AO,1992
Angola,AGO,1994,4432026144,AO,Africa,1994-AO,1992
Angola,AGO,1995,5538657322.021395,AO,Africa,1995-AO,1992
Angola,AGO,1996,6535458385.481852,AO,Africa,1996-AO,1996
Angola,AGO,1997,7675423799.362932,AO,Africa,1997-AO,1996
Angola,AGO,1998,6506387246.890386,AO,Africa,1998-AO,1996
Angola,AGO,1999,6152923310.4454565,AO,Africa,1999-AO,1996
Angola,AGO,2000,9129594970.153011,AO,Africa,2000-AO,2000
Angola,AGO,2001,8936079117.731356,AO,Africa,2001-AO,2000
Angola,AGO,2002,15285592370.373981,AO,Africa,2002-AO,2000
Angola,AGO,2003,17812704586.43969,AO,Africa,2003-AO,2000
Angola,AGO,2004,23552057679.499435,AO,Africa,2004-AO,2004
Angola,AGO,2005,36970900883.810905,AO,Africa,2005-AO,2004
Angola,AGO,2006,52381025141.42681,AO,Africa,2006-AO,2004
Angola,AGO,2007,65266415494.25839,AO,Africa,2007-AO,2004
Angola,AGO,2008,88538665084.86345,AO,Africa,2008-AO,2008
Angola,AGO,2009,70307196181.65387,AO,Africa,2009-AO,2008
Angola,AGO,2010,83799474069.73146,AO,Africa,2010-AO,2008
Angola,AGO,2011,111789747670.5905,AO,Africa,2011-AO,2008
Angola,AGO,2012,128052915766.34274,AO,Africa,2012-AO,2012
Angola,AGO,2013,132339109040.23174,AO,Africa,2013-AO,2012
Angola,AGO,2014,135966802586.7132,AO,Africa,2014-AO,2012
Angola,AGO,2015,90496420506.59566,AO,Africa,2015-AO,2012
Angola,AGO,2016,52761617225.925285,AO,Africa,2016-AO,2016
Angola,AGO,2017,73690154990.73123,AO,Africa,2017-AO,2016
Angola,AGO,2018,79450688259.36636,AO,Africa,2018-AO,2016
Angola,AGO,2019,70897962732.02774,AO,Africa,2019-AO,2016
Angola,AGO,2020,48501561203.568634,AO,Africa,2020-AO,2020
Angola,AGO,2021,66505129987.72355,AO,Africa,2021-AO,2020
Angola,AGO,2022,104399746853.40141,AO,Africa,2022-AO,2020
Angola,AGO,2023,84722957642.37566,AO,Africa,2023-AO,2020
Antigua and Barbuda,ATG,1977,77496296.3,AG,North America,1977-AG,1976
Antigua and Barbuda,ATG,1978,88033333.33333333,AG,North America,1978-AG,1976
Antigua and Barbuda,ATG,1979,109585185.18518518,AG,North America,1979-AG,1976
Antigua and Barbuda,ATG,1980,132440740.74074073,AG,North America,1980-AG,1980
Antigua and Barbuda,ATG,1981,149377777.77777776,AG,North America,1981-AG,1980
Antigua and Barbuda,ATG,1982,166425925.9259259,AG,North America,1982-AG,1980
Antigua and Barbuda,ATG,1983,184848148.14814815,AG,North America,1983-AG,1980
Antigua and Barbuda,ATG,1984,212192592.59259257,AG,North America,1984-AG,1984
Antigua and Barbuda,ATG,1985,246344444.44444442,AG,North America,1985-AG,1984
Antigua and Barbuda,ATG,1986,297537037,AG,North America,1986-AG,1984
Antigua and Barbuda,ATG,1987,346840740.7407407,AG,North America,1987-AG,1984
Antigua and Barbuda,ATG,1988,411374074.07407403,AG,North America,1988-AG,1988
Antigua and Barbuda,ATG,1989,455148148.1481481,AG,North America,1989-AG,1988
Antigua and Barbuda,ATG,1990,478692592.59259254,AG,North America,1990-AG,1988
Antigua and Barbuda,ATG,1991,504307407.4074074,AG,North America,1991-AG,1988
Antigua and Barbuda,ATG,1992,525103703.70370364,AG,North America,1992-AG,1992
Antigua and Barbuda,ATG,1993,565633333.3333333,AG,North America,1993-AG,1992
Antigua and Barbuda,ATG,1994,625051851.8518518,AG,North America,1994-AG,1992
Antigua and Barbuda,ATG,1995,616014814.8148148,AG,North America,1995-AG,1992
Antigua and Barbuda,ATG,1996,679111111.1,AG,North America,1996-AG,1996
Antigua and Barbuda,ATG,1997,734392592.5925926,AG,North America,1997-AG,1996
Antigua and Barbuda,ATG,1998,789762963,AG,North America,1998-AG,1996
Antigua and Barbuda,ATG,1999,835514814.8148148,AG,North America,1999-AG,1996
Antigua and Barbuda,ATG,2000,900551851.8518518,AG,North America,2000-AG,2000
Antigua and Barbuda,ATG,2001,877514814.8148148,AG,North America,2001-AG,2000
Antigua and Barbuda,ATG,2002,897988888.8888888,AG,North America,2002-AG,2000
Antigua and Barbuda,ATG,2003,947955555.5555555,AG,North America,2003-AG,2000
Antigua and Barbuda,ATG,2004,1026181481.4814814,AG,North America,2004-AG,2004
Antigua and Barbuda,ATG,2005,1143714814.8148148,AG,North America,2005-AG,2004
Antigua and Barbuda,ATG,2006,1303548148.148148,AG,North America,2006-AG,2004
Antigua and Barbuda,ATG,2007,1487300000,AG,North America,2007-AG,2004
Antigua and Barbuda,ATG,2008,1557540740.7407405,AG,North America,2008-AG,2008
Antigua and Barbuda,ATG,2009,1386444444.4444444,AG,North America,2009-AG,2008
Antigua and Barbuda,ATG,2010,1298255555.5555556,AG,North America,2010-AG,2008
Antigua and Barbuda,ATG,2011,1281337037.037037,AG,North America,2011-AG,2008
Antigua and Barbuda,ATG,2012,1327107407.4074073,AG,North America,2012-AG,2012
Antigua and Barbuda,ATG,2013,1325425925.9259257,AG,North America,2013-AG,2012
Antigua and Barbuda,ATG,2014,1378829629.6296296,AG,North America,2014-AG,2012
Antigua and Barbuda,ATG,2015,1437755555.5555553,AG,North America,2015-AG,2012
Antigua and Barbuda,ATG,2016,1489692592.5925925,AG,North America,2016-AG,2016
Antigua and Barbuda,ATG,2017,1531151851.8518515,AG,North America,2017-AG,2016
Antigua and Barbuda,ATG,2018,1661529629.6296296,AG,North America,2018-AG,2016
Antigua and Barbuda,ATG,2019,1725351851.8518517,AG,North America,2019-AG,2016
Antigua and Barbuda,ATG,2020,1410796296.2962961,AG,North America,2020-AG,2020
Antigua and Barbuda,ATG,2021,1601366666.6666665,AG,North America,2021-AG,2020
Antigua and Barbuda,ATG,2022,1867733333.3333333,AG,North America,2022-AG,2020
Antigua and Barbuda,ATG,2023,2033085185.185185,AG,North America,2023-AG,2020
Argentina,ARG,1983,1.0949E+11,AR,South America,1983-AR,1980
Argentina,ARG,1984,112988571428.57143,AR,South America,1984-AR,1984
Argentina,ARG,1985,88416666666.66667,AR,South America,1985-AR,1984
Argentina,ARG,1986,106213829787.23405,AR,South America,1986-AR,1984
Argentina,ARG,1987,109029439252.33646,AR,South America,1987-AR,1984
Argentina,ARG,1988,1.26928E+11,AR,South America,1988-AR,1988
Argentina,ARG,1989,76629657864,AR,South America,1989-AR,1988
Argentina,ARG,1990,141352654305.16275,AR,South America,1990-AR,1988
Argentina,ARG,1991,189719984268.48453,AR,South America,1991-AR,1988
Argentina,ARG,1992,228778917308.16986,AR,South America,1992-AR,1992
Argentina,ARG,1993,2.36742E+11,AR,South America,1993-AR,1992
Argentina,ARG,1994,2.5744E+11,AR,South America,1994-AR,1992
Argentina,ARG,1995,2.58032E+11,AR,South America,1995-AR,1992
Argentina,ARG,1996,2.7215E+11,AR,South America,1996-AR,1996
Argentina,ARG,1997,2.92859E+11,AR,South America,1997-AR,1996
Argentina,ARG,1998,2.98948E+11,AR,South America,1998-AR,1996
Argentina,ARG,1999,2.83523E+11,AR,South America,1999-AR,1996
Argentina,ARG,2000,2.84204E+11,AR,South America,2000-AR,2000
Argentina,ARG,2001,2.68697E+11,AR,South America,2001-AR,2000
Argentina,ARG,2002,97724004252,AR,South America,2002-AR,2000
Argentina,ARG,2003,127586973492.17664,AR,South America,2003-AR,2000
Argentina,ARG,2004,164657930452.78662,AR,South America,2004-AR,2004
Argentina,ARG,2005,198737095012.28165,AR,South America,2005-AR,2004
Argentina,ARG,2006,232557260817.3077,AR,South America,2006-AR,2004
Argentina,ARG,2007,2.87531E+11,AR,South America,2007-AR,2004
Argentina,ARG,2008,361558037110.41925,AR,South America,2008-AR,2008
Argentina,ARG,2009,332976484577.6189,AR,South America,2009-AR,2008
Argentina,ARG,2010,423627422092.4897,AR,South America,2010-AR,2008
Argentina,ARG,2011,530158122010.44244,AR,South America,2011-AR,2008
Argentina,ARG,2012,5.45982E+11,AR,South America,2012-AR,2012
Argentina,ARG,2013,552025140252.2463,AR,South America,2013-AR,2012
Argentina,ARG,2014,526319673731.6383,AR,South America,2014-AR,2012
Argentina,ARG,2015,594749285413.2124,AR,South America,2015-AR,2012
Argentina,ARG,2016,557532320662.9546,AR,South America,2016-AR,2016
Argentina,ARG,2017,6.43628E+11,AR,South America,2017-AR,2016
Argentina,ARG,2018,524819892360.1758,AR,South America,2018-AR,2016
Argentina,ARG,2019,447754683615.22455,AR,South America,2019-AR,2016
Argentina,ARG,2020,385740508436.9652,AR,South America,2020-AR,2020
Argentina,ARG,2021,487902572164.3484,AR,South America,2021-AR,2020
Argentina,ARG,2022,631133384439.9445,AR,South America,2022-AR,2020
Argentina,ARG,2023,640591410663.8834,AR,South America,2023-AR,2020
Armenia,ARM,1990,2256863448.7708597,AM,Middle East,1990-AM,1988
Armenia,ARM,1991,2069870129.8701298,AM,Middle East,1991-AM,1988
Armenia,ARM,1992,1272835453.426344,AM,Middle East,1992-AM,1992
Armenia,ARM,1993,1201312829.2752385,AM,Middle East,1993-AM,1992
Armenia,ARM,1994,1315158636.6755345,AM,Middle East,1994-AM,1992
Armenia,ARM,1995,1468317435.2014842,AM,Middle East,1995-AM,1992
Armenia,ARM,1996,1596968946.2370784,AM,Middle East,1996-AM,1996
Armenia,ARM,1997,1639492444.7615163,AM,Middle East,1997-AM,1996
Armenia,ARM,1998,1893726437.2646184,AM,Middle East,1998-AM,1996
Armenia,ARM,1999,1845482173.0273242,AM,Middle East,1999-AM,1996
Armenia,ARM,2000,1911563668.8500648,AM,Middle East,2000-AM,2000
Armenia,ARM,2001,2118467913.378734,AM,Middle East,2001-AM,2000
Armenia,ARM,2002,2376335048.399756,AM,Middle East,2002-AM,2000
Armenia,ARM,2003,2807061008.6908445,AM,Middle East,2003-AM,2000
Armenia,ARM,2004,3576615240.4161587,AM,Middle East,2004-AM,2004
Armenia,ARM,2005,4900469511.1019125,AM,Middle East,2005-AM,2004
Armenia,ARM,2006,6384452066.514603,AM,Middle East,2006-AM,2004
Armenia,ARM,2007,9206301269.791636,AM,Middle East,2007-AM,2004
Armenia,ARM,2008,11662040713.875309,AM,Middle East,2008-AM,2008
Armenia,ARM,2009,8647937081.256197,AM,Middle East,2009-AM,2008
Armenia,ARM,2010,9260285755.624237,AM,Middle East,2010-AM,2008
Armenia,ARM,2011,10142111824.583546,AM,Middle East,2011-AM,2008
Armenia,ARM,2012,10619320682.947443,AM,Middle East,2012-AM,2012
Armenia,ARM,2013,11121464437.04153,AM,Middle East,2013-AM,2012
Armenia,ARM,2014,11609513246.795767,AM,Middle East,2014-AM,2012
Armenia,ARM,2015,10553337518,AM,Middle East,2015-AM,2012
Armenia,ARM,2016,10546136235.521862,AM,Middle East,2016-AM,2016
Armenia,ARM,2017,11527458709.015797,AM,Middle East,2017-AM,2016
Armenia,ARM,2018,12457940694.73953,AM,Middle East,2018-AM,2016
Armenia,ARM,2019,13619290539.211607,AM,Middle East,2019-AM,2016
Armenia,ARM,2020,12641698583.215239,AM,Middle East,2020-AM,2020
Armenia,ARM,2021,13878908628.937809,AM,Middle East,2021-AM,2020
Armenia,ARM,2022,19513474648.242935,AM,Middle East,2022-AM,2020
Armenia,ARM,2023,24212134631.064003,AM,Middle East,2023-AM,2020
Aruba,ABW,1986,405586592.17877096,AW,North America,1986-AW,1984
Aruba,ABW,1987,487709497.2067039,AW,North America,1987-AW,1984
Aruba,ABW,1988,596648044.6927375,AW,North America,1988-AW,1988
Aruba,ABW,1989,695530726.2569833,AW,North America,1989-AW,1988
Aruba,ABW,1990,764804469.3,AW,North America,1990-AW,1988
Aruba,ABW,1991,872067039.1061453,AW,North America,1991-AW,1988
Aruba,ABW,1992,958659217.9,AW,North America,1992-AW,1992
Aruba,ABW,1993,1083240223.4636872,AW,North America,1993-AW,1992
Aruba,ABW,1994,1245810055.8659217,AW,North America,1994-AW,1992
Aruba,ABW,1995,1320670391.0614524,AW,North America,1995-AW,1992
Aruba,ABW,1996,1379888268.1564245,AW,North America,1996-AW,1996
Aruba,ABW,1997,1531843575.4189944,AW,North America,1997-AW,1996
Aruba,ABW,1998,1665363128,AW,North America,1998-AW,1996
Aruba,ABW,1999,1722905027.9329607,AW,North America,1999-AW,1996
Aruba,ABW,2000,1873452513.9664805,AW,North America,2000-AW,2000
Aruba,ABW,2001,1896456983.2402234,AW,North America,2001-AW,2000
Aruba,ABW,2002,1961843575.4189944,AW,North America,2002-AW,2000
Aruba,ABW,2003,2044111731.8435755,AW,North America,2003-AW,2000
Aruba,ABW,2004,2254830726.2569833,AW,North America,2004-AW,2004
Aruba,ABW,2005,2360017318.435754,AW,North America,2005-AW,2004
Aruba,ABW,2006,2469782681.5642457,AW,North America,2006-AW,2004
Aruba,ABW,2007,2677641340.782123,AW,North America,2007-AW,2004
Aruba,ABW,2008,2843024581.0055866,AW,North America,2008-AW,2008
Aruba,ABW,2009,2553793296.0893855,AW,North America,2009-AW,2008
Aruba,ABW,2010,2453597206.7039104,AW,North America,2010-AW,2008
Aruba,ABW,2011,2637859217.8770947,AW,North America,2011-AW,2008
Aruba,ABW,2012,2615208379.888268,AW,North America,2012-AW,2012
Aruba,ABW,2013,2727849720.670391,AW,North America,2013-AW,2012
Aruba,ABW,2014,2790849720.670391,AW,North America,2014-AW,2012
Aruba,ABW,2015,2962907262.5698323,AW,North America,2015-AW,2012
Aruba,ABW,2016,2983635195.5307264,AW,North America,2016-AW,2016
Aruba,ABW,2017,3092429050,AW,North America,2017-AW,2016
Aruba,ABW,2018,3276184357.541899,AW,North America,2018-AW,2016
Aruba,ABW,2019,3395798882.6815643,AW,North America,2019-AW,2016
Aruba,ABW,2020,2558906303.8809776,AW,North America,2020-AW,2020
Aruba,ABW,2021,3103184101.5135417,AW,North America,2021-AW,2020
Aruba,ABW,2022,3544707788.0566425,AW,North America,2022-AW,2020
Australia,AUS,1960,18606562977.050076,AU,Oceania,1960-AU,1960
Australia,AUS,1961,19682883149.261303,AU,Oceania,1961-AU,1960
Australia,AUS,1962,19922563187.61011,AU,Oceania,1962-AU,1960
Australia,AUS,1963,21539843446.37495,AU,Oceania,1963-AU,1960
Australia,AUS,1964,23801123808.17981,AU,Oceania,1964-AU,1964
Australia,AUS,1965,25976164156.186264,AU,Oceania,1965-AU,1964
Australia,AUS,1966,27307844369,AU,Oceania,1966-AU,1964
Australia,AUS,1967,30442724870.83598,AU,Oceania,1967-AU,1964
Australia,AUS,1968,32714085234.253635,AU,Oceania,1968-AU,1968
Australia,AUS,1969,36683365869.33854,AU,Oceania,1969-AU,1968
Australia,AUS,1970,41333606613.37706,AU,Oceania,1970-AU,1968
Australia,AUS,1971,45216647234.66356,AU,Oceania,1971-AU,1968
Australia,AUS,1972,52040887850.46729,AU,Oceania,1972-AU,1972
Australia,AUS,1973,63830877642.536835,AU,Oceania,1973-AU,1972
Australia,AUS,1974,88963890935.88799,AU,Oceania,1974-AU,1972
Australia,AUS,1975,97303017888.84338,AU,Oceania,1975-AU,1972
Australia,AUS,1976,105059356494.42485,AU,Oceania,1976-AU,1976
Australia,AUS,1977,110349850883.2301,AU,Oceania,1977-AU,1976
Australia,AUS,1978,118491633469.73026,AU,Oceania,1978-AU,1976
Australia,AUS,1979,134898330114.73361,AU,Oceania,1979-AU,1976
Australia,AUS,1980,149985515320.33426,AU,Oceania,1980-AU,1980
Australia,AUS,1981,176893068617.20654,AU,Oceania,1981-AU,1980
Australia,AUS,1982,194038397881.4962,AU,Oceania,1982-AU,1980
Australia,AUS,1983,177265418961.89316,AU,Oceania,1983-AU,1980
Australia,AUS,1984,193518998163.39618,AU,Oceania,1984-AU,1984
Australia,AUS,1985,180637129503.84717,AU,Oceania,1985-AU,1984
Australia,AUS,1986,182475517627.30835,AU,Oceania,1986-AU,1984
Australia,AUS,1987,189487162519.85178,AU,Oceania,1987-AU,1984
Australia,AUS,1988,236154038684.2917,AU,Oceania,1988-AU,1988
Australia,AUS,1989,299871835376.0419,AU,Oceania,1989-AU,1988
Australia,AUS,1990,311420509067.6277,AU,Oceania,1990-AU,1988
Australia,AUS,1991,325966686052.58057,AU,Oceania,1991-AU,1988
Australia,AUS,1992,325518458076.53326,AU,Oceania,1992-AU,1992
Australia,AUS,1993,312128302417.08826,AU,Oceania,1993-AU,1992
Australia,AUS,1994,322802490487.7205,AU,Oceania,1994-AU,1992
Australia,AUS,1995,368166023166.0232,AU,Oceania,1995-AU,1992
Australia,AUS,1996,401341880620.7279,AU,Oceania,1996-AU,1996
Australia,AUS,1997,435642611296.5858,AU,Oceania,1997-AU,1996
Australia,AUS,1998,399674421759.47906,AU,Oceania,1998-AU,1996
Australia,AUS,1999,389652212056.6487,AU,Oceania,1999-AU,1996
Australia,AUS,2000,416167815092.9082,AU,Oceania,2000-AU,2000
Australia,AUS,2001,379629301675.1082,AU,Oceania,2001-AU,2000
Australia,AUS,2002,395788696012.0592,AU,Oceania,2002-AU,2000
Australia,AUS,2003,4.67739E+11,AU,Oceania,2003-AU,2000
Australia,AUS,2004,614659980082.5154,AU,Oceania,2004-AU,2004
Australia,AUS,2005,695692898676.5597,AU,Oceania,2005-AU,2004
Australia,AUS,2006,748417562769.6357,AU,Oceania,2006-AU,2004
Australia,AUS,2007,855007458585.2241,AU,Oceania,2007-AU,2004
Australia,AUS,2008,1056112427190.3767,AU,Oceania,2008-AU,2008
Australia,AUS,2009,928762122698.0496,AU,Oceania,2009-AU,2008
Australia,AUS,2010,1148890200292.4233,AU,Oceania,2010-AU,2008
Australia,AUS,2011,1398701323029.6284,AU,Oceania,2011-AU,2008
Australia,AUS,2012,1547649835732.891,AU,Oceania,2012-AU,2012
Australia,AUS,2013,1577301840200.0142,AU,Oceania,2013-AU,2012
Australia,AUS,2014,1468597690006.215,AU,Oceania,2014-AU,2012
Australia,AUS,2015,1351768945139.1135,AU,Oceania,2015-AU,2012
Australia,AUS,2016,1207580901578.7236,AU,Oceania,2016-AU,2016
Australia,AUS,2017,1326882104817.0027,AU,Oceania,2017-AU,2016
Australia,AUS,2018,1429733668185.9053,AU,Oceania,2018-AU,2016
Australia,AUS,2019,1394671325960.568,AU,Oceania,2019-AU,2016
Australia,AUS,2020,1330381544909.3044,AU,Oceania,2020-AU,2020
Australia,AUS,2021,1559033756285.1294,AU,Oceania,2021-AU,2020
Australia,AUS,2022,1692956646855.7017,AU,Oceania,2022-AU,2020
Australia,AUS,2023,1723827215334.7063,AU,Oceania,2023-AU,2020
Austria,AUT,1960,6650133914.547951,AT,Europe,1960-AT,1960
Austria,AUT,1961,7375454614.280467,AT,Europe,1961-AT,1960
Austria,AUT,1962,7823686765.350787,AT,Europe,1962-AT,1960
Austria,AUT,1963,8447136819.8396635,AT,Europe,1963-AT,1960
Austria,AUT,1964,9249879078.757586,AT,Europe,1964-AT,1964
Austria,AUT,1965,10081145818.076052,AT,Europe,1965-AT,1964
Austria,AUT,1966,10982543233.368248,AT,Europe,1966-AT,1964
Austria,AUT,1967,11680319624.672781,AT,Europe,1967-AT,1964
Austria,AUT,1968,12549016578.695044,AT,Europe,1968-AT,1968
Austria,AUT,1969,13701141219.245857,AT,Europe,1969-AT,1968
Austria,AUT,1970,15373005557.02567,AT,Europe,1970-AT,1968
Austria,AUT,1971,17858486066.747437,AT,Europe,1971-AT,1968
Austria,AUT,1972,22059612476.93315,AT,Europe,1972-AT,1972
Austria,AUT,1973,29515467706.79598,AT,Europe,1973-AT,1972
Austria,AUT,1974,35189299911.660774,AT,Europe,1974-AT,1972
Austria,AUT,1975,40059206763.056015,AT,Europe,1975-AT,1972
Austria,AUT,1976,42959976221.52335,AT,Europe,1976-AT,1976
Austria,AUT,1977,51545758887.68629,AT,Europe,1977-AT,1976
Austria,AUT,1978,62052259073.24932,AT,Europe,1978-AT,1976
Austria,AUT,1979,73937296963.45857,AT,Europe,1979-AT,1976
Austria,AUT,1980,82058912997.23463,AT,Europe,1980-AT,1980
Austria,AUT,1981,71034228443.06204,AT,Europe,1981-AT,1980
Austria,AUT,1982,71275287569.57329,AT,Europe,1982-AT,1980
Austria,AUT,1983,72121016546.65237,AT,Europe,1983-AT,1980
Austria,AUT,1984,67985344886.871605,AT,Europe,1984-AT,1984
Austria,AUT,1985,69386774408.08725,AT,Europe,1985-AT,1984
Austria,AUT,1986,99036164939.16179,AT,Europe,1986-AT,1984
Austria,AUT,1987,124168442533.73967,AT,Europe,1987-AT,1984
Austria,AUT,1988,133339397080.12927,AT,Europe,1988-AT,1988
Austria,AUT,1989,133105805512.22049,AT,Europe,1989-AT,1988
Austria,AUT,1990,166463386179.35373,AT,Europe,1990-AT,1988
Austria,AUT,1991,173794177961.10782,AT,Europe,1991-AT,1988
Austria,AUT,1992,195078126721.7631,AT,Europe,1992-AT,1992
Austria,AUT,1993,190379720809.18018,AT,Europe,1993-AT,1992
Austria,AUT,1994,203535242741.83835,AT,Europe,1994-AT,1992
Austria,AUT,1995,241038283062.64502,AT,Europe,1995-AT,1992
Austria,AUT,1996,237250948791.26593,AT,Europe,1996-AT,1996
Austria,AUT,1997,212790348404.55518,AT,Europe,1997-AT,1996
Austria,AUT,1998,218259904401.95642,AT,Europe,1998-AT,1996
Austria,AUT,1999,217259147049.95413,AT,Europe,1999-AT,1996
Austria,AUT,2000,197289625479.9063,AT,Europe,2000-AT,2000
Austria,AUT,2001,197508773215.3231,AT,Europe,2001-AT,2000
Austria,AUT,2002,214394866675.2396,AT,Europe,2002-AT,2000
Austria,AUT,2003,262273631180.05435,AT,Europe,2003-AT,2000
Austria,AUT,2004,301457562038.5413,AT,Europe,2004-AT,2004
Austria,AUT,2005,316092273276.01544,AT,Europe,2005-AT,2004
Austria,AUT,2006,336280064332.4113,AT,Europe,2006-AT,2004
Austria,AUT,2007,389185571506.05225,AT,Europe,2007-AT,2004
Austria,AUT,2008,432051935642.9452,AT,Europe,2008-AT,2008
Austria,AUT,2009,401758735822.2107,AT,Europe,2009-AT,2008
Austria,AUT,2010,392275107258.6674,AT,Europe,2010-AT,2008
Austria,AUT,2011,431685217367.51056,AT,Europe,2011-AT,2008
Austria,AUT,2012,409401816050.5313,AT,Europe,2012-AT,2012
Austria,AUT,2013,4.30191E+11,AT,Europe,2013-AT,2012
Austria,AUT,2014,442584815286.03375,AT,Europe,2014-AT,2012
Austria,AUT,2015,381971148530.5428,AT,Europe,2015-AT,2012
Austria,AUT,2016,3.95837E+11,AT,Europe,2016-AT,2016
Austria,AUT,2017,417261151844.9772,AT,Europe,2017-AT,2016
Austria,AUT,2018,454991174096.1016,AT,Europe,2018-AT,2016
Austria,AUT,2019,444596155845.2542,AT,Europe,2019-AT,2016
Austria,AUT,2020,435049316955.73663,AT,Europe,2020-AT,2020
Austria,AUT,2021,479295362747.0466,AT,Europe,2021-AT,2020
Austria,AUT,2022,470941926750.74115,AT,Europe,2022-AT,2020
Austria,AUT,2023,516034144115.9503,AT,Europe,2023-AT,2020
Azerbaijan,AZE,1990,8884848484.848484,AZ,Middle East,1990-AZ,1988
Azerbaijan,AZE,1991,5344000000,AZ,Middle East,1991-AZ,1988
Azerbaijan,AZE,1992,444658671.5867158,AZ,Middle East,1992-AZ,1992
Azerbaijan,AZE,1993,1570392598.1495376,AZ,Middle East,1993-AZ,1992
Azerbaijan,AZE,1994,1193141110.3504274,AZ,Middle East,1994-AZ,1992
Azerbaijan,AZE,1995,2417331192.9526043,AZ,Middle East,1995-AZ,1992
Azerbaijan,AZE,1996,3176507376.3183618,AZ,Middle East,1996-AZ,1996
Azerbaijan,AZE,1997,3962362387.479221,AZ,Middle East,1997-AZ,1996
Azerbaijan,AZE,1998,4446368570.690101,AZ,Middle East,1998-AZ,1996
Azerbaijan,AZE,1999,4581248566.501584,AZ,Middle East,1999-AZ,1996
Azerbaijan,AZE,2000,5272615722.968918,AZ,Middle East,2000-AZ,2000
Azerbaijan,AZE,2001,5707616203.720108,AZ,Middle East,2001-AZ,2000
Azerbaijan,AZE,2002,6236087738.282841,AZ,Middle East,2002-AZ,2000
Azerbaijan,AZE,2003,7276413079.114511,AZ,Middle East,2003-AZ,2000
Azerbaijan,AZE,2004,8680405740.941248,AZ,Middle East,2004-AZ,2004
Azerbaijan,AZE,2005,13245421880.834042,AZ,Middle East,2005-AZ,2004
Azerbaijan,AZE,2006,20981929497.618767,AZ,Middle East,2006-AZ,2004
Azerbaijan,AZE,2007,33049419431.224392,AZ,Middle East,2007-AZ,2004
Azerbaijan,AZE,2008,48851293785.44826,AZ,Middle East,2008-AZ,2008
Azerbaijan,AZE,2009,44292427184.94917,AZ,Middle East,2009-AZ,2008
Azerbaijan,AZE,2010,52909294791.92624,AZ,Middle East,2010-AZ,2008
Azerbaijan,AZE,2011,65952796427.94731,AZ,Middle East,2011-AZ,2008
Azerbaijan,AZE,2012,69679944504.19719,AZ,Middle East,2012-AZ,2012
Azerbaijan,AZE,2013,74160560123.69016,AZ,Middle East,2013-AZ,2012
Azerbaijan,AZE,2014,75239785452.10219,AZ,Middle East,2014-AZ,2012
Azerbaijan,AZE,2015,53076235354.74602,AZ,Middle East,2015-AZ,2012
Azerbaijan,AZE,2016,37866996882.915695,AZ,Middle East,2016-AZ,2016
Azerbaijan,AZE,2017,40866627351.98167,AZ,Middle East,2017-AZ,2016
Azerbaijan,AZE,2018,47112470051.77007,AZ,Middle East,2018-AZ,2016
Azerbaijan,AZE,2019,48174235294.117645,AZ,Middle East,2019-AZ,2016
Azerbaijan,AZE,2020,42693000000,AZ,Middle East,2020-AZ,2020
Azerbaijan,AZE,2021,54825411764.70589,AZ,Middle East,2021-AZ,2020
Azerbaijan,AZE,2022,78807470588,AZ,Middle East,2022-AZ,2020
Azerbaijan,AZE,2023,72356176470.58824,AZ,Middle East,2023-AZ,2020
"Bahamas, The",BHS,1960,169803921.56862745,BS,North America,1960-BS,1960
"Bahamas, The",BHS,1961,190098039.21568626,BS,North America,1961-BS,1960
"Bahamas, The",BHS,1962,212254901.96078432,BS,North America,1962-BS,1960
"Bahamas, The",BHS,1963,237745098.03921568,BS,North America,1963-BS,1960
"Bahamas, The",BHS,1964,266666666.66666666,BS,North America,1964-BS,1964
"Bahamas, The",BHS,1965,300392156.8627451,BS,North America,1965-BS,1964
"Bahamas, The",BHS,1966,340000000,BS,North America,1966-BS,1964
"Bahamas, The",BHS,1967,390196078.4313725,BS,North America,1967-BS,1964
"Bahamas, The",BHS,1968,444901960.78431374,BS,North America,1968-BS,1968
"Bahamas, The",BHS,1969,528137254.9019608,BS,North America,1969-BS,1968
"Bahamas, The",BHS,1970,538423153.6926148,BS,North America,1970-BS,1968
"Bahamas, The",BHS,1971,573400000,BS,North America,1971-BS,1968
"Bahamas, The",BHS,1972,590900000,BS,North America,1972-BS,1972
"Bahamas, The",BHS,1973,670900000,BS,North America,1973-BS,1972
"Bahamas, The",BHS,1974,632400000,BS,North America,1974-BS,1972
"Bahamas, The",BHS,1975,596200000,BS,North America,1975-BS,1972
"Bahamas, The",BHS,1976,642100000,BS,North America,1976-BS,1976
"Bahamas, The",BHS,1977,713000000,BS,North America,1977-BS,1976
"Bahamas, The",BHS,1978,832400000,BS,North America,1978-BS,1976
"Bahamas, The",BHS,1979,1139800100,BS,North America,1979-BS,1976
"Bahamas, The",BHS,1980,1335300000,BS,North America,1980-BS,1980
"Bahamas, The",BHS,1981,1426500000,BS,North America,1981-BS,1980
"Bahamas, The",BHS,1982,1578300000,BS,North America,1982-BS,1980
"Bahamas, The",BHS,1983,1732800000,BS,North America,1983-BS,1980
"Bahamas, The",BHS,1984,2041100000,BS,North America,1984-BS,1984
"Bahamas, The",BHS,1985,2320699900,BS,North America,1985-BS,1984
"Bahamas, The",BHS,1986,2472500000,BS,North America,1986-BS,1984
"Bahamas, The",BHS,1987,2713999900,BS,North America,1987-BS,1984
"Bahamas, The",BHS,1988,2817900000,BS,North America,1988-BS,1988
"Bahamas, The",BHS,1989,3062000000,BS,North America,1989-BS,1988
"Bahamas, The",BHS,1990,3166000000,BS,North America,1990-BS,1988
"Bahamas, The",BHS,1991,3111160000,BS,North America,1991-BS,1988
"Bahamas, The",BHS,1992,3109000000,BS,North America,1992-BS,1992
"Bahamas, The",BHS,1993,3092000000,BS,North America,1993-BS,1992
"Bahamas, The",BHS,1994,3259000000,BS,North America,1994-BS,1992
"Bahamas, The",BHS,1995,3429000000,BS,North America,1995-BS,1992
"Bahamas, The",BHS,1996,3609000000,BS,North America,1996-BS,1996
"Bahamas, The",BHS,1997,6332360000,BS,North America,1997-BS,1996
"Bahamas, The",BHS,1998,6833220000,BS,North America,1998-BS,1996
"Bahamas, The",BHS,1999,7683870000,BS,North America,1999-BS,1996
"Bahamas, The",BHS,2000,8076470000,BS,North America,2000-BS,2000
"Bahamas, The",BHS,2001,8317830000,BS,North America,2001-BS,2000
"Bahamas, The",BHS,2002,8881160000,BS,North America,2002-BS,2000
"Bahamas, The",BHS,2003,8870090000,BS,North America,2003-BS,2000
"Bahamas, The",BHS,2004,9055290000,BS,North America,2004-BS,2004
"Bahamas, The",BHS,2005,9836200000,BS,North America,2005-BS,2004
"Bahamas, The",BHS,2006,10167250000,BS,North America,2006-BS,2004
"Bahamas, The",BHS,2007,10618340000,BS,North America,2007-BS,2004
"Bahamas, The",BHS,2008,10526000000,BS,North America,2008-BS,2008
"Bahamas, The",BHS,2009,9981960000,BS,North America,2009-BS,2008
"Bahamas, The",BHS,2010,10095760000,BS,North America,2010-BS,2008
"Bahamas, The",BHS,2011,10070450000,BS,North America,2011-BS,2008
"Bahamas, The",BHS,2012,10720500000,BS,North America,2012-BS,2012
"Bahamas, The",BHS,2013,10395800000,BS,North America,2013-BS,2012
"Bahamas, The",BHS,2014,10974100000,BS,North America,2014-BS,2012
"Bahamas, The",BHS,2015,11671900000,BS,North America,2015-BS,2012
"Bahamas, The",BHS,2016,11745100000,BS,North America,2016-BS,2016
"Bahamas, The",BHS,2017,12236700000,BS,North America,2017-BS,2016
"Bahamas, The",BHS,2018,12615800000,BS,North America,2018-BS,2016
"Bahamas, The",BHS,2019,13016200000,BS,North America,2019-BS,2016
"Bahamas, The",BHS,2020,9958200000,BS,North America,2020-BS,2020
"Bahamas, The",BHS,2021,11368900000,BS,North America,2021-BS,2020
"Bahamas, The",BHS,2022,13136400000,BS,North America,2022-BS,2020
"Bahamas, The",BHS,2023,14338500000,BS,North America,2023-BS,2020
Bahrain,BHR,1970,391577364.8,BH,Middle East,1970-BH,1968
Bahrain,BHR,1971,422181562.09902996,BH,Middle East,1971-BH,1968
Bahrain,BHR,1972,534081183.55381244,BH,Middle East,1972-BH,1972
Bahrain,BHR,1973,761132544.6077071,BH,Middle East,1973-BH,1972
Bahrain,BHR,1974,1042176882.5478998,BH,Middle East,1974-BH,1972
Bahrain,BHR,1975,1099107600.2596838,BH,Middle East,1975-BH,1972
Bahrain,BHR,1976,1581709519.2985678,BH,Middle East,1976-BH,1976
Bahrain,BHR,1977,1989060283.1105785,BH,Middle East,1977-BH,1976
Bahrain,BHR,1978,2272042966.4425054,BH,Middle East,1978-BH,1976
Bahrain,BHR,1979,2710160740.2835913,BH,Middle East,1979-BH,1976
Bahrain,BHR,1980,3493834466.8394265,BH,Middle East,1980-BH,1980
Bahrain,BHR,1981,3943109531.7956114,BH,Middle East,1981-BH,1980
Bahrain,BHR,1982,4145421079.9796276,BH,Middle East,1982-BH,1980
Bahrain,BHR,1983,4247030467.408351,BH,Middle East,1983-BH,1980
Bahrain,BHR,1984,4440874566.639973,BH,Middle East,1984-BH,1984
Bahrain,BHR,1985,4152376484.4762235,BH,Middle East,1985-BH,1984
Bahrain,BHR,1986,3470746843.808431,BH,Middle East,1986-BH,1984
Bahrain,BHR,1987,3856922695.406995,BH,Middle East,1987-BH,1984
Bahrain,BHR,1988,4209834173.796064,BH,Middle East,1988-BH,1988
Bahrain,BHR,1989,4393093961.837181,BH,Middle East,1989-BH,1988
Bahrain,BHR,1990,4809511004.960319,BH,Middle East,1990-BH,1988
Bahrain,BHR,1991,5248911170.212766,BH,Middle East,1991-BH,1988
Bahrain,BHR,1992,5402232446.808511,BH,Middle East,1992-BH,1992
Bahrain,BHR,1993,5913001063.829787,BH,Middle East,1993-BH,1992
Bahrain,BHR,1994,6330627925.531915,BH,Middle East,1994-BH,1992
Bahrain,BHR,1995,6651180851.063829,BH,Middle East,1995-BH,1992
Bahrain,BHR,1996,6938166755.319149,BH,Middle East,1996-BH,1996
Bahrain,BHR,1997,7219407712.765958,BH,Middle East,1997-BH,1996
Bahrain,BHR,1998,7031309042.553191,BH,Middle East,1998-BH,1996
Bahrain,BHR,1999,7528469148.936171,BH,Middle East,1999-BH,1996
Bahrain,BHR,2000,9062898936.170212,BH,Middle East,2000-BH,2000
Bahrain,BHR,2001,8976196809,BH,Middle East,2001-BH,2000
Bahrain,BHR,2002,9593510638.297873,BH,Middle East,2002-BH,2000
Bahrain,BHR,2003,11074813829.787233,BH,Middle East,2003-BH,2000
Bahrain,BHR,2004,13150159574.468084,BH,Middle East,2004-BH,2004
Bahrain,BHR,2005,15968723404.25532,BH,Middle East,2005-BH,2004
Bahrain,BHR,2006,18504760638.29787,BH,Middle East,2006-BH,2004
Bahrain,BHR,2007,21730000000,BH,Middle East,2007-BH,2004
Bahrain,BHR,2008,25710904255.31915,BH,Middle East,2008-BH,2008
Bahrain,BHR,2009,22938218085.106384,BH,Middle East,2009-BH,2008
Bahrain,BHR,2010,25713271276.595745,BH,Middle East,2010-BH,2008
Bahrain,BHR,2011,28776595744.68085,BH,Middle East,2011-BH,2008
Bahrain,BHR,2012,30749308510.638298,BH,Middle East,2012-BH,2012
Bahrain,BHR,2013,32539468085.106384,BH,Middle East,2013-BH,2012
Bahrain,BHR,2014,33387712765.957447,BH,Middle East,2014-BH,2012
Bahrain,BHR,2015,31125851063.82979,BH,Middle East,2015-BH,2012
Bahrain,BHR,2016,32250132978.723404,BH,Middle East,2016-BH,2016
Bahrain,BHR,2017,35423643617.02128,BH,Middle East,2017-BH,2016
Bahrain,BHR,2018,37802005319.14893,BH,Middle East,2018-BH,2016
Bahrain,BHR,2019,38653318085.106384,BH,Middle East,2019-BH,2016
Bahrain,BHR,2020,34621807712.76596,BH,Middle East,2020-BH,2020
Bahrain,BHR,2021,39288670212.76596,BH,Middle East,2021-BH,2020
Bahrain,BHR,2022,44383297872.34042,BH,Middle East,2022-BH,2020
Bahrain,BHR,2023,43205000000,BH,Middle East,2023-BH,2020
Bangladesh,BGD,1960,4274894083.3333335,BD,Asia,1960-BD,1960
Bangladesh,BGD,1961,4817580375,BD,Asia,1961-BD,1960
Bangladesh,BGD,1962,5081413541.666667,BD,Asia,1962-BD,1960
Bangladesh,BGD,1963,5319458563,BD,Asia,1963-BD,1960
Bangladesh,BGD,1964,5386054833.333334,BD,Asia,1964-BD,1964
Bangladesh,BGD,1965,5906636791.666667,BD,Asia,1965-BD,1964
Bangladesh,BGD,1966,6439687854.166667,BD,Asia,1966-BD,1964
Bangladesh,BGD,1967,7253575688,BD,Asia,1967-BD,1964
Bangladesh,BGD,1968,7483685770.833334,BD,Asia,1968-BD,1968
Bangladesh,BGD,1969,8471006438,BD,Asia,1969-BD,1968
Bangladesh,BGD,1970,8992722166.666668,BD,Asia,1970-BD,1968
Bangladesh,BGD,1971,8751843188,BD,Asia,1971-BD,1968
Bangladesh,BGD,1972,6288245866.666667,BD,Asia,1972-BD,1972
Bangladesh,BGD,1973,8086725729.340702,BD,Asia,1973-BD,1972
Bangladesh,BGD,1974,12512460519.708761,BD,Asia,1974-BD,1972
Bangladesh,BGD,1975,19448348073.456512,BD,Asia,1975-BD,1972
Bangladesh,BGD,1976,10117113333.333334,BD,Asia,1976-BD,1976
Bangladesh,BGD,1977,9651149301.874596,BD,Asia,1977-BD,1976
Bangladesh,BGD,1978,13281767142.857143,BD,Asia,1978-BD,1976
Bangladesh,BGD,1979,15565480321.944809,BD,Asia,1979-BD,1976
Bangladesh,BGD,1980,18138049095.607235,BD,Asia,1980-BD,1980
Bangladesh,BGD,1981,20249694002.44798,BD,Asia,1981-BD,1980
Bangladesh,BGD,1982,18525399201.596806,BD,Asia,1982-BD,1980
Bangladesh,BGD,1983,17609048821.54882,BD,Asia,1983-BD,1980
Bangladesh,BGD,1984,18920840000,BD,Asia,1984-BD,1984
Bangladesh,BGD,1985,22278423076.923077,BD,Asia,1985-BD,1984
Bangladesh,BGD,1986,21774033333.333332,BD,Asia,1986-BD,1984
Bangladesh,BGD,1987,24298032258.064518,BD,Asia,1987-BD,1984
Bangladesh,BGD,1988,26579005558.365208,BD,Asia,1988-BD,1988
Bangladesh,BGD,1989,28781715188.891914,BD,Asia,1989-BD,1988
Bangladesh,BGD,1990,31598340778.216366,BD,Asia,1990-BD,1988
Bangladesh,BGD,1991,30957483949.57983,BD,Asia,1991-BD,1988
Bangladesh,BGD,1992,31708874594.164455,BD,Asia,1992-BD,1992
Bangladesh,BGD,1993,33166519417.98942,BD,Asia,1993-BD,1992
Bangladesh,BGD,1994,33768660882.793015,BD,Asia,1994-BD,1992
Bangladesh,BGD,1995,37939748768.656715,BD,Asia,1995-BD,1992
Bangladesh,BGD,1996,46438484107.57946,BD,Asia,1996-BD,1996
Bangladesh,BGD,1997,48244309133.489456,BD,Asia,1997-BD,1996
Bangladesh,BGD,1998,49984559471.36564,BD,Asia,1998-BD,1996
Bangladesh,BGD,1999,51270569883.52746,BD,Asia,1999-BD,1996
Bangladesh,BGD,2000,53369787318.62453,BD,Asia,2000-BD,2000
Bangladesh,BGD,2001,53991289844.32913,BD,Asia,2001-BD,2000
Bangladesh,BGD,2002,54724081490.510185,BD,Asia,2002-BD,2000
Bangladesh,BGD,2003,60158929188.255615,BD,Asia,2003-BD,2000
Bangladesh,BGD,2004,65108544250.04247,BD,Asia,2004-BD,2004
Bangladesh,BGD,2005,69476001429.86258,BD,Asia,2005-BD,2004
Bangladesh,BGD,2006,71795735672.01486,BD,Asia,2006-BD,2004
Bangladesh,BGD,2007,79611644984.35574,BD,Asia,2007-BD,2004
Bangladesh,BGD,2008,91636997445.24236,BD,Asia,2008-BD,2008
Bangladesh,BGD,2009,102475158462.5109,BD,Asia,2009-BD,2008
Bangladesh,BGD,2010,115275540861.35988,BD,Asia,2010-BD,2008
Bangladesh,BGD,2011,128607482927.46777,BD,Asia,2011-BD,2008
Bangladesh,BGD,2012,133310747047.52785,BD,Asia,2012-BD,2012
Bangladesh,BGD,2013,149998957327.0292,BD,Asia,2013-BD,2012
Bangladesh,BGD,2014,172886611131.25522,BD,Asia,2014-BD,2012
Bangladesh,BGD,2015,195146607942.29083,BD,Asia,2015-BD,2012
Bangladesh,BGD,2016,265224514652.99173,BD,Asia,2016-BD,2016
Bangladesh,BGD,2017,293732447017.3276,BD,Asia,2017-BD,2016
Bangladesh,BGD,2018,321362751137.57434,BD,Asia,2018-BD,2016
Bangladesh,BGD,2019,351231655150.82745,BD,Asia,2019-BD,2016
Bangladesh,BGD,2020,373979442653.34265,BD,Asia,2020-BD,2020
Bangladesh,BGD,2021,416271647002.4352,BD,Asia,2021-BD,2020
Bangladesh,BGD,2022,460131688909.3012,BD,Asia,2022-BD,2020
Bangladesh,BGD,2023,437415331040.9943,BD,Asia,2023-BD,2020
Barbados,BRB,1960,80021380.29,BB,North America,1960-BB,1960
Barbados,BRB,1961,85363261.48789419,BB,North America,1961-BB,1960
Barbados,BRB,1962,88782065.45,BB,North America,1962-BB,1960
Barbados,BRB,1963,99893178.33689786,BB,North America,1963-BB,1960
Barbados,BRB,1964,99252152.59355949,BB,North America,1964-BB,1964
Barbados,BRB,1965,105021384.28360496,BB,North America,1965-BB,1964
Barbados,BRB,1966,113194462.51116899,BB,North America,1966-BB,1964
Barbados,BRB,1967,125553936.24222255,BB,North America,1967-BB,1964
Barbados,BRB,1968,125733668.6,BB,North America,1968-BB,1968
Barbados,BRB,1969,141393142.2,BB,North America,1969-BB,1968
Barbados,BRB,1970,166210202.81050453,BB,North America,1970-BB,1968
Barbados,BRB,1971,186824232.9,BB,North America,1971-BB,1968
Barbados,BRB,1972,213723103.1165341,BB,North America,1972-BB,1972
Barbados,BRB,1973,260770622.81761944,BB,North America,1973-BB,1972
Barbados,BRB,1974,311809337.4732126,BB,North America,1974-BB,1972
Barbados,BRB,1975,402178605.01955354,BB,North America,1975-BB,1972
Barbados,BRB,1976,435911268.5896796,BB,North America,1976-BB,1976
Barbados,BRB,1977,495097667.9290412,BB,North America,1977-BB,1976
Barbados,BRB,1978,552883707.0551385,BB,North America,1978-BB,1976
Barbados,BRB,1979,670362452.1453787,BB,North America,1979-BB,1976
Barbados,BRB,1980,1012280614.5279174,BB,North America,1980-BB,1980
Barbados,BRB,1981,1114204743.2009149,BB,North America,1981-BB,1980
Barbados,BRB,1982,1163923830.3584747,BB,North America,1982-BB,1980
Barbados,BRB,1983,1236016506.7369363,BB,North America,1983-BB,1980
Barbados,BRB,1984,1346890071.0982947,BB,North America,1984-BB,1984
Barbados,BRB,1985,1409536121,BB,North America,1985-BB,1984
Barbados,BRB,1986,1547755183.2148364,BB,North America,1986-BB,1984
Barbados,BRB,1987,1704370307.7611496,BB,North America,1987-BB,1984
Barbados,BRB,1988,1812757918,BB,North America,1988-BB,1988
Barbados,BRB,1989,2006165166.8075376,BB,North America,1989-BB,1988
Barbados,BRB,1990,2012131457.2664447,BB,North America,1990-BB,1988
Barbados,BRB,1991,2020583702.0832298,BB,North America,1991-BB,1988
Barbados,BRB,1992,1957000000,BB,North America,1992-BB,1992
Barbados,BRB,1993,2063342117.0387313,BB,North America,1993-BB,1992
Barbados,BRB,1994,2151344901.307612,BB,North America,1994-BB,1992
Barbados,BRB,1995,2216974096.3555913,BB,North America,1995-BB,1992
Barbados,BRB,1996,2363645403.470392,BB,North America,1996-BB,1996
Barbados,BRB,1997,2498384129.6673794,BB,North America,1997-BB,1996
Barbados,BRB,1998,2817083478.3473377,BB,North America,1998-BB,1996
Barbados,BRB,1999,2951822204.544325,BB,North America,1999-BB,1996
Barbados,BRB,2000,3059500000,BB,North America,2000-BB,2000
Barbados,BRB,2001,3054500000,BB,North America,2001-BB,2000
Barbados,BRB,2002,3106500000,BB,North America,2002-BB,2000
Barbados,BRB,2003,3209500000,BB,North America,2003-BB,2000
Barbados,BRB,2004,3444500000,BB,North America,2004-BB,2004
Barbados,BRB,2005,3819500000,BB,North America,2005-BB,2004
Barbados,BRB,2006,4217323400,BB,North America,2006-BB,2004
Barbados,BRB,2007,4675767950,BB,North America,2007-BB,2004
Barbados,BRB,2008,4790410400,BB,North America,2008-BB,2008
Barbados,BRB,2009,4466809600,BB,North America,2009-BB,2008
Barbados,BRB,2010,4534772750,BB,North America,2010-BB,2008
Barbados,BRB,2011,4662343500,BB,North America,2011-BB,2008
Barbados,BRB,2012,4622687600,BB,North America,2012-BB,2012
Barbados,BRB,2013,4693452700,BB,North America,2013-BB,2012
Barbados,BRB,2014,4711838650,BB,North America,2014-BB,2012
Barbados,BRB,2015,4738650450,BB,North America,2015-BB,2012
Barbados,BRB,2016,4848210350,BB,North America,2016-BB,2016
Barbados,BRB,2017,5000457800,BB,North America,2017-BB,2016
Barbados,BRB,2018,5128345200,BB,North America,2018-BB,2016
Barbados,BRB,2019,5367139250,BB,North America,2019-BB,2016
Barbados,BRB,2020,4779756550,BB,North America,2020-BB,2020
Barbados,BRB,2021,4945276000,BB,North America,2021-BB,2020
Barbados,BRB,2022,5840673700,BB,North America,2022-BB,2020
Barbados,BRB,2023,6393564190,BB,North America,2023-BB,2020
Belarus,BLR,1992,9200000000,BY,Europe,1992-BY,1992
Belarus,BLR,1993,16416666666.666666,BY,Europe,1993-BY,1992
Belarus,BLR,1994,14952100840.336134,BY,Europe,1994-BY,1992
Belarus,BLR,1995,13970425776.75489,BY,Europe,1995-BY,1992
Belarus,BLR,1996,14756846153.846155,BY,Europe,1996-BY,1996
Belarus,BLR,1997,14130585516.178738,BY,Europe,1997-BY,1996
Belarus,BLR,1998,15221352698.894428,BY,Europe,1998-BY,1996
Belarus,BLR,1999,12138243080.625751,BY,Europe,1999-BY,1996
Belarus,BLR,2000,12736780455.15395,BY,Europe,2000-BY,2000
Belarus,BLR,2001,12354820143.884892,BY,Europe,2001-BY,2000
Belarus,BLR,2002,14594900944.765818,BY,Europe,2002-BY,2000
Belarus,BLR,2003,17825444724.487755,BY,Europe,2003-BY,2000
Belarus,BLR,2004,23141566292.94622,BY,Europe,2004-BY,2004
Belarus,BLR,2005,30210091836.82945,BY,Europe,2005-BY,2004
Belarus,BLR,2006,36961894281.34442,BY,Europe,2006-BY,2004
Belarus,BLR,2007,45275711995.82495,BY,Europe,2007-BY,2004
Belarus,BLR,2008,60752106347.12601,BY,Europe,2008-BY,2008
Belarus,BLR,2009,50873167326.04142,BY,Europe,2009-BY,2008
Belarus,BLR,2010,57231904542.87547,BY,Europe,2010-BY,2008
Belarus,BLR,2011,61762382327.93193,BY,Europe,2011-BY,2008
Belarus,BLR,2012,65685890438.89215,BY,Europe,2012-BY,2012
Belarus,BLR,2013,75527558966.44727,BY,Europe,2013-BY,2012
Belarus,BLR,2014,78812805039.07434,BY,Europe,2014-BY,2012
Belarus,BLR,2015,56454889146.60878,BY,Europe,2015-BY,2012
Belarus,BLR,2016,47723545321.25899,BY,Europe,2016-BY,2016
Belarus,BLR,2017,54725302249.808784,BY,Europe,2017-BY,2016
Belarus,BLR,2018,60031173807.719635,BY,Europe,2018-BY,2016
Belarus,BLR,2019,64410122847,BY,Europe,2019-BY,2016
Belarus,BLR,2020,61371755326,BY,Europe,2020-BY,2020
Belarus,BLR,2021,69673747131.86996,BY,Europe,2021-BY,2020
Belarus,BLR,2022,73775179924.60303,BY,Europe,2022-BY,2020
Belarus,BLR,2023,71857382746,BY,Europe,2023-BY,2020
Belgium,BEL,1960,11810619368.387356,BE,Europe,1960-BE,1960
Belgium,BEL,1961,12561701694.331919,BE,Europe,1961-BE,1960
Belgium,BEL,1962,13436827166.51867,BE,Europe,1962-BE,1960
Belgium,BEL,1963,14445805381.387213,BE,Europe,1963-BE,1960
Belgium,BEL,1964,16168044450.25225,BE,Europe,1964-BE,1964
Belgium,BEL,1965,17597783297.458344,BE,Europe,1965-BE,1964
Belgium,BEL,1966,18894891312.297703,BE,Europe,1966-BE,1964
Belgium,BEL,1967,20252508995.474495,BE,Europe,1967-BE,1964
Belgium,BEL,1968,21654856965.428123,BE,Europe,1968-BE,1968
Belgium,BEL,1969,24019653474.99587,BE,Europe,1969-BE,1968
Belgium,BEL,1970,26706196046.79306,BE,Europe,1970-BE,1968
Belgium,BEL,1971,29821661869.912014,BE,Europe,1971-BE,1968
Belgium,BEL,1972,37209418018.51343,BE,Europe,1972-BE,1972
Belgium,BEL,1973,47743801490.374664,BE,Europe,1973-BE,1972
Belgium,BEL,1974,56033077879.03894,BE,Europe,1974-BE,1972
Belgium,BEL,1975,65678189097.29078,BE,Europe,1975-BE,1972
Belgium,BEL,1976,71113882967.60712,BE,Europe,1976-BE,1976
Belgium,BEL,1977,82839905458.63815,BE,Europe,1977-BE,1976
Belgium,BEL,1978,101246526194.44089,BE,Europe,1978-BE,1976
Belgium,BEL,1979,1.16315E+11,BE,Europe,1979-BE,1976
Belgium,BEL,1980,126829314388.19148,BE,Europe,1980-BE,1980
Belgium,BEL,1981,104730018470.23033,BE,Europe,1981-BE,1980
Belgium,BEL,1982,92095926187.53311,BE,Europe,1982-BE,1980
Belgium,BEL,1983,87184239053.25444,BE,Europe,1983-BE,1980
Belgium,BEL,1984,83349530159.17342,BE,Europe,1984-BE,1984
Belgium,BEL,1985,86268264148.37964,BE,Europe,1985-BE,1984
Belgium,BEL,1986,120018787249.41304,BE,Europe,1986-BE,1984
Belgium,BEL,1987,149394404105.8887,BE,Europe,1987-BE,1984
Belgium,BEL,1988,162299103675.26056,BE,Europe,1988-BE,1988
Belgium,BEL,1989,164221056511.05652,BE,Europe,1989-BE,1988
Belgium,BEL,1990,205331747947.8513,BE,Europe,1990-BE,1988
Belgium,BEL,1991,210510999409.33255,BE,Europe,1991-BE,1988
Belgium,BEL,1992,234781652446.67502,BE,Europe,1992-BE,1992
Belgium,BEL,1993,224721795708.95523,BE,Europe,1993-BE,1992
Belgium,BEL,1994,244884129491.19846,BE,Europe,1994-BE,1992
Belgium,BEL,1995,288025588396.2781,BE,Europe,1995-BE,1992
Belgium,BEL,1996,279201433224.75574,BE,Europe,1996-BE,1996
Belgium,BEL,1997,252708051420.83896,BE,Europe,1997-BE,1996
Belgium,BEL,1998,258528339631.0291,BE,Europe,1998-BE,1996
Belgium,BEL,1999,258245733221.46774,BE,Europe,1999-BE,1996
Belgium,BEL,2000,236792460312.4711,BE,Europe,2000-BE,2000
Belgium,BEL,2001,236746141604.3704,BE,Europe,2001-BE,2000
Belgium,BEL,2002,258383599375.17697,BE,Europe,2002-BE,2000
Belgium,BEL,2003,318082528506.5876,BE,Europe,2003-BE,2000
Belgium,BEL,2004,369214712443.20557,BE,Europe,2004-BE,2004
Belgium,BEL,2005,385714762230.03876,BE,Europe,2005-BE,2004
Belgium,BEL,2006,408259840868.82294,BE,Europe,2006-BE,2004
Belgium,BEL,2007,470922156309.4525,BE,Europe,2007-BE,2004
Belgium,BEL,2008,5.17328E+11,BE,Europe,2008-BE,2008
Belgium,BEL,2009,483254171097.8122,BE,Europe,2009-BE,2008
Belgium,BEL,2010,481420882905.0009,BE,Europe,2010-BE,2008
Belgium,BEL,2011,523330354138.1333,BE,Europe,2011-BE,2008
Belgium,BEL,2012,496152879924.7267,BE,Europe,2012-BE,2012
Belgium,BEL,2013,521791015247.0603,BE,Europe,2013-BE,2012
Belgium,BEL,2014,535390200131.0177,BE,Europe,2014-BE,2012
Belgium,BEL,2015,462335574841.48413,BE,Europe,2015-BE,2012
Belgium,BEL,2016,476062757356.92725,BE,Europe,2016-BE,2016
Belgium,BEL,2017,502764720556.3538,BE,Europe,2017-BE,2016
Belgium,BEL,2018,543299066998.90155,BE,Europe,2018-BE,2016
Belgium,BEL,2019,535865804349.80304,BE,Europe,2019-BE,2016
Belgium,BEL,2020,526021513474.2427,BE,Europe,2020-BE,2020
Belgium,BEL,2021,600904461226.3469,BE,Europe,2021-BE,2020
Belgium,BEL,2022,5.83614E+11,BE,Europe,2022-BE,2020
Belgium,BEL,2023,632216577075.1093,BE,Europe,2023-BE,2020
Belize,BLZ,1960,28072478.072478075,BZ,North America,1960-BZ,1960
Belize,BLZ,1961,29964999.964999966,BZ,North America,1961-BZ,1960
Belize,BLZ,1962,31857591.85759186,BZ,North America,1962-BZ,1960
Belize,BLZ,1963,33750113.750113755,BZ,North America,1963-BZ,1960
Belize,BLZ,1964,36194586.194586195,BZ,North America,1964-BZ,1964
Belize,BLZ,1965,40110040.11004011,BZ,North America,1965-BZ,1964
Belize,BLZ,1966,44450044.45004445,BZ,North America,1966-BZ,1964
Belize,BLZ,1967,47431255.75,BZ,North America,1967-BZ,1964
Belize,BLZ,1968,44999910,BZ,North America,1968-BZ,1968
Belize,BLZ,1969,47399905.2,BZ,North America,1969-BZ,1968
Belize,BLZ,1970,53339893.320213355,BZ,North America,1970-BZ,1968
Belize,BLZ,1971,59074687.19618515,BZ,North America,1971-BZ,1968
Belize,BLZ,1972,65998069.38476313,BZ,North America,1972-BZ,1972
Belize,BLZ,1973,78214767.83014962,BZ,North America,1973-BZ,1972
Belize,BLZ,1974,103160450.4458694,BZ,North America,1974-BZ,1972
Belize,BLZ,1975,118194026.25157352,BZ,North America,1975-BZ,1972
Belize,BLZ,1976,97094227.22924706,BZ,North America,1976-BZ,1976
Belize,BLZ,1977,117650000,BZ,North America,1977-BZ,1976
Belize,BLZ,1978,136300000,BZ,North America,1978-BZ,1976
Belize,BLZ,1979,151800000,BZ,North America,1979-BZ,1976
Belize,BLZ,1980,197938222.4,BZ,North America,1980-BZ,1980
Belize,BLZ,1981,196089854.7,BZ,North America,1981-BZ,1980
Belize,BLZ,1982,182206327,BZ,North America,1982-BZ,1980
Belize,BLZ,1983,192103185.95499998,BZ,North America,1983-BZ,1980
Belize,BLZ,1984,214381949,BZ,North America,1984-BZ,1984
Belize,BLZ,1985,212643742.7,BZ,North America,1985-BZ,1984
Belize,BLZ,1986,231638320.5,BZ,North America,1986-BZ,1984
Belize,BLZ,1987,281082558.58500004,BZ,North America,1987-BZ,1984
Belize,BLZ,1988,320093360.3,BZ,North America,1988-BZ,1988
Belize,BLZ,1989,369133890.7,BZ,North America,1989-BZ,1988
Belize,BLZ,1990,545686365.5,BZ,North America,1990-BZ,1988
Belize,BLZ,1991,594975697,BZ,North America,1991-BZ,1988
Belize,BLZ,1992,693625168.2,BZ,North America,1992-BZ,1992
Belize,BLZ,1993,750018765.3277149,BZ,North America,1993-BZ,1992
Belize,BLZ,1994,769649509.4810951,BZ,North America,1994-BZ,1992
Belize,BLZ,1995,816491620.2,BZ,North America,1995-BZ,1992
Belize,BLZ,1996,848205276.9,BZ,North America,1996-BZ,1996
Belize,BLZ,1997,870861115.2,BZ,North America,1997-BZ,1996
Belize,BLZ,1998,926550756,BZ,North America,1998-BZ,1996
Belize,BLZ,1999,996906468.7,BZ,North America,1999-BZ,1996
Belize,BLZ,2000,1134756760.6207051,BZ,North America,2000-BZ,2000
Belize,BLZ,2001,1168127973.9434898,BZ,North America,2001-BZ,2000
Belize,BLZ,2002,1240059540.093475,BZ,North America,2002-BZ,2000
Belize,BLZ,2003,1303381860.756735,BZ,North America,2003-BZ,2000
Belize,BLZ,2004,1394273990.600035,BZ,North America,2004-BZ,2004
Belize,BLZ,2005,1468145956,BZ,North America,2005-BZ,2004
Belize,BLZ,2006,1584207353.220495,BZ,North America,2006-BZ,2004
Belize,BLZ,2007,1699214298.9143949,BZ,North America,2007-BZ,2004
Belize,BLZ,2008,1731921564,BZ,North America,2008-BZ,2008
Belize,BLZ,2009,1681473348.434685,BZ,North America,2009-BZ,2008
Belize,BLZ,2010,1739070295,BZ,North America,2010-BZ,2008
Belize,BLZ,2011,1818831938,BZ,North America,2011-BZ,2008
Belize,BLZ,2012,1899503249.864295,BZ,North America,2012-BZ,2012
Belize,BLZ,2013,2021757434,BZ,North America,2013-BZ,2012
Belize,BLZ,2014,2125125606.2572303,BZ,North America,2014-BZ,2012
Belize,BLZ,2015,2194709309.242045,BZ,North America,2015-BZ,2012
Belize,BLZ,2016,2240593542.975695,BZ,North America,2016-BZ,2016
Belize,BLZ,2017,2266664817,BZ,North America,2017-BZ,2016
Belize,BLZ,2018,2292787335.624515,BZ,North America,2018-BZ,2016
Belize,BLZ,2019,2386792476.106365,BZ,North America,2019-BZ,2016
Belize,BLZ,2020,2047727810,BZ,North America,2020-BZ,2020
Belize,BLZ,2021,2424575179.378305,BZ,North America,2021-BZ,2020
Belize,BLZ,2022,2830507575.6840954,BZ,North America,2022-BZ,2020
Belize,BLZ,2023,3281500000,BZ,North America,2023-BZ,2020
Benin,BEN,1960,226195578.43449736,BJ,Africa,1960-BJ,1960
Benin,BEN,1961,235668220.50820154,BJ,Africa,1961-BJ,1960
Benin,BEN,1962,236434954,BJ,Africa,1962-BJ,1960
Benin,BEN,1963,253927697.25804955,BJ,Africa,1963-BJ,1960
Benin,BEN,1964,269819005.8781397,BJ,Africa,1964-BJ,1964
Benin,BEN,1965,289908680.4263955,BJ,Africa,1965-BJ,1964
Benin,BEN,1966,302925235.1519967,BJ,Africa,1966-BJ,1964
Benin,BEN,1967,306221953.10491055,BJ,Africa,1967-BJ,1964
Benin,BEN,1968,326323105.2647596,BJ,Africa,1968-BJ,1968
Benin,BEN,1969,330748244.5395739,BJ,Africa,1969-BJ,1968
Benin,BEN,1970,333627713.49443835,BJ,Africa,1970-BJ,1968
Benin,BEN,1971,335073027.54117006,BJ,Africa,1971-BJ,1968
Benin,BEN,1972,410331856.99121785,BJ,Africa,1972-BJ,1972
Benin,BEN,1973,504376074.1857087,BJ,Africa,1973-BJ,1972
Benin,BEN,1974,554654860.7025769,BJ,Africa,1974-BJ,1972
Benin,BEN,1975,676870140.3415287,BJ,Africa,1975-BJ,1972
Benin,BEN,1976,698408261.9222374,BJ,Africa,1976-BJ,1976
Benin,BEN,1977,750049778.8406903,BJ,Africa,1977-BJ,1976
Benin,BEN,1978,928843469.4317267,BJ,Africa,1978-BJ,1976
Benin,BEN,1979,1186231019.8204372,BJ,Africa,1979-BJ,1976
Benin,BEN,1980,1405251846.5404758,BJ,Africa,1980-BJ,1980
Benin,BEN,1981,1291120188.431039,BJ,Africa,1981-BJ,1980
Benin,BEN,1982,1267778670.359021,BJ,Africa,1982-BJ,1980
Benin,BEN,1983,1095348199.4391124,BJ,Africa,1983-BJ,1980
Benin,BEN,1984,1051134008.7897869,BJ,Africa,1984-BJ,1984
Benin,BEN,1985,1045712789.1488353,BJ,Africa,1985-BJ,1984
Benin,BEN,1986,1336102025.2776284,BJ,Africa,1986-BJ,1984
Benin,BEN,1987,1562412227.9005773,BJ,Africa,1987-BJ,1984
Benin,BEN,1988,1620246083.7947803,BJ,Africa,1988-BJ,1988
Benin,BEN,1989,1502294416.1712859,BJ,Africa,1989-BJ,1988
Benin,BEN,1990,1959965330.1476502,BJ,Africa,1990-BJ,1988
Benin,BEN,1991,1986437796.5305347,BJ,Africa,1991-BJ,1988
Benin,BEN,1992,1695315305.7030787,BJ,Africa,1992-BJ,1992
Benin,BEN,1993,2274558082.7613525,BJ,Africa,1993-BJ,1992
Benin,BEN,1994,1598075943.867737,BJ,Africa,1994-BJ,1992
Benin,BEN,1995,2169627137.920696,BJ,Africa,1995-BJ,1992
Benin,BEN,1996,2361116449.393076,BJ,Africa,1996-BJ,1996
Benin,BEN,1997,2268301646.4670687,BJ,Africa,1997-BJ,1996
Benin,BEN,1998,2455092686.347117,BJ,Africa,1998-BJ,1996
Benin,BEN,1999,3677393998.7448587,BJ,Africa,1999-BJ,1996
Benin,BEN,2000,3519991440.4791317,BJ,Africa,2000-BJ,2000
Benin,BEN,2001,3666222635.138748,BJ,Africa,2001-BJ,2000
Benin,BEN,2002,4194342686.2178025,BJ,Africa,2002-BJ,2000
Benin,BEN,2003,5349258094.482386,BJ,Africa,2003-BJ,2000
Benin,BEN,2004,6190270380.498556,BJ,Africa,2004-BJ,2004
Benin,BEN,2005,6567654954,BJ,Africa,2005-BJ,2004
Benin,BEN,2006,7034111314.888124,BJ,Africa,2006-BJ,2004
Benin,BEN,2007,8169048382.838754,BJ,Africa,2007-BJ,2004
Benin,BEN,2008,9787734526,BJ,Africa,2008-BJ,2008
Benin,BEN,2009,9738626517.003195,BJ,Africa,2009-BJ,2008
Benin,BEN,2010,9535345016,BJ,Africa,2010-BJ,2008
Benin,BEN,2011,10693321363.657408,BJ,Africa,2011-BJ,2008
Benin,BEN,2012,11141358115.899054,BJ,Africa,2012-BJ,2012
Benin,BEN,2013,12517845123.931498,BJ,Africa,2013-BJ,2012
Benin,BEN,2014,13284527846.908115,BJ,Africa,2014-BJ,2012
Benin,BEN,2015,11388160996.773783,BJ,Africa,2015-BJ,2012
Benin,BEN,2016,11821065853.38379,BJ,Africa,2016-BJ,2016
Benin,BEN,2017,12701655837,BJ,Africa,2017-BJ,2016
Benin,BEN,2018,14262408089.926104,BJ,Africa,2018-BJ,2016
Benin,BEN,2019,14390708751.024961,BJ,Africa,2019-BJ,2016
Benin,BEN,2020,15686741883.93395,BJ,Africa,2020-BJ,2020
Benin,BEN,2021,17687623530.335533,BJ,Africa,2021-BJ,2020
Benin,BEN,2022,17425418044.290585,BJ,Africa,2022-BJ,2020
Benin,BEN,2023,19673284686.00226,BJ,Africa,2023-BJ,2020
Bermuda,BMU,1960,84466652.58889124,BM,North America,1960-BM,1960
Bermuda,BMU,1961,89249985.12500247,BM,North America,1961-BM,1960
Bermuda,BMU,1962,94149984.30833595,BM,North America,1962-BM,1960
Bermuda,BMU,1963,96366650.60555823,BM,North America,1963-BM,1960
Bermuda,BMU,1964,107566648.73889188,BM,North America,1964-BM,1964
Bermuda,BMU,1965,114339050.28584763,BM,North America,1965-BM,1964
Bermuda,BMU,1966,134173375.33543344,BM,North America,1966-BM,1964
Bermuda,BMU,1967,155102980.0943505,BM,North America,1967-BM,1964
Bermuda,BMU,1968,150000000,BM,North America,1968-BM,1968
Bermuda,BMU,1969,164900000,BM,North America,1969-BM,1968
Bermuda,BMU,1970,186300000,BM,North America,1970-BM,1968
Bermuda,BMU,1971,211100000,BM,North America,1971-BM,1968
Bermuda,BMU,1972,235400000,BM,North America,1972-BM,1972
Bermuda,BMU,1973,269500000,BM,North America,1973-BM,1972
Bermuda,BMU,1974,312600000,BM,North America,1974-BM,1972
Bermuda,BMU,1975,345000000,BM,North America,1975-BM,1972
Bermuda,BMU,1976,386300000,BM,North America,1976-BM,1976
Bermuda,BMU,1977,447000000,BM,North America,1977-BM,1976
Bermuda,BMU,1978,475800000,BM,North America,1978-BM,1976
Bermuda,BMU,1979,517200000.00000006,BM,North America,1979-BM,1976
Bermuda,BMU,1980,613299968,BM,North America,1980-BM,1980
Bermuda,BMU,1981,739100032,BM,North America,1981-BM,1980
Bermuda,BMU,1982,785500032,BM,North America,1982-BM,1980
Bermuda,BMU,1983,889400000,BM,North America,1983-BM,1980
Bermuda,BMU,1984,985699968,BM,North America,1984-BM,1984
Bermuda,BMU,1985,1039500031.9999999,BM,North America,1985-BM,1984
Bermuda,BMU,1986,1173500032,BM,North America,1986-BM,1984
Bermuda,BMU,1987,1296499968,BM,North America,1987-BM,1984
Bermuda,BMU,1988,1415100032,BM,North America,1988-BM,1988
Bermuda,BMU,1989,1501500032,BM,North America,1989-BM,1988
Bermuda,BMU,1990,1592400000,BM,North America,1990-BM,1988
Bermuda,BMU,1991,1634900000,BM,North America,1991-BM,1988
Bermuda,BMU,1992,1679900000,BM,North America,1992-BM,1992
Bermuda,BMU,1993,1820359900,BM,North America,1993-BM,1992
Bermuda,BMU,1994,1867160100,BM,North America,1994-BM,1992
Bermuda,BMU,1995,2030750000,BM,North America,1995-BM,1992
Bermuda,BMU,1996,2695390000,BM,North America,1996-BM,1996
Bermuda,BMU,1997,2932827000,BM,North America,1997-BM,1996
Bermuda,BMU,1998,3130748000,BM,North America,1998-BM,1996
Bermuda,BMU,1999,3324433000,BM,North America,1999-BM,1996
Bermuda,BMU,2000,3480219000,BM,North America,2000-BM,2000
Bermuda,BMU,2001,3680483000,BM,North America,2001-BM,2000
Bermuda,BMU,2002,3937228000,BM,North America,2002-BM,2000
Bermuda,BMU,2003,4186524999.9999995,BM,North America,2003-BM,2000
Bermuda,BMU,2004,4484703000,BM,North America,2004-BM,2004
Bermuda,BMU,2005,4868136000,BM,North America,2005-BM,2004
Bermuda,BMU,2006,6144000000,BM,North America,2006-BM,2004
Bermuda,BMU,2007,6767000000,BM,North America,2007-BM,2004
Bermuda,BMU,2008,6980000000,BM,North America,2008-BM,2008
Bermuda,BMU,2009,6656000000,BM,North America,2009-BM,2008
Bermuda,BMU,2010,6634526000,BM,North America,2010-BM,2008
Bermuda,BMU,2011,6312691000,BM,North America,2011-BM,2008
Bermuda,BMU,2012,6378188000,BM,North America,2012-BM,2012
Bermuda,BMU,2013,6465756000,BM,North America,2013-BM,2012
Bermuda,BMU,2014,6413988000,BM,North America,2014-BM,2012
Bermuda,BMU,2015,6654541000,BM,North America,2015-BM,2012
Bermuda,BMU,2016,6899911000,BM,North America,2016-BM,2016
Bermuda,BMU,2017,7142316000,BM,North America,2017-BM,2016
Bermuda,BMU,2018,7225977000,BM,North America,2018-BM,2016
Bermuda,BMU,2019,7423465000,BM,North America,2019-BM,2016
Bermuda,BMU,2020,6887147000,BM,North America,2020-BM,2020
Bermuda,BMU,2021,7286607000,BM,North America,2021-BM,2020
Bermuda,BMU,2022,7827980000,BM,North America,2022-BM,2020
Bhutan,BTN,1970,61812113.038288265,BT,Asia,1970-BT,1968
Bhutan,BTN,1971,66289450.33,BT,Asia,1971-BT,1968
Bhutan,BTN,1972,70139866.78900023,BT,Asia,1972-BT,1972
Bhutan,BTN,1973,78900289.31070651,BT,Asia,1973-BT,1972
Bhutan,BTN,1974,92901784.53590578,BT,Asia,1974-BT,1972
Bhutan,BTN,1975,86820762.46963988,BT,Asia,1975-BT,1972
Bhutan,BTN,1976,88461262.74036352,BT,Asia,1976-BT,1976
Bhutan,BTN,1977,97884433.75638136,BT,Asia,1977-BT,1976
Bhutan,BTN,1978,94086227.65383297,BT,Asia,1978-BT,1976
Bhutan,BTN,1979,105377995.18845575,BT,Asia,1979-BT,1976
Bhutan,BTN,1980,128669200.89101477,BT,Asia,1980-BT,1980
Bhutan,BTN,1981,139174178.05554134,BT,Asia,1981-BT,1980
Bhutan,BTN,1982,141439317.4098468,BT,Asia,1982-BT,1980
Bhutan,BTN,1983,156704289.9037103,BT,Asia,1983-BT,1980
Bhutan,BTN,1984,160423493.96259633,BT,Asia,1984-BT,1984
Bhutan,BTN,1985,163288815.32086912,BT,Asia,1985-BT,1984
Bhutan,BTN,1986,191218115.4884852,BT,Asia,1986-BT,1984
Bhutan,BTN,1987,242742766.35420284,BT,Asia,1987-BT,1984
Bhutan,BTN,1988,272298066.5,BT,Asia,1988-BT,1988
Bhutan,BTN,1989,264798626.1625219,BT,Asia,1989-BT,1988
Bhutan,BTN,1990,287765007.1,BT,Asia,1990-BT,1988
Bhutan,BTN,1991,240294286.0159245,BT,Asia,1991-BT,1988
Bhutan,BTN,1992,240233531.16046432,BT,Asia,1992-BT,1992
Bhutan,BTN,1993,225973692.83710003,BT,Asia,1993-BT,1992
Bhutan,BTN,1994,258954708.04853308,BT,Asia,1994-BT,1992
Bhutan,BTN,1995,290490983.81577843,BT,Asia,1995-BT,1992
Bhutan,BTN,1996,303408345.62007755,BT,Asia,1996-BT,1996
Bhutan,BTN,1997,352229076.70762706,BT,Asia,1997-BT,1996
Bhutan,BTN,1998,363458380.90334153,BT,Asia,1998-BT,1996
Bhutan,BTN,1999,399311199.5077601,BT,Asia,1999-BT,1996
Bhutan,BTN,2000,460733418.3992761,BT,Asia,2000-BT,2000
Bhutan,BTN,2001,496110225.71030724,BT,Asia,2001-BT,2000
Bhutan,BTN,2002,559345263.7083086,BT,Asia,2002-BT,2000
Bhutan,BTN,2003,651935430.3,BT,Asia,2003-BT,2000
Bhutan,BTN,2004,735348490.4284352,BT,Asia,2004-BT,2004
Bhutan,BTN,2005,860391000.2216555,BT,Asia,2005-BT,2004
Bhutan,BTN,2006,942879878.5388786,BT,Asia,2006-BT,2004
Bhutan,BTN,2007,1255767964.004914,BT,Asia,2007-BT,2004
Bhutan,BTN,2008,1317517834.5991557,BT,Asia,2008-BT,2008
Bhutan,BTN,2009,1331343797.773081,BT,Asia,2009-BT,2008
Bhutan,BTN,2010,1673464261.2798216,BT,Asia,2010-BT,2008
Bhutan,BTN,2011,1938441288.7919033,BT,Asia,2011-BT,2008
Bhutan,BTN,2012,1939730676.1747937,BT,Asia,2012-BT,2012
Bhutan,BTN,2013,1913162477.220792,BT,Asia,2013-BT,2012
Bhutan,BTN,2014,2057330872.7315116,BT,Asia,2014-BT,2012
Bhutan,BTN,2015,2154921010.655577,BT,Asia,2015-BT,2012
Bhutan,BTN,2016,2322730512.468928,BT,Asia,2016-BT,2016
Bhutan,BTN,2017,2591358115.158436,BT,Asia,2017-BT,2016
Bhutan,BTN,2018,2583335723.321254,BT,Asia,2018-BT,2016
Bhutan,BTN,2019,2735683408.576508,BT,Asia,2019-BT,2016
Bhutan,BTN,2020,2457604042.409587,BT,Asia,2020-BT,2020
Bhutan,BTN,2021,2768802803.1814113,BT,Asia,2021-BT,2020
Bhutan,BTN,2022,2898227713.223154,BT,Asia,2022-BT,2020
Bolivia,BOL,1960,373250000,BO,South America,1960-BO,1960
Bolivia,BOL,1961,406000000,BO,South America,1961-BO,1960
Bolivia,BOL,1962,443916666.6666666,BO,South America,1962-BO,1960
Bolivia,BOL,1963,478000000,BO,South America,1963-BO,1960
Bolivia,BOL,1964,538583333.3333334,BO,South America,1964-BO,1964
Bolivia,BOL,1965,598333333.3333334,BO,South America,1965-BO,1964
Bolivia,BOL,1966,662500000,BO,South America,1966-BO,1964
Bolivia,BOL,1967,748250000,BO,South America,1967-BO,1964
Bolivia,BOL,1968,849333333.3333333,BO,South America,1968-BO,1968
Bolivia,BOL,1969,920333333.3333333,BO,South America,1969-BO,1968
Bolivia,BOL,1970,1006833333.3333333,BO,South America,1970-BO,1968
Bolivia,BOL,1971,1084666666.6666667,BO,South America,1971-BO,1968
Bolivia,BOL,1972,1286153846.1538463,BO,South America,1972-BO,1972
Bolivia,BOL,1973,1263600000,BO,South America,1973-BO,1972
Bolivia,BOL,1974,2101299999.9999998,BO,South America,1974-BO,1972
Bolivia,BOL,1975,2405900000,BO,South America,1975-BO,1972
Bolivia,BOL,1976,2733350000,BO,South America,1976-BO,1976
Bolivia,BOL,1977,3229049999.9999995,BO,South America,1977-BO,1976
Bolivia,BOL,1978,3760099999.9999995,BO,South America,1978-BO,1976
Bolivia,BOL,1979,4510500000,BO,South America,1979-BO,1976
Bolivia,BOL,1980,4450368037,BO,South America,1980-BO,1980
Bolivia,BOL,1981,5778487837,BO,South America,1981-BO,1980
Bolivia,BOL,1982,5600385567.807593,BO,South America,1982-BO,1980
Bolivia,BOL,1983,5414008064.034612,BO,South America,1983-BO,1980
Bolivia,BOL,1984,6169304491.537309,BO,South America,1984-BO,1984
Bolivia,BOL,1985,5377276656.904499,BO,South America,1985-BO,1984
Bolivia,BOL,1986,3959383519.7803597,BO,South America,1986-BO,1984
Bolivia,BOL,1987,4347956337.833374,BO,South America,1987-BO,1984
Bolivia,BOL,1988,4597611710.021265,BO,South America,1988-BO,1988
Bolivia,BOL,1989,4715973437.393705,BO,South America,1989-BO,1988
Bolivia,BOL,1990,4867582598,BO,South America,1990-BO,1988
Bolivia,BOL,1991,5343262457.102258,BO,South America,1991-BO,1988
Bolivia,BOL,1992,5643868748.681265,BO,South America,1992-BO,1992
Bolivia,BOL,1993,5734699488.849339,BO,South America,1993-BO,1992
Bolivia,BOL,1994,5981222859,BO,South America,1994-BO,1992
Bolivia,BOL,1995,6715161732,BO,South America,1995-BO,1992
Bolivia,BOL,1996,7396949126.356853,BO,South America,1996-BO,1996
Bolivia,BOL,1997,7925736821.4503355,BO,South America,1997-BO,1996
Bolivia,BOL,1998,8497494652.125457,BO,South America,1998-BO,1996
Bolivia,BOL,1999,8285064434.568255,BO,South America,1999-BO,1996
Bolivia,BOL,2000,8397855484.769085,BO,South America,2000-BO,2000
Bolivia,BOL,2001,8141516928.394893,BO,South America,2001-BO,2000
Bolivia,BOL,2002,7905485146.443515,BO,South America,2002-BO,2000
Bolivia,BOL,2003,8082399639.543047,BO,South America,2003-BO,2000
Bolivia,BOL,2004,8773451751.512096,BO,South America,2004-BO,2004
Bolivia,BOL,2005,9549122905.328524,BO,South America,2005-BO,2004
Bolivia,BOL,2006,11451844902.221363,BO,South America,2006-BO,2004
Bolivia,BOL,2007,13120108008.347721,BO,South America,2007-BO,2004
Bolivia,BOL,2008,16674276285.895582,BO,South America,2008-BO,2008
Bolivia,BOL,2009,17339992193.732193,BO,South America,2009-BO,2008
Bolivia,BOL,2010,19649723722.103386,BO,South America,2010-BO,2008
Bolivia,BOL,2011,23963164696.591965,BO,South America,2011-BO,2008
Bolivia,BOL,2012,27084497481.910275,BO,South America,2012-BO,2012
Bolivia,BOL,2013,30659338885.672935,BO,South America,2013-BO,2012
Bolivia,BOL,2014,32996188017.366135,BO,South America,2014-BO,2012
Bolivia,BOL,2015,33000198248.914616,BO,South America,2015-BO,2012
Bolivia,BOL,2016,33941126193.921852,BO,South America,2016-BO,2016
Bolivia,BOL,2017,37508642170.767006,BO,South America,2017-BO,2016
Bolivia,BOL,2018,40287647930.53545,BO,South America,2018-BO,2016
Bolivia,BOL,2019,40895322850.94067,BO,South America,2019-BO,2016
Bolivia,BOL,2020,36629843806.07815,BO,South America,2020-BO,2020
Bolivia,BOL,2021,40406111693.198265,BO,South America,2021-BO,2020
Bolivia,BOL,2022,44008282879.884224,BO,South America,2022-BO,2020
Bolivia,BOL,2023,45849832906.413895,BO,South America,2023-BO,2020
Bosnia and Herzegovina,BIH,1990,7753478260.869566,BA,Europe,1990-BA,1988
Bosnia and Herzegovina,BIH,1991,6122959184,BA,Europe,1991-BA,1988
Bosnia and Herzegovina,BIH,1992,4735044707.239689,BA,Europe,1992-BA,1992
Bosnia and Herzegovina,BIH,1993,3630668949.8324594,BA,Europe,1993-BA,1992
Bosnia and Herzegovina,BIH,1994,1255802469.1358023,BA,Europe,1994-BA,1992
Bosnia and Herzegovina,BIH,1995,1866572953.7366548,BA,Europe,1995-BA,1992
Bosnia and Herzegovina,BIH,1996,2786045321.637427,BA,Europe,1996-BA,1996
Bosnia and Herzegovina,BIH,1997,3671909673.044008,BA,Europe,1997-BA,1996
Bosnia and Herzegovina,BIH,1998,4116774300.606705,BA,Europe,1998-BA,1996
Bosnia and Herzegovina,BIH,1999,4686256363.047072,BA,Europe,1999-BA,1996
Bosnia and Herzegovina,BIH,2000,5567772768.811885,BA,Europe,2000-BA,2000
Bosnia and Herzegovina,BIH,2001,5800615466.266482,BA,Europe,2001-BA,2000
Bosnia and Herzegovina,BIH,2002,6728220886.645462,BA,Europe,2002-BA,2000
Bosnia and Herzegovina,BIH,2003,8498894359.386289,BA,Europe,2003-BA,2000
Bosnia and Herzegovina,BIH,2004,10156541538.39903,BA,Europe,2004-BA,2004
Bosnia and Herzegovina,BIH,2005,11222796336.542631,BA,Europe,2005-BA,2004
Bosnia and Herzegovina,BIH,2006,12864841905.954311,BA,Europe,2006-BA,2004
Bosnia and Herzegovina,BIH,2007,15778734264.37873,BA,Europe,2007-BA,2004
Bosnia and Herzegovina,BIH,2008,19112796623.117504,BA,Europe,2008-BA,2008
Bosnia and Herzegovina,BIH,2009,17613949091.229362,BA,Europe,2009-BA,2008
Bosnia and Herzegovina,BIH,2010,17176315803.729837,BA,Europe,2010-BA,2008
Bosnia and Herzegovina,BIH,2011,18644233537.109337,BA,Europe,2011-BA,2008
Bosnia and Herzegovina,BIH,2012,17226735995.690475,BA,Europe,2012-BA,2012
Bosnia and Herzegovina,BIH,2013,18179108530.526096,BA,Europe,2013-BA,2012
Bosnia and Herzegovina,BIH,2014,18558733564,BA,Europe,2014-BA,2012
Bosnia and Herzegovina,BIH,2015,16404348871.443703,BA,Europe,2015-BA,2012
Bosnia and Herzegovina,BIH,2016,17116926327.624695,BA,Europe,2016-BA,2016
Bosnia and Herzegovina,BIH,2017,18326373366.110527,BA,Europe,2017-BA,2016
Bosnia and Herzegovina,BIH,2018,20484053868.92458,BA,Europe,2018-BA,2016
Bosnia and Herzegovina,BIH,2019,20482608755.378956,BA,Europe,2019-BA,2016
Bosnia and Herzegovina,BIH,2020,20226036564.412888,BA,Europe,2020-BA,2020
Bosnia and Herzegovina,BIH,2021,23672712242.214893,BA,Europe,2021-BA,2020
Bosnia and Herzegovina,BIH,2022,24534663636.17784,BA,Europe,2022-BA,2020
Bosnia and Herzegovina,BIH,2023,27054889362.885204,BA,Europe,2023-BA,2020
Botswana,BWA,1960,30411413.655282825,BW,Africa,1960-BW,1960
Botswana,BWA,1961,32902612.866485514,BW,Africa,1961-BW,1960
Botswana,BWA,1962,35644956.64304291,BW,Africa,1962-BW,1960
Botswana,BWA,1963,38091842.85,BW,Africa,1963-BW,1960
Botswana,BWA,1964,41616347.79068649,BW,Africa,1964-BW,1964
Botswana,BWA,1965,45788696.33439149,BW,Africa,1965-BW,1964
Botswana,BWA,1966,51465655.39210832,BW,Africa,1966-BW,1964
Botswana,BWA,1967,58642354.08967297,BW,Africa,1967-BW,1964
Botswana,BWA,1968,66248441.418246634,BW,Africa,1968-BW,1968
Botswana,BWA,1969,77361546.50675365,BW,Africa,1969-BW,1968
Botswana,BWA,1970,96243233.66098373,BW,Africa,1970-BW,1968
Botswana,BWA,1971,127448613.50506146,BW,Africa,1971-BW,1968
Botswana,BWA,1972,164460914.97720063,BW,Africa,1972-BW,1972
Botswana,BWA,1973,244124164.04221785,BW,Africa,1973-BW,1972
Botswana,BWA,1974,306044207.5302034,BW,Africa,1974-BW,1972
Botswana,BWA,1975,355168571.5367514,BW,Africa,1975-BW,1972
Botswana,BWA,1976,372025093.0062732,BW,Africa,1976-BW,1976
Botswana,BWA,1977,451624780.27459735,BW,Africa,1977-BW,1976
Botswana,BWA,1978,590407374.4471157,BW,Africa,1978-BW,1976
Botswana,BWA,1979,819870258.7830534,BW,Africa,1979-BW,1976
Botswana,BWA,1980,1060889703.7537392,BW,Africa,1980-BW,1980
Botswana,BWA,1981,1073812830.3005242,BW,Africa,1981-BW,1980
Botswana,BWA,1982,1014945695.7192708,BW,Africa,1982-BW,1980
Botswana,BWA,1983,1172230396.5809908,BW,Africa,1983-BW,1980
Botswana,BWA,1984,1240822167.4357061,BW,Africa,1984-BW,1984
Botswana,BWA,1985,1114783342.7153945,BW,Africa,1985-BW,1984
Botswana,BWA,1986,1392602163.538292,BW,Africa,1986-BW,1984
Botswana,BWA,1987,1965226890.0455704,BW,Africa,1987-BW,1984
Botswana,BWA,1988,2644554158.7279363,BW,Africa,1988-BW,1988
Botswana,BWA,1989,3083822112.020233,BW,Africa,1989-BW,1988
Botswana,BWA,1990,3790636324.447746,BW,Africa,1990-BW,1988
Botswana,BWA,1991,3942876703.451844,BW,Africa,1991-BW,1988
Botswana,BWA,1992,4146464586.616739,BW,Africa,1992-BW,1992
Botswana,BWA,1993,4160129174.7056947,BW,Africa,1993-BW,1992
Botswana,BWA,1994,4259259604.156229,BW,Africa,1994-BW,1992
Botswana,BWA,1995,4730599121.927042,BW,Africa,1995-BW,1992
Botswana,BWA,1996,4847757217.758154,BW,Africa,1996-BW,1996
Botswana,BWA,1997,5020265626.664892,BW,Africa,1997-BW,1996
Botswana,BWA,1998,4790481509.176786,BW,Africa,1998-BW,1996
Botswana,BWA,1999,5484263346.881052,BW,Africa,1999-BW,1996
Botswana,BWA,2000,5788329609.157553,BW,Africa,2000-BW,2000
Botswana,BWA,2001,5489608299.664453,BW,Africa,2001-BW,2000
Botswana,BWA,2002,5438863982.886922,BW,Africa,2002-BW,2000
Botswana,BWA,2003,7511582173.377239,BW,Africa,2003-BW,2000
Botswana,BWA,2004,8957467706.535404,BW,Africa,2004-BW,2004
Botswana,BWA,2005,9918907108.097015,BW,Africa,2005-BW,2004
Botswana,BWA,2006,9919158482.410852,BW,Africa,2006-BW,2004
Botswana,BWA,2007,10567270655.502705,BW,Africa,2007-BW,2004
Botswana,BWA,2008,10730829116.410507,BW,Africa,2008-BW,2008
Botswana,BWA,2009,10118459242.318321,BW,Africa,2009-BW,2008
Botswana,BWA,2010,12637273429.133932,BW,Africa,2010-BW,2008
Botswana,BWA,2011,15110643612.17291,BW,Africa,2011-BW,2008
Botswana,BWA,2012,13907464500.148876,BW,Africa,2012-BW,2012
Botswana,BWA,2013,14271738933.204172,BW,Africa,2013-BW,2012
Botswana,BWA,2014,15470088500.74136,BW,Africa,2014-BW,2012
Botswana,BWA,2015,13530748844.504961,BW,Africa,2015-BW,2012
Botswana,BWA,2016,15082637184.04962,BW,Africa,2016-BW,2016
Botswana,BWA,2017,16105155856.770824,BW,Africa,2017-BW,2016
Botswana,BWA,2018,17031943186.13526,BW,Africa,2018-BW,2016
Botswana,BWA,2019,16725908148.548136,BW,Africa,2019-BW,2016
Botswana,BWA,2020,14960291105.931597,BW,Africa,2020-BW,2020
Botswana,BWA,2021,18750946600.142254,BW,Africa,2021-BW,2020
Botswana,BWA,2022,20321958850.03632,BW,Africa,2022-BW,2020
Botswana,BWA,2023,19395765126.312748,BW,Africa,2023-BW,2020
Brazil,BRA,1989,4.25595E+11,BR,South America,1989-BR,1988
Brazil,BRA,1990,384959818181.81665,BR,South America,1990-BR,1988
Brazil,BRA,1991,342534090909.09094,BR,South America,1991-BR,1988
Brazil,BRA,1992,328191909882.2324,BR,South America,1992-BR,1992
Brazil,BRA,1993,368292034380.95984,BR,South America,1993-BR,1992
Brazil,BRA,1994,525369467295.7375,BR,South America,1994-BR,1992
Brazil,BRA,1995,769333050986.9048,BR,South America,1995-BR,1992
Brazil,BRA,1996,850426432991.7421,BR,South America,1996-BR,1996
Brazil,BRA,1997,883206179730.4618,BR,South America,1997-BR,1996
Brazil,BRA,1998,863710759256.4348,BR,South America,1998-BR,1996
Brazil,BRA,1999,599642024319.5311,BR,South America,1999-BR,1996
Brazil,BRA,2000,655448231983.5271,BR,South America,2000-BR,2000
Brazil,BRA,2001,559983634798.9812,BR,South America,2001-BR,2000
Brazil,BRA,2002,509795273806.7151,BR,South America,2002-BR,2000
Brazil,BRA,2003,558233745651.8737,BR,South America,2003-BR,2000
Brazil,BRA,2004,6.69289E+11,BR,South America,2004-BR,2004
Brazil,BRA,2005,891633839853.1047,BR,South America,2005-BR,2004
Brazil,BRA,2006,1107626541710.7407,BR,South America,2006-BR,2004
Brazil,BRA,2007,1397114486471.384,BR,South America,2007-BR,2004
Brazil,BRA,2008,1695855083552.0544,BR,South America,2008-BR,2008
Brazil,BRA,2009,1666996438681.463,BR,South America,2009-BR,2008
Brazil,BRA,2010,2208837745214.2334,BR,South America,2010-BR,2008
Brazil,BRA,2011,2616156223977.466,BR,South America,2011-BR,2008
Brazil,BRA,2012,2465227803011.568,BR,South America,2012-BR,2012
Brazil,BRA,2013,2472819535742.7266,BR,South America,2013-BR,2012
Brazil,BRA,2014,2456043727198.8545,BR,South America,2014-BR,2012
Brazil,BRA,2015,1802212206904.6777,BR,South America,2015-BR,2012
Brazil,BRA,2016,1795693482652.5151,BR,South America,2016-BR,2016
Brazil,BRA,2017,2063514977334.3206,BR,South America,2017-BR,2016
Brazil,BRA,2018,1916933898038.3572,BR,South America,2018-BR,2016
Brazil,BRA,2019,1873288205186.4495,BR,South America,2019-BR,2016
Brazil,BRA,2020,1476107231194.106,BR,South America,2020-BR,2020
Brazil,BRA,2021,1670647399034.6658,BR,South America,2021-BR,2020
Brazil,BRA,2022,1951923942083.3196,BR,South America,2022-BR,2020
Brazil,BRA,2023,2173665655937.2737,BR,South America,2023-BR,2020
Brunei Darussalam,BRN,1965,114039500.59126753,BN,Asia,1965-BN,1964
Brunei Darussalam,BRN,1966,132757528.04437447,BN,Asia,1966-BN,1964
Brunei Darussalam,BRN,1967,139029537.2433213,BN,Asia,1967-BN,1964
Brunei Darussalam,BRN,1968,160818235.86674595,BN,Asia,1968-BN,1968
Brunei Darussalam,BRN,1969,161210236.4416801,BN,Asia,1969-BN,1968
Brunei Darussalam,BRN,1970,179078929.3,BN,Asia,1970-BN,1968
Brunei Darussalam,BRN,1971,197525767.79173467,BN,Asia,1971-BN,1968
Brunei Darussalam,BRN,1972,270822782.02667373,BN,Asia,1972-BN,1972
Brunei Darussalam,BRN,1973,433095526.6861359,BN,Asia,1973-BN,1972
Brunei Darussalam,BRN,1974,1073591623.999176,BN,Asia,1974-BN,1972
Brunei Darussalam,BRN,1975,1168304305.6551259,BN,Asia,1975-BN,1972
Brunei Darussalam,BRN,1976,1423037167.087171,BN,Asia,1976-BN,1976
Brunei Darussalam,BRN,1977,1732721160.941215,BN,Asia,1977-BN,1976
Brunei Darussalam,BRN,1978,1941579358.1864755,BN,Asia,1978-BN,1976
Brunei Darussalam,BRN,1979,2803834158.481861,BN,Asia,1979-BN,1976
Brunei Darussalam,BRN,1980,4928806543,BN,Asia,1980-BN,1980
Brunei Darussalam,BRN,1981,4366230382.848044,BN,Asia,1981-BN,1980
Brunei Darussalam,BRN,1982,4264202520.998586,BN,Asia,1982-BN,1980
Brunei Darussalam,BRN,1983,3844632166.773148,BN,Asia,1983-BN,1980
Brunei Darussalam,BRN,1984,3782553234,BN,Asia,1984-BN,1984
Brunei Darussalam,BRN,1985,3523532486.4213805,BN,Asia,1985-BN,1984
Brunei Darussalam,BRN,1986,2358574402.606391,BN,Asia,1986-BN,1984
Brunei Darussalam,BRN,1987,2754485672.486435,BN,Asia,1987-BN,1984
Brunei Darussalam,BRN,1988,2690684124.874219,BN,Asia,1988-BN,1988
Brunei Darussalam,BRN,1989,2985532273.1659093,BN,Asia,1989-BN,1988
Brunei Darussalam,BRN,1990,3520487626.983895,BN,Asia,1990-BN,1988
Brunei Darussalam,BRN,1991,3701774188.880206,BN,Asia,1991-BN,1988
Brunei Darussalam,BRN,1992,4183632940.3849187,BN,Asia,1992-BN,1992
Brunei Darussalam,BRN,1993,4105729020.6468534,BN,Asia,1993-BN,1992
Brunei Darussalam,BRN,1994,4087220218.8754544,BN,Asia,1994-BN,1992
Brunei Darussalam,BRN,1995,4734103536,BN,Asia,1995-BN,1992
Brunei Darussalam,BRN,1996,5115454089.632854,BN,Asia,1996-BN,1996
Brunei Darussalam,BRN,1997,5197311972.069078,BN,Asia,1997-BN,1996
Brunei Darussalam,BRN,1998,4051142386.3021197,BN,Asia,1998-BN,1996
Brunei Darussalam,BRN,1999,4600116699,BN,Asia,1999-BN,1996
Brunei Darussalam,BRN,2000,6001282104,BN,Asia,2000-BN,2000
Brunei Darussalam,BRN,2001,5601018684.249742,BN,Asia,2001-BN,2000
Brunei Darussalam,BRN,2002,5843368267.853911,BN,Asia,2002-BN,2000
Brunei Darussalam,BRN,2003,6557397070,BN,Asia,2003-BN,2000
Brunei Darussalam,BRN,2004,7872202803.408771,BN,Asia,2004-BN,2004
Brunei Darussalam,BRN,2005,9531420028,BN,Asia,2005-BN,2004
Brunei Darussalam,BRN,2006,11470464771,BN,Asia,2006-BN,2004
Brunei Darussalam,BRN,2007,12247677993.924765,BN,Asia,2007-BN,2004
Brunei Darussalam,BRN,2008,14393434224.759678,BN,Asia,2008-BN,2008
Brunei Darussalam,BRN,2009,10732595016.118177,BN,Asia,2009-BN,2008
Brunei Darussalam,BRN,2010,13707280259.97628,BN,Asia,2010-BN,2008
Brunei Darussalam,BRN,2011,18525128526.376625,BN,Asia,2011-BN,2008
Brunei Darussalam,BRN,2012,19048443340.773243,BN,Asia,2012-BN,2012
Brunei Darussalam,BRN,2013,18094321616.795853,BN,Asia,2013-BN,2012
Brunei Darussalam,BRN,2014,17097802752.872839,BN,Asia,2014-BN,2012
Brunei Darussalam,BRN,2015,12930291487.95813,BN,Asia,2015-BN,2012
Brunei Darussalam,BRN,2016,11400466356.389812,BN,Asia,2016-BN,2016
Brunei Darussalam,BRN,2017,12128183904.450096,BN,Asia,2017-BN,2016
Brunei Darussalam,BRN,2018,13566937673.796574,BN,Asia,2018-BN,2016
Brunei Darussalam,BRN,2019,13469235364.703175,BN,Asia,2019-BN,2016
Brunei Darussalam,BRN,2020,12005799653.983503,BN,Asia,2020-BN,2020
Brunei Darussalam,BRN,2021,14006496617.445808,BN,Asia,2021-BN,2020
Brunei Darussalam,BRN,2022,16681536467,BN,Asia,2022-BN,2020
Brunei Darussalam,BRN,2023,15128292953.509842,BN,Asia,2023-BN,2020
Bulgaria,BGR,1980,19839230769.23077,BG,Europe,1980-BG,1980
Bulgaria,BGR,1981,19870000000,BG,Europe,1981-BG,1980
Bulgaria,BGR,1982,19342000000,BG,Europe,1982-BG,1980
Bulgaria,BGR,1983,16563666666.666668,BG,Europe,1983-BG,1980
Bulgaria,BGR,1984,17594944444.444447,BG,Europe,1984-BG,1984
Bulgaria,BGR,1985,17155421052.631578,BG,Europe,1985-BG,1984
Bulgaria,BGR,1986,20249294117.64706,BG,Europe,1986-BG,1984
Bulgaria,BGR,1987,28101000000,BG,Europe,1987-BG,1984
Bulgaria,BGR,1988,22555941176.47059,BG,Europe,1988-BG,1988
Bulgaria,BGR,1989,21988444444.444447,BG,Europe,1989-BG,1988
Bulgaria,BGR,1990,20632090909.090908,BG,Europe,1990-BG,1988
Bulgaria,BGR,1991,10943548387.096775,BG,Europe,1991-BG,1988
Bulgaria,BGR,1992,10350515463.917526,BG,Europe,1992-BG,1992
Bulgaria,BGR,1993,10832064941.653982,BG,Europe,1993-BG,1992
Bulgaria,BGR,1994,9697416974.169743,BG,Europe,1994-BG,1992
Bulgaria,BGR,1995,18991484420.359978,BG,Europe,1995-BG,1992
Bulgaria,BGR,1996,12294964837.623463,BG,Europe,1996-BG,1996
Bulgaria,BGR,1997,11316127378.96127,BG,Europe,1997-BG,1996
Bulgaria,BGR,1998,15031055046.757534,BG,Europe,1998-BG,1996
Bulgaria,BGR,1999,13627325461.174295,BG,Europe,1999-BG,1996
Bulgaria,BGR,2000,13245990274.45809,BG,Europe,2000-BG,2000
Bulgaria,BGR,2001,14183446025.738909,BG,Europe,2001-BG,2000
Bulgaria,BGR,2002,16403043849.82968,BG,Europe,2002-BG,2000
Bulgaria,BGR,2003,21144957990.468067,BG,Europe,2003-BG,2000
Bulgaria,BGR,2004,26157743368.871613,BG,Europe,2004-BG,2004
Bulgaria,BGR,2005,29868657858.008186,BG,Europe,2005-BG,2004
Bulgaria,BGR,2006,34380536495.67393,BG,Europe,2006-BG,2004
Bulgaria,BGR,2007,44432811756.47305,BG,Europe,2007-BG,2004
Bulgaria,BGR,2008,54480684188.44424,BG,Europe,2008-BG,2008
Bulgaria,BGR,2009,52023801230.120026,BG,Europe,2009-BG,2008
Bulgaria,BGR,2010,50760929302.51474,BG,Europe,2010-BG,2008
Bulgaria,BGR,2011,57737040780.015656,BG,Europe,2011-BG,2008
Bulgaria,BGR,2012,54288135058.79262,BG,Europe,2012-BG,2012
Bulgaria,BGR,2013,55852123989.95043,BG,Europe,2013-BG,2012
Bulgaria,BGR,2014,57157782909.93072,BG,Europe,2014-BG,2012
Bulgaria,BGR,2015,50811995688.67711,BG,Europe,2015-BG,2012
Bulgaria,BGR,2016,53964253211.83995,BG,Europe,2016-BG,2016
Bulgaria,BGR,2017,59309748166.11794,BG,Europe,2017-BG,2016
Bulgaria,BGR,2018,66370132238,BG,Europe,2018-BG,2016
Bulgaria,BGR,2019,68881010245.54976,BG,Europe,2019-BG,2016
Bulgaria,BGR,2020,70368758395.14104,BG,Europe,2020-BG,2020
Bulgaria,BGR,2021,84041493015.66185,BG,Europe,2021-BG,2020
Bulgaria,BGR,2022,90346169914.93486,BG,Europe,2022-BG,2020
Bulgaria,BGR,2023,101584384672.78587,BG,Europe,2023-BG,2020
Burkina Faso,BFA,1960,330442815.8211856,BF,Africa,1960-BF,1960
Burkina Faso,BFA,1961,350247234.26071155,BF,Africa,1961-BF,1960
Burkina Faso,BFA,1962,379567099.24942166,BF,Africa,1962-BF,1960
Burkina Faso,BFA,1963,394040667.1063353,BF,Africa,1963-BF,1960
Burkina Faso,BFA,1964,410321644.96491134,BF,Africa,1964-BF,1964
Burkina Faso,BFA,1965,422916789.7482999,BF,Africa,1965-BF,1964
Burkina Faso,BFA,1966,433889766.2,BF,Africa,1966-BF,1964
Burkina Faso,BFA,1967,450753923.5480476,BF,Africa,1967-BF,1964
Burkina Faso,BFA,1968,460442689.3763777,BF,Africa,1968-BF,1968
Burkina Faso,BFA,1969,478298645.39382035,BF,Africa,1969-BF,1968
Burkina Faso,BFA,1970,458404268.76197135,BF,Africa,1970-BF,1968
Burkina Faso,BFA,1971,482411179.1211782,BF,Africa,1971-BF,1968
Burkina Faso,BFA,1972,578595521.9901348,BF,Africa,1972-BF,1972
Burkina Faso,BFA,1973,674773569.8775476,BF,Africa,1973-BF,1972
Burkina Faso,BFA,1974,751133430.4493006,BF,Africa,1974-BF,1972
Burkina Faso,BFA,1975,939972703.4630206,BF,Africa,1975-BF,1972
Burkina Faso,BFA,1976,976547188.0547776,BF,Africa,1976-BF,1976
Burkina Faso,BFA,1977,1131224878.1886473,BF,Africa,1977-BF,1976
Burkina Faso,BFA,1978,1475583644.9361432,BF,Africa,1978-BF,1976
Burkina Faso,BFA,1979,1748480620.5239744,BF,Africa,1979-BF,1976
Burkina Faso,BFA,1980,1928719888.2068832,BF,Africa,1980-BF,1980
Burkina Faso,BFA,1981,1775842333.5704167,BF,Africa,1981-BF,1980
Burkina Faso,BFA,1982,1754450096.2372131,BF,Africa,1982-BF,1980
Burkina Faso,BFA,1983,1600278605.2546546,BF,Africa,1983-BF,1980
Burkina Faso,BFA,1984,1459880132.1410668,BF,Africa,1984-BF,1984
Burkina Faso,BFA,1985,1552493196.2842438,BF,Africa,1985-BF,1984
Burkina Faso,BFA,1986,2036303357.6811328,BF,Africa,1986-BF,1984
Burkina Faso,BFA,1987,2369834949.732339,BF,Africa,1987-BF,1984
Burkina Faso,BFA,1988,2616040478.9930944,BF,Africa,1988-BF,1988
Burkina Faso,BFA,1989,2615587733.973027,BF,Africa,1989-BF,1988
Burkina Faso,BFA,1990,3101300778.564138,BF,Africa,1990-BF,1988
Burkina Faso,BFA,1991,3135045584,BF,Africa,1991-BF,1988
Burkina Faso,BFA,1992,3356692505.1826596,BF,Africa,1992-BF,1992
Burkina Faso,BFA,1993,3199536465.233282,BF,Africa,1993-BF,1992
Burkina Faso,BFA,1994,1895290637.0950437,BF,Africa,1994-BF,1992
Burkina Faso,BFA,1995,2379517975.2805634,BF,Africa,1995-BF,1992
Burkina Faso,BFA,1996,2586550595.4101324,BF,Africa,1996-BF,1996
Burkina Faso,BFA,1997,2447669101.9517813,BF,Africa,1997-BF,1996
Burkina Faso,BFA,1998,2804902367.146874,BF,Africa,1998-BF,1996
Burkina Faso,BFA,1999,3389566712.6603723,BF,Africa,1999-BF,1996
Burkina Faso,BFA,2000,2968370087.597594,BF,Africa,2000-BF,2000
Burkina Faso,BFA,2001,3190371080.947684,BF,Africa,2001-BF,2000
Burkina Faso,BFA,2002,3622350062.9605265,BF,Africa,2002-BF,2000
Burkina Faso,BFA,2003,4740768142.674943,BF,Africa,2003-BF,2000
Burkina Faso,BFA,2004,5451688537.6095915,BF,Africa,2004-BF,2004
Burkina Faso,BFA,2005,6146353173.349286,BF,Africa,2005-BF,2004
Burkina Faso,BFA,2006,6547419820.381131,BF,Africa,2006-BF,2004
Burkina Faso,BFA,2007,7625722836.768471,BF,Africa,2007-BF,2004
Burkina Faso,BFA,2008,9451435490.114674,BF,Africa,2008-BF,2008
Burkina Faso,BFA,2009,9450696873.343262,BF,Africa,2009-BF,2008
Burkina Faso,BFA,2010,10109619740.699419,BF,Africa,2010-BF,2008
Burkina Faso,BFA,2011,12080295977.563232,BF,Africa,2011-BF,2008
Burkina Faso,BFA,2012,12561015156.568285,BF,Africa,2012-BF,2012
Burkina Faso,BFA,2013,13444300485.841228,BF,Africa,2013-BF,2012
Burkina Faso,BFA,2014,13943016076.743608,BF,Africa,2014-BF,2012
Burkina Faso,BFA,2015,11832159315.62978,BF,Africa,2015-BF,2012
Burkina Faso,BFA,2016,12833363045.336655,BF,Africa,2016-BF,2016
Burkina Faso,BFA,2017,14106955615.344177,BF,Africa,2017-BF,2016
Burkina Faso,BFA,2018,15890066221.288244,BF,Africa,2018-BF,2016
Burkina Faso,BFA,2019,16032813501.663946,BF,Africa,2019-BF,2016
Burkina Faso,BFA,2020,17725010531,BF,Africa,2020-BF,2020
Burkina Faso,BFA,2021,19643166853.66414,BF,Africa,2021-BF,2020
Burkina Faso,BFA,2022,18820219331.22608,BF,Africa,2022-BF,2020
Burkina Faso,BFA,2023,20324617838.967648,BF,Africa,2023-BF,2020
Burundi,BDI,1960,195999990,BI,Africa,1960-BI,1960
Burundi,BDI,1961,202999992,BI,Africa,1961-BI,1960
Burundi,BDI,1962,213500006,BI,Africa,1962-BI,1960
Burundi,BDI,1963,232749998,BI,Africa,1963-BI,1960
Burundi,BDI,1964,260750008,BI,Africa,1964-BI,1964
Burundi,BDI,1965,158994962.96296296,BI,Africa,1965-BI,1964
Burundi,BDI,1966,165444571.42857143,BI,Africa,1966-BI,1964
Burundi,BDI,1967,178297142.85714287,BI,Africa,1967-BI,1964
Burundi,BDI,1968,183200000,BI,Africa,1968-BI,1968
Burundi,BDI,1969,190205714.2857143,BI,Africa,1969-BI,1968
Burundi,BDI,1970,242732571.42857143,BI,Africa,1970-BI,1968
Burundi,BDI,1971,252842285.7142857,BI,Africa,1971-BI,1968
Burundi,BDI,1972,246804571.42857143,BI,Africa,1972-BI,1972
Burundi,BDI,1973,304339839.55214554,BI,Africa,1973-BI,1972
Burundi,BDI,1974,345263492.06349206,BI,Africa,1974-BI,1972
Burundi,BDI,1975,420986666.6666666,BI,Africa,1975-BI,1972
Burundi,BDI,1976,448412753.6231884,BI,Africa,1976-BI,1976
Burundi,BDI,1977,547535555.5555556,BI,Africa,1977-BI,1976
Burundi,BDI,1978,610225555.5555556,BI,Africa,1978-BI,1976
Burundi,BDI,1979,782496666.6666666,BI,Africa,1979-BI,1976
Burundi,BDI,1980,919726666.6666666,BI,Africa,1980-BI,1980
Burundi,BDI,1981,969046666.6666666,BI,Africa,1981-BI,1980
Burundi,BDI,1982,1013222222.2222222,BI,Africa,1982-BI,1980
Burundi,BDI,1983,1082926304.464766,BI,Africa,1983-BI,1980
Burundi,BDI,1984,987143931.2,BI,Africa,1984-BI,1984
Burundi,BDI,1985,1149979285.7734692,BI,Africa,1985-BI,1984
Burundi,BDI,1986,1201725497.065779,BI,Africa,1986-BI,1984
Burundi,BDI,1987,1131466494.0110068,BI,Africa,1987-BI,1984
Burundi,BDI,1988,1082403219.4878733,BI,Africa,1988-BI,1988
Burundi,BDI,1989,1113924130.4114907,BI,Africa,1989-BI,1988
Burundi,BDI,1990,1132101252.5181746,BI,Africa,1990-BI,1988
Burundi,BDI,1991,1167398478.3459036,BI,Africa,1991-BI,1988
Burundi,BDI,1992,1083037671,BI,Africa,1992-BI,1992
Burundi,BDI,1993,938632612.0263591,BI,Africa,1993-BI,1992
Burundi,BDI,1994,925030590.2,BI,Africa,1994-BI,1992
Burundi,BDI,1995,1000428393.885281,BI,Africa,1995-BI,1992
Burundi,BDI,1996,869033856.3170933,BI,Africa,1996-BI,1996
Burundi,BDI,1997,972896267.9,BI,Africa,1997-BI,1996
Burundi,BDI,1998,893770740.2074156,BI,Africa,1998-BI,1996
Burundi,BDI,1999,808077223.3657464,BI,Africa,1999-BI,1996
Burundi,BDI,2000,870486065.8831366,BI,Africa,2000-BI,2000
Burundi,BDI,2001,876794723.0685855,BI,Africa,2001-BI,2000
Burundi,BDI,2002,825394519.4237278,BI,Africa,2002-BI,2000
Burundi,BDI,2003,784654423.6204764,BI,Africa,2003-BI,2000
Burundi,BDI,2004,915257323.3960996,BI,Africa,2004-BI,2004
Burundi,BDI,2005,1117113079.736455,BI,Africa,2005-BI,2004
Burundi,BDI,2006,1273375078.4484448,BI,Africa,2006-BI,2004
Burundi,BDI,2007,1356199387.4230778,BI,Africa,2007-BI,2004
Burundi,BDI,2008,1611835857.0458813,BI,Africa,2008-BI,2008
Burundi,BDI,2009,1781455139.8593144,BI,Africa,2009-BI,2008
Burundi,BDI,2010,2032135192.0124843,BI,Africa,2010-BI,2008
Burundi,BDI,2011,2235820809.3200555,BI,Africa,2011-BI,2008
Burundi,BDI,2012,2333341334.457535,BI,Africa,2012-BI,2012
Burundi,BDI,2013,2451606632.292456,BI,Africa,2013-BI,2012
Burundi,BDI,2014,2705783329.804834,BI,Africa,2014-BI,2012
Burundi,BDI,2015,3104003546.264973,BI,Africa,2015-BI,2012
Burundi,BDI,2016,2644487776.500767,BI,Africa,2016-BI,2016
Burundi,BDI,2017,2723586962.8403373,BI,Africa,2017-BI,2016
Burundi,BDI,2018,2667182200,BI,Africa,2018-BI,2016
Burundi,BDI,2019,2576518879.823531,BI,Africa,2019-BI,2016
Burundi,BDI,2020,2649680261.442985,BI,Africa,2020-BI,2020
Burundi,BDI,2021,2775798697.4602237,BI,Africa,2021-BI,2020
Burundi,BDI,2022,3338722827.656905,BI,Africa,2022-BI,2020
Burundi,BDI,2023,2642161668.9275384,BI,Africa,2023-BI,2020
Cabo Verde,CPV,1980,142246815.34500742,CV,Africa,1980-CV,1980
Cabo Verde,CPV,1981,139468209.11620566,CV,Africa,1981-CV,1980
Cabo Verde,CPV,1982,140630678.98347828,CV,Africa,1982-CV,1980
Cabo Verde,CPV,1983,138476175.62036282,CV,Africa,1983-CV,1980
Cabo Verde,CPV,1984,132019038.59162803,CV,Africa,1984-CV,1984
Cabo Verde,CPV,1985,137728204.81373543,CV,Africa,1985-CV,1984
Cabo Verde,CPV,1986,190651167.55938494,CV,Africa,1986-CV,1984
Cabo Verde,CPV,1987,235253064.70981985,CV,Africa,1987-CV,1984
Cabo Verde,CPV,1988,264308140.28514937,CV,Africa,1988-CV,1988
Cabo Verde,CPV,1989,267448571.41461146,CV,Africa,1989-CV,1988
Cabo Verde,CPV,1990,306890962.64953285,CV,Africa,1990-CV,1988
Cabo Verde,CPV,1991,319827058.59287477,CV,Africa,1991-CV,1988
Cabo Verde,CPV,1992,357160985.3274133,CV,Africa,1992-CV,1992
Cabo Verde,CPV,1993,490417389.68256927,CV,Africa,1993-CV,1992
Cabo Verde,CPV,1994,406580652.33053684,CV,Africa,1994-CV,1992
Cabo Verde,CPV,1995,487148993.5331087,CV,Africa,1995-CV,1992
Cabo Verde,CPV,1996,501979269.8439417,CV,Africa,1996-CV,1996
Cabo Verde,CPV,1997,490608657.9249761,CV,Africa,1997-CV,1996
Cabo Verde,CPV,1998,521910560.5248681,CV,Africa,1998-CV,1996
Cabo Verde,CPV,1999,592416703.0588781,CV,Africa,1999-CV,1996
Cabo Verde,CPV,2000,539227277.6264108,CV,Africa,2000-CV,2000
Cabo Verde,CPV,2001,563090490.3773685,CV,Africa,2001-CV,2000
Cabo Verde,CPV,2002,620507387.4661741,CV,Africa,2002-CV,2000
Cabo Verde,CPV,2003,813260468.8738337,CV,Africa,2003-CV,2000
Cabo Verde,CPV,2004,924940011.8368965,CV,Africa,2004-CV,2004
Cabo Verde,CPV,2005,972241676.9076619,CV,Africa,2005-CV,2004
Cabo Verde,CPV,2006,1107571457.9061399,CV,Africa,2006-CV,2004
Cabo Verde,CPV,2007,1649621738.636892,CV,Africa,2007-CV,2004
Cabo Verde,CPV,2008,1959620648.3157773,CV,Africa,2008-CV,2008
Cabo Verde,CPV,2009,1852334575.1752055,CV,Africa,2009-CV,2008
Cabo Verde,CPV,2010,1824751467.9295683,CV,Africa,2010-CV,2008
Cabo Verde,CPV,2011,2046817987.2010858,CV,Africa,2011-CV,2008
Cabo Verde,CPV,2012,1913081210.4141111,CV,Africa,2012-CV,2012
Cabo Verde,CPV,2013,2028910915.1644647,CV,Africa,2013-CV,2012
Cabo Verde,CPV,2014,2041930125.4297915,CV,Africa,2014-CV,2012
Cabo Verde,CPV,2015,1749857620.3532875,CV,Africa,2015-CV,2012
Cabo Verde,CPV,2016,1849789985.9957225,CV,Africa,2016-CV,2016
Cabo Verde,CPV,2017,1996741539.9508774,CV,Africa,2017-CV,2016
Cabo Verde,CPV,2018,2205099506.9999404,CV,Africa,2018-CV,2016
Cabo Verde,CPV,2019,2252177124.324024,CV,Africa,2019-CV,2016
Cabo Verde,CPV,2020,1821565613.6861308,CV,Africa,2020-CV,2020
Cabo Verde,CPV,2021,2051842609.6455781,CV,Africa,2021-CV,2020
Cabo Verde,CPV,2022,2303738020.1514816,CV,Africa,2022-CV,2020
Cabo Verde,CPV,2023,2587252076.305599,CV,Africa,2023-CV,2020
Cambodia,KHM,1975,749129748.1605784,KH,Asia,1975-KH,1972
Cambodia,KHM,1976,790357254.5332818,KH,Asia,1976-KH,1976
Cambodia,KHM,1977,716261764.5078233,KH,Asia,1977-KH,1976
Cambodia,KHM,1978,766642356.1440547,KH,Asia,1978-KH,1976
Cambodia,KHM,1979,723738502.7,KH,Asia,1979-KH,1976
Cambodia,KHM,1980,744384129.7,KH,Asia,1980-KH,1980
Cambodia,KHM,1981,815153652.3897336,KH,Asia,1981-KH,1980
Cambodia,KHM,1982,865516039.8000126,KH,Asia,1982-KH,1980
Cambodia,KHM,1983,939291262.1220036,KH,Asia,1983-KH,1980
Cambodia,KHM,1984,1021176058.6378794,KH,Asia,1984-KH,1984
Cambodia,KHM,1985,1102669184.4622602,KH,Asia,1985-KH,1984
Cambodia,KHM,1986,1167630317.841059,KH,Asia,1986-KH,1984
Cambodia,KHM,1987,1036974910.4474584,KH,Asia,1987-KH,1984
Cambodia,KHM,1988,1662877859.220189,KH,Asia,1988-KH,1988
Cambodia,KHM,1989,1353137647.6838706,KH,Asia,1989-KH,1988
Cambodia,KHM,1990,1402541176.5120633,KH,Asia,1990-KH,1988
Cambodia,KHM,1991,2054974089.364303,KH,Asia,1991-KH,1988
Cambodia,KHM,1992,2491486594.189168,KH,Asia,1992-KH,1992
Cambodia,KHM,1993,2533727592.0416512,KH,Asia,1993-KH,1992
Cambodia,KHM,1994,2791435272,KH,Asia,1994-KH,1992
Cambodia,KHM,1995,3441205692.9165983,KH,Asia,1995-KH,1992
Cambodia,KHM,1996,3506695719.572588,KH,Asia,1996-KH,1996
Cambodia,KHM,1997,3443413388.6569595,KH,Asia,1997-KH,1996
Cambodia,KHM,1998,3120425502.662407,KH,Asia,1998-KH,1996
Cambodia,KHM,1999,3517242477.254799,KH,Asia,1999-KH,1996
Cambodia,KHM,2000,3654031716.398547,KH,Asia,2000-KH,2000
Cambodia,KHM,2001,3984000517.074414,KH,Asia,2001-KH,2000
Cambodia,KHM,2002,4284028482.5121264,KH,Asia,2002-KH,2000
Cambodia,KHM,2003,4658246918.321186,KH,Asia,2003-KH,2000
Cambodia,KHM,2004,5337833248.014341,KH,Asia,2004-KH,2004
Cambodia,KHM,2005,6293046161.7593155,KH,Asia,2005-KH,2004
Cambodia,KHM,2006,7274595706.574058,KH,Asia,2006-KH,2004
Cambodia,KHM,2007,8639235912.590769,KH,Asia,2007-KH,2004
Cambodia,KHM,2008,10351914177.483913,KH,Asia,2008-KH,2008
Cambodia,KHM,2009,10401851767.708315,KH,Asia,2009-KH,2008
Cambodia,KHM,2010,11242275287.581013,KH,Asia,2010-KH,2008
Cambodia,KHM,2011,12829541141.061968,KH,Asia,2011-KH,2008
Cambodia,KHM,2012,14054443213.488718,KH,Asia,2012-KH,2012
Cambodia,KHM,2013,15227991395.12074,KH,Asia,2013-KH,2012
Cambodia,KHM,2014,16702610842.35294,KH,Asia,2014-KH,2012
Cambodia,KHM,2015,18049954289.472065,KH,Asia,2015-KH,2012
Cambodia,KHM,2016,20016747857.636715,KH,Asia,2016-KH,2016
Cambodia,KHM,2017,22177200588.182632,KH,Asia,2017-KH,2016
Cambodia,KHM,2018,24571753583.393467,KH,Asia,2018-KH,2016
Cambodia,KHM,2019,27089390032.797966,KH,Asia,2019-KH,2016
Cambodia,KHM,2020,25872797891.766376,KH,Asia,2020-KH,2020
Cambodia,KHM,2021,26961061151.733734,KH,Asia,2021-KH,2020
Cambodia,KHM,2022,29504829319.316875,KH,Asia,2022-KH,2020
Cambodia,KHM,2023,31772759998.85713,KH,Asia,2023-KH,2020
Cameroon,CMR,1960,614206068.4972658,CM,Africa,1960-CM,1960
Cameroon,CMR,1961,652777608.3204924,CM,Africa,1961-CM,1960
Cameroon,CMR,1962,694247864.3788999,CM,Africa,1962-CM,1960
Cameroon,CMR,1963,718320845.0443375,CM,Africa,1963-CM,1960
Cameroon,CMR,1964,776650176.9044532,CM,Africa,1964-CM,1964
Cameroon,CMR,1965,814083265.5114259,CM,Africa,1965-CM,1964
Cameroon,CMR,1966,851112534.5526356,CM,Africa,1966-CM,1964
Cameroon,CMR,1967,936175260.0309191,CM,Africa,1967-CM,1964
Cameroon,CMR,1968,1046191217.7994169,CM,Africa,1968-CM,1968
Cameroon,CMR,1969,1100551488.6268868,CM,Africa,1969-CM,1968
Cameroon,CMR,1970,1151216992.8809454,CM,Africa,1970-CM,1968
Cameroon,CMR,1971,1236941394.114466,CM,Africa,1971-CM,1968
Cameroon,CMR,1972,1498251889.6628742,CM,Africa,1972-CM,1972
Cameroon,CMR,1973,1901393361.0228183,CM,Africa,1973-CM,1972
Cameroon,CMR,1974,2157415532.5479603,CM,Africa,1974-CM,1972
Cameroon,CMR,1975,2857037371.058858,CM,Africa,1975-CM,1972
Cameroon,CMR,1976,2898090001.8562007,CM,Africa,1976-CM,1976
Cameroon,CMR,1977,3394664024.055029,CM,Africa,1977-CM,1976
Cameroon,CMR,1978,4662852583.132564,CM,Africa,1978-CM,1976
Cameroon,CMR,1979,5919002982.601996,CM,Africa,1979-CM,1976
Cameroon,CMR,1980,6674569046.683197,CM,Africa,1980-CM,1980
Cameroon,CMR,1981,6610938616.664299,CM,Africa,1981-CM,1980
Cameroon,CMR,1982,6611255963.835844,CM,Africa,1982-CM,1980
Cameroon,CMR,1983,6870200009.900646,CM,Africa,1983-CM,1980
Cameroon,CMR,1984,7311938026.367127,CM,Africa,1984-CM,1984
Cameroon,CMR,1985,8544810497.988902,CM,Africa,1985-CM,1984
Cameroon,CMR,1986,11857056199.076525,CM,Africa,1986-CM,1984
Cameroon,CMR,1987,13049659981.137337,CM,Africa,1987-CM,1984
Cameroon,CMR,1988,12236057362.491734,CM,Africa,1988-CM,1988
Cameroon,CMR,1989,11012566195.02554,CM,Africa,1989-CM,1988
Cameroon,CMR,1990,12314482627.84536,CM,Africa,1990-CM,1988
Cameroon,CMR,1991,11840192296.38931,CM,Africa,1991-CM,1988
Cameroon,CMR,1992,12071775335.04334,CM,Africa,1992-CM,1992
Cameroon,CMR,1993,16181814712.529512,CM,Africa,1993-CM,1992
Cameroon,CMR,1994,8902446252.183718,CM,Africa,1994-CM,1992
Cameroon,CMR,1995,10864772470.904276,CM,Africa,1995-CM,1992
Cameroon,CMR,1996,11093538846.448252,CM,Africa,1996-CM,1996
Cameroon,CMR,1997,10789458432.641554,CM,Africa,1997-CM,1996
Cameroon,CMR,1998,11298144990.410444,CM,Africa,1998-CM,1996
Cameroon,CMR,1999,11565826458.893816,CM,Africa,1999-CM,1996
Cameroon,CMR,2000,10566579294.515879,CM,Africa,2000-CM,2000
Cameroon,CMR,2001,10953485345.222004,CM,Africa,2001-CM,2000
Cameroon,CMR,2002,12417251341.602757,CM,Africa,2002-CM,2000
Cameroon,CMR,2003,15970315030.239712,CM,Africa,2003-CM,2000
Cameroon,CMR,2004,18826214125.231678,CM,Africa,2004-CM,2004
Cameroon,CMR,2005,19509852219.89974,CM,Africa,2005-CM,2004
Cameroon,CMR,2006,20910512979.12774,CM,Africa,2006-CM,2004
Cameroon,CMR,2007,23928250409.221233,CM,Africa,2007-CM,2004
Cameroon,CMR,2008,27715142006.01808,CM,Africa,2008-CM,2008
Cameroon,CMR,2009,27932970296.85164,CM,Africa,2009-CM,2008
Cameroon,CMR,2010,27507501808.637745,CM,Africa,2010-CM,2008
Cameroon,CMR,2011,30630910513.488373,CM,Africa,2011-CM,2008
Cameroon,CMR,2012,30155062302.449677,CM,Africa,2012-CM,2012
Cameroon,CMR,2013,33728621190.416393,CM,Africa,2013-CM,2012
Cameroon,CMR,2014,36386544715.27016,CM,Africa,2014-CM,2012
Cameroon,CMR,2015,32210233021.404896,CM,Africa,2015-CM,2012
Cameroon,CMR,2016,33814337040.781666,CM,Africa,2016-CM,2016
Cameroon,CMR,2017,36098547058.785095,CM,Africa,2017-CM,2016
Cameroon,CMR,2018,39955552189.79499,CM,Africa,2018-CM,2016
Cameroon,CMR,2019,39667757527.65778,CM,Africa,2019-CM,2016
Cameroon,CMR,2020,40773241177.05051,CM,Africa,2020-CM,2020
Cameroon,CMR,2021,44993521774.06597,CM,Africa,2021-CM,2020
Cameroon,CMR,2022,43644068310.85101,CM,Africa,2022-CM,2020
Cameroon,CMR,2023,47945510090.05286,CM,Africa,2023-CM,2020
Canada,CAN,1960,40563768946.95027,CA,North America,1960-CA,1960
Canada,CAN,1961,41038192837.90354,CA,North America,1961-CA,1960
Canada,CAN,1962,42336211556,CA,North America,1962-CA,1960
Canada,CAN,1963,45140337826.986855,CA,North America,1963-CA,1960
Canada,CAN,1964,49503663836,CA,North America,1964-CA,1964
Canada,CAN,1965,54649410478.52257,CA,North America,1965-CA,1964
Canada,CAN,1966,61252415404.686035,CA,North America,1966-CA,1964
Canada,CAN,1967,65856924423.97209,CA,North America,1967-CA,1964
Canada,CAN,1968,72048833006.16019,CA,North America,1968-CA,1968
Canada,CAN,1969,79405011124.82079,CA,North America,1969-CA,1968
Canada,CAN,1970,88192257632.30931,CA,North America,1970-CA,1968
Canada,CAN,1971,99606454743.51357,CA,North America,1971-CA,1968
Canada,CAN,1972,113463848873.6236,CA,North America,1972-CA,1972
Canada,CAN,1973,131764343565.64342,CA,North America,1973-CA,1972
Canada,CAN,1974,160949188139.0593,CA,North America,1974-CA,1972
Canada,CAN,1975,174419757176.5631,CA,North America,1975-CA,1972
Canada,CAN,1976,207271612576.0649,CA,North America,1976-CA,1976
Canada,CAN,1977,212325176304.65448,CA,North America,1977-CA,1976
Canada,CAN,1978,219369542386.25406,CA,North America,1978-CA,1976
Canada,CAN,1979,243891124295.71454,CA,North America,1979-CA,1976
Canada,CAN,1980,274776566028.05338,CA,North America,1980-CA,1980
Canada,CAN,1981,307246642755.8595,CA,North America,1981-CA,1980
Canada,CAN,1982,314647807408.6083,CA,North America,1982-CA,1980
Canada,CAN,1983,341866277182.7329,CA,North America,1983-CA,1980
Canada,CAN,1984,356718400123.5426,CA,North America,1984-CA,1984
Canada,CAN,1985,366186012449.65216,CA,North America,1985-CA,1984
Canada,CAN,1986,379006836991.72363,CA,North America,1986-CA,1984
Canada,CAN,1987,433134238310.70886,CA,North America,1987-CA,1984
Canada,CAN,1988,5.0938E+11,CA,North America,1988-CA,1988
Canada,CAN,1989,567211993243.2433,CA,North America,1989-CA,1988
Canada,CAN,1990,596075591360.9873,CA,North America,1990-CA,1988
Canada,CAN,1991,6.12528E+11,CA,North America,1991-CA,1988
Canada,CAN,1992,594387358318.8549,CA,North America,1992-CA,1992
Canada,CAN,1993,5.79054E+11,CA,North America,1993-CA,1992
Canada,CAN,1994,579944346807.2643,CA,North America,1994-CA,1992
Canada,CAN,1995,605961090061.2067,CA,North America,1995-CA,1992
Canada,CAN,1996,630607994132.7466,CA,North America,1996-CA,1996
Canada,CAN,1997,6.54987E+11,CA,North America,1997-CA,1996
Canada,CAN,1998,6.34E+11,CA,North America,1998-CA,1996
Canada,CAN,1999,6.78412E+11,CA,North America,1999-CA,1996
Canada,CAN,2000,7.44773E+11,CA,North America,2000-CA,2000
Canada,CAN,2001,7.38982E+11,CA,North America,2001-CA,2000
Canada,CAN,2002,760649334098.0055,CA,North America,2002-CA,2000
Canada,CAN,2003,8.95541E+11,CA,North America,2003-CA,2000
Canada,CAN,2004,1026690238278.2476,CA,North America,2004-CA,2004
Canada,CAN,2005,1173108598778.6763,CA,North America,2005-CA,2004
Canada,CAN,2006,1319264809590.9731,CA,North America,2006-CA,2004
Canada,CAN,2007,1468820407783.2603,CA,North America,2007-CA,2004
Canada,CAN,2008,1552989690721.6497,CA,North America,2008-CA,2008
Canada,CAN,2009,1374625142157.2915,CA,North America,2009-CA,2008
Canada,CAN,2010,1617343367486.2585,CA,North America,2010-CA,2008
Canada,CAN,2011,1793326630174.5186,CA,North America,2011-CA,2008
Canada,CAN,2012,1828366481521.5952,CA,North America,2012-CA,2012
Canada,CAN,2013,1846597421834.9834,CA,North America,2013-CA,2012
Canada,CAN,2014,1805749878439.9412,CA,North America,2014-CA,2012
Canada,CAN,2015,1556508816217.1401,CA,North America,2015-CA,2012
Canada,CAN,2016,1527994741907.425,CA,North America,2016-CA,2016
Canada,CAN,2017,1649265644244.095,CA,North America,2017-CA,2016
Canada,CAN,2018,1725329192783.024,CA,North America,2018-CA,2016
Canada,CAN,2019,1743725183672.5212,CA,North America,2019-CA,2016
Canada,CAN,2020,1655684730000.1936,CA,North America,2020-CA,2020
Canada,CAN,2021,2007472181464.1519,CA,North America,2021-CA,2020
Canada,CAN,2022,2161483369422.0146,CA,North America,2022-CA,2020
Canada,CAN,2023,2140085567791.4514,CA,North America,2023-CA,2020
Cayman Islands,CYM,2006,4200288282.1015687,KY,North America,2006-KY,2004
Cayman Islands,CYM,2007,4466278030.591674,KY,North America,2007-KY,2004
Cayman Islands,CYM,2008,4585948969.332233,KY,North America,2008-KY,2008
Cayman Islands,CYM,2009,4281714618.0323763,KY,North America,2009-KY,2008
Cayman Islands,CYM,2010,4156841163.777627,KY,North America,2010-KY,2008
Cayman Islands,CYM,2011,4186073160.182533,KY,North America,2011-KY,2008
Cayman Islands,CYM,2012,4291004485.5680346,KY,North America,2012-KY,2012
Cayman Islands,CYM,2013,4405796081.159841,KY,North America,2013-KY,2012
Cayman Islands,CYM,2014,4562853582.324625,KY,North America,2014-KY,2012
Cayman Islands,CYM,2015,4708167255.287269,KY,North America,2015-KY,2012
Cayman Islands,CYM,2016,4909322200.002124,KY,North America,2016-KY,2016
Cayman Islands,CYM,2017,5166281293.187153,KY,North America,2017-KY,2016
Cayman Islands,CYM,2018,5530178498.907827,KY,North America,2018-KY,2016
Cayman Islands,CYM,2019,5941896599.573326,KY,North America,2019-KY,2016
Cayman Islands,CYM,2020,5655357984.242185,KY,North America,2020-KY,2020
Cayman Islands,CYM,2021,6060026509.585386,KY,North America,2021-KY,2020
Cayman Islands,CYM,2022,6600844001.537206,KY,North America,2022-KY,2020
Central African Republic,CAF,1960,112155598.49215747,CF,Africa,1960-CF,1960
Central African Republic,CAF,1961,123134583.46355903,CF,Africa,1961-CF,1960
Central African Republic,CAF,1962,124482773.83305976,CF,Africa,1962-CF,1960
Central African Republic,CAF,1963,129379123.76305042,CF,Africa,1963-CF,1960
Central African Republic,CAF,1964,142025078.73575366,CF,Africa,1964-CF,1964
Central African Republic,CAF,1965,150574795.40986323,CF,Africa,1965-CF,1964
Central African Republic,CAF,1966,157930018.0910871,CF,Africa,1966-CF,1964
Central African Republic,CAF,1967,163820513.56243202,CF,Africa,1967-CF,1964
Central African Republic,CAF,1968,191767441.6045771,CF,Africa,1968-CF,1968
Central African Republic,CAF,1969,188039210.13037923,CF,Africa,1969-CF,1968
Central African Republic,CAF,1970,189106529.20701113,CF,Africa,1970-CF,1968
Central African Republic,CAF,1971,201450799.82635018,CF,Africa,1971-CF,1968
Central African Republic,CAF,1972,230317883.36442974,CF,Africa,1972-CF,1972
Central African Republic,CAF,1973,271183082.04306173,CF,Africa,1973-CF,1972
Central African Republic,CAF,1974,281398705.57059574,CF,Africa,1974-CF,1972
Central African Republic,CAF,1975,378660016.2659364,CF,Africa,1975-CF,1972
Central African Republic,CAF,1976,451152461.3127605,CF,Africa,1976-CF,1976
Central African Republic,CAF,1977,507298147.5265393,CF,Africa,1977-CF,1976
Central African Republic,CAF,1978,610578631.9929826,CF,Africa,1978-CF,1976
Central African Republic,CAF,1979,700764747.7564625,CF,Africa,1979-CF,1976
Central African Republic,CAF,1980,797048198.5348748,CF,Africa,1980-CF,1980
Central African Republic,CAF,1981,694803622.8989656,CF,Africa,1981-CF,1980
Central African Republic,CAF,1982,748312390.7566056,CF,Africa,1982-CF,1980
Central African Republic,CAF,1983,658679332.6813309,CF,Africa,1983-CF,1980
Central African Republic,CAF,1984,637820670.2996036,CF,Africa,1984-CF,1984
Central African Republic,CAF,1985,864849836.3,CF,Africa,1985-CF,1984
Central African Republic,CAF,1986,1122265013.4200428,CF,Africa,1986-CF,1984
Central African Republic,CAF,1987,1200991977.8080113,CF,Africa,1987-CF,1984
Central African Republic,CAF,1988,1264899287.5126107,CF,Africa,1988-CF,1988
Central African Republic,CAF,1989,1233930280.917237,CF,Africa,1989-CF,1988
Central African Republic,CAF,1990,1440711459.1696668,CF,Africa,1990-CF,1988
Central African Republic,CAF,1991,1377374986.5870886,CF,Africa,1991-CF,1988
Central African Republic,CAF,1992,1411917553.1243598,CF,Africa,1992-CF,1992
Central African Republic,CAF,1993,1278781261.5592825,CF,Africa,1993-CF,1992
Central African Republic,CAF,1994,851174356.7817373,CF,Africa,1994-CF,1992
Central African Republic,CAF,1995,1115389673.6919692,CF,Africa,1995-CF,1992
Central African Republic,CAF,1996,1007791127.0991323,CF,Africa,1996-CF,1996
Central African Republic,CAF,1997,937741513.0153515,CF,Africa,1997-CF,1996
Central African Republic,CAF,1998,967338389.6505778,CF,Africa,1998-CF,1996
Central African Republic,CAF,1999,999477510.6866324,CF,Africa,1999-CF,1996
Central African Republic,CAF,2000,916777282.6916586,CF,Africa,2000-CF,2000
Central African Republic,CAF,2001,932648604.7519541,CF,Africa,2001-CF,2000
Central African Republic,CAF,2002,996068144.8848892,CF,Africa,2002-CF,2000
Central African Republic,CAF,2003,1142315522.538636,CF,Africa,2003-CF,2000
Central African Republic,CAF,2004,1272360517.3237343,CF,Africa,2004-CF,2004
Central African Republic,CAF,2005,1337894378.737431,CF,Africa,2005-CF,2004
Central African Republic,CAF,2006,1461859762.3345907,CF,Africa,2006-CF,2004
Central African Republic,CAF,2007,1699811294.9493458,CF,Africa,2007-CF,2004
Central African Republic,CAF,2008,1993407888.4983778,CF,Africa,2008-CF,2008
Central African Republic,CAF,2009,2067381665.2545447,CF,Africa,2009-CF,2008
Central African Republic,CAF,2010,2142591540.4006848,CF,Africa,2010-CF,2008
Central African Republic,CAF,2011,2437982705.120927,CF,Africa,2011-CF,2008
Central African Republic,CAF,2012,2510126512.2283134,CF,Africa,2012-CF,2012
Central African Republic,CAF,2013,1691544110.1854331,CF,Africa,2013-CF,2012
Central African Republic,CAF,2014,1894813389.403252,CF,Africa,2014-CF,2012
Central African Republic,CAF,2015,1695825714.1928205,CF,Africa,2015-CF,2012
Central African Republic,CAF,2016,1825018144.6559532,CF,Africa,2016-CF,2016
Central African Republic,CAF,2017,2072349972.6817954,CF,Africa,2017-CF,2016
Central African Republic,CAF,2018,2220979146.1124053,CF,Africa,2018-CF,2016
Central African Republic,CAF,2019,2221301351.439182,CF,Africa,2019-CF,2016
Central African Republic,CAF,2020,2326720900.380474,CF,Africa,2020-CF,2020
Central African Republic,CAF,2021,2516498412.463837,CF,Africa,2021-CF,2020
Central African Republic,CAF,2022,2382618615.016939,CF,Africa,2022-CF,2020
Central African Republic,CAF,2023,2555492085.2483063,CF,Africa,2023-CF,2020
Chad,TCD,1960,313582728.1475742,TD,Africa,1960-TD,1960
Chad,TCD,1961,333975336.1107222,TD,Africa,1961-TD,1960
Chad,TCD,1962,357635713.4193201,TD,Africa,1962-TD,1960
Chad,TCD,1963,371767002.1948862,TD,Africa,1963-TD,1960
Chad,TCD,1964,392247517.7284819,TD,Africa,1964-TD,1964
Chad,TCD,1965,416926303.3168722,TD,Africa,1965-TD,1964
Chad,TCD,1966,432794921.6804892,TD,Africa,1966-TD,1964
Chad,TCD,1967,449826322.6134528,TD,Africa,1967-TD,1964
Chad,TCD,1968,453980096.2087106,TD,Africa,1968-TD,1968
Chad,TCD,1969,471635621.5615988,TD,Africa,1969-TD,1968
Chad,TCD,1970,469266736.65067697,TD,Africa,1970-TD,1968
Chad,TCD,1971,501866730.1489865,TD,Africa,1971-TD,1968
Chad,TCD,1972,585427546.7982723,TD,Africa,1972-TD,1972
Chad,TCD,1973,647199482.9825367,TD,Africa,1973-TD,1972
Chad,TCD,1974,652532795.0848049,TD,Africa,1974-TD,1972
Chad,TCD,1975,864602104.6796529,TD,Africa,1975-TD,1972
Chad,TCD,1976,866044962.0162745,TD,Africa,1976-TD,1976
Chad,TCD,1977,935360464.7013409,TD,Africa,1977-TD,1976
Chad,TCD,1978,1113920123.767227,TD,Africa,1978-TD,1976
Chad,TCD,1979,1004316496.3505077,TD,Africa,1979-TD,1976
Chad,TCD,1980,1033002403.8530374,TD,Africa,1980-TD,1980
Chad,TCD,1981,876937558.2737565,TD,Africa,1981-TD,1980
Chad,TCD,1982,834369859.6630175,TD,Africa,1982-TD,1980
Chad,TCD,1983,832415806.0100639,TD,Africa,1983-TD,1980
Chad,TCD,1984,919103734.8769958,TD,Africa,1984-TD,1984
Chad,TCD,1985,1033069709.331904,TD,Africa,1985-TD,1984
Chad,TCD,1986,1067828245.8620746,TD,Africa,1986-TD,1984
Chad,TCD,1987,1163426852.2044249,TD,Africa,1987-TD,1984
Chad,TCD,1988,1482597297.988208,TD,Africa,1988-TD,1988
Chad,TCD,1989,1433686312.0291424,TD,Africa,1989-TD,1988
Chad,TCD,1990,1738605557.7631288,TD,Africa,1990-TD,1988
Chad,TCD,1991,1877137981.757122,TD,Africa,1991-TD,1988
Chad,TCD,1992,1881847669.6979368,TD,Africa,1992-TD,1992
Chad,TCD,1993,1463251163.918803,TD,Africa,1993-TD,1992
Chad,TCD,1994,1179837963.2221267,TD,Africa,1994-TD,1992
Chad,TCD,1995,1445919894.5766084,TD,Africa,1995-TD,1992
Chad,TCD,1996,1607345355.782984,TD,Africa,1996-TD,1996
Chad,TCD,1997,1544689576.9271238,TD,Africa,1997-TD,1996
Chad,TCD,1998,1744794531.2140133,TD,Africa,1998-TD,1996
Chad,TCD,1999,1534673583.2487004,TD,Africa,1999-TD,1996
Chad,TCD,2000,1388506771.587557,TD,Africa,2000-TD,2000
Chad,TCD,2001,1710843377.001189,TD,Africa,2001-TD,2000
Chad,TCD,2002,1997005708.8157554,TD,Africa,2002-TD,2000
Chad,TCD,2003,2742815071.5743995,TD,Africa,2003-TD,2000
Chad,TCD,2004,4422855661,TD,Africa,2004-TD,2004
Chad,TCD,2005,6649307523.643773,TD,Africa,2005-TD,2004
Chad,TCD,2006,7428701453.9150915,TD,Africa,2006-TD,2004
Chad,TCD,2007,8650137743.325472,TD,Africa,2007-TD,2004
Chad,TCD,2008,10393833765.365057,TD,Africa,2008-TD,2008
Chad,TCD,2009,9290728318.988207,TD,Africa,2009-TD,2008
Chad,TCD,2010,10668103554.119226,TD,Africa,2010-TD,2008
Chad,TCD,2011,12172308851.039494,TD,Africa,2011-TD,2008
Chad,TCD,2012,12367362757.134161,TD,Africa,2012-TD,2012
Chad,TCD,2013,12953534866.428648,TD,Africa,2013-TD,2012
Chad,TCD,2014,13940767218.584887,TD,Africa,2014-TD,2012
Chad,TCD,2015,10950392256.954294,TD,Africa,2015-TD,2012
Chad,TCD,2016,10097778098.170738,TD,Africa,2016-TD,2016
Chad,TCD,2017,10000394381.017702,TD,Africa,2017-TD,2016
Chad,TCD,2018,11239167898.339537,TD,Africa,2018-TD,2016
Chad,TCD,2019,11314951091.728327,TD,Africa,2019-TD,2016
Chad,TCD,2020,10715396042.334282,TD,Africa,2020-TD,2020
Chad,TCD,2021,11779981332.159998,TD,Africa,2021-TD,2020
Chad,TCD,2022,12396807590.172993,TD,Africa,2022-TD,2020
Chad,TCD,2023,13149325358.73826,TD,Africa,2023-TD,2020
Chile,CHL,1960,4109999999.9999995,CL,South America,1960-CL,1960
Chile,CHL,1961,4829238095.238095,CL,South America,1961-CL,1960
Chile,CHL,1962,5631285444.234405,CL,South America,1962-CL,1960
Chile,CHL,1963,5591307028.360049,CL,South America,1963-CL,1960
Chile,CHL,1964,5964195925,CL,South America,1964-CL,1964
Chile,CHL,1965,6108679125.752296,CL,South America,1965-CL,1964
Chile,CHL,1966,7162633082.316282,CL,South America,1966-CL,1964
Chile,CHL,1967,7057478295.185478,CL,South America,1967-CL,1964
Chile,CHL,1968,7192102966.841187,CL,South America,1968-CL,1968
Chile,CHL,1969,8359596194.012531,CL,South America,1969-CL,1968
Chile,CHL,1970,9144112431.282143,CL,South America,1970-CL,1968
Chile,CHL,1971,10876091407.977724,CL,South America,1971-CL,1968
Chile,CHL,1972,11833904487.64099,CL,South America,1972-CL,1972
Chile,CHL,1973,16826390943.859747,CL,South America,1973-CL,1972
Chile,CHL,1974,16209693232.078217,CL,South America,1974-CL,1972
Chile,CHL,1975,7621570062.175982,CL,South America,1975-CL,1972
Chile,CHL,1976,10338624019.441456,CL,South America,1976-CL,1976
Chile,CHL,1977,13965595122.324732,CL,South America,1977-CL,1976
Chile,CHL,1978,15992038535.204554,CL,South America,1978-CL,1976
Chile,CHL,1979,21806136345.50743,CL,South America,1979-CL,1976
Chile,CHL,1980,29036709871.794872,CL,South America,1980-CL,1980
Chile,CHL,1981,34509878043.589745,CL,South America,1981-CL,1980
Chile,CHL,1982,19529291464.72743,CL,South America,1982-CL,1980
Chile,CHL,1983,20362016672.277973,CL,South America,1983-CL,1980
Chile,CHL,1984,19671768024.458138,CL,South America,1984-CL,1984
Chile,CHL,1985,17717662227.80357,CL,South America,1985-CL,1984
Chile,CHL,1986,18897110625.524246,CL,South America,1986-CL,1984
Chile,CHL,1987,22250729666.793674,CL,South America,1987-CL,1984
Chile,CHL,1988,26042571615.59869,CL,South America,1988-CL,1988
Chile,CHL,1989,29936735491.442673,CL,South America,1989-CL,1988
Chile,CHL,1990,33137824762.017254,CL,South America,1990-CL,1988
Chile,CHL,1991,37846188228.270164,CL,South America,1991-CL,1988
Chile,CHL,1992,45949608551.80856,CL,South America,1992-CL,1992
Chile,CHL,1993,49287378599.161156,CL,South America,1993-CL,1992
Chile,CHL,1994,56998601183.54916,CL,South America,1994-CL,1992
Chile,CHL,1995,73444831671.01689,CL,South America,1995-CL,1992
Chile,CHL,1996,78584098982.90967,CL,South America,1996-CL,1996
Chile,CHL,1997,85741415285,CL,South America,1997-CL,1996
Chile,CHL,1998,81990010703.84299,CL,South America,1998-CL,1996
Chile,CHL,1999,75578685735.52188,CL,South America,1999-CL,1996
Chile,CHL,2000,78339750721.73518,CL,South America,2000-CL,2000
Chile,CHL,2001,71574739561.43288,CL,South America,2001-CL,2000
Chile,CHL,2002,70264045939.13216,CL,South America,2002-CL,2000
Chile,CHL,2003,76492579644.06053,CL,South America,2003-CL,2000
Chile,CHL,2004,99075985773,CL,South America,2004-CL,2004
Chile,CHL,2005,122294145162.83487,CL,South America,2005-CL,2004
Chile,CHL,2006,153843518171.4301,CL,South America,2006-CL,2004
Chile,CHL,2007,172491076033.86267,CL,South America,2007-CL,2004
Chile,CHL,2008,179894594475.97992,CL,South America,2008-CL,2008
Chile,CHL,2009,171777900623.17734,CL,South America,2009-CL,2008
Chile,CHL,2010,217051209240.29752,CL,South America,2010-CL,2008
Chile,CHL,2011,251382573885.5944,CL,South America,2011-CL,2008
Chile,CHL,2012,267024782480.28046,CL,South America,2012-CL,2012
Chile,CHL,2013,277395018837.36597,CL,South America,2013-CL,2012
Chile,CHL,2014,259560978231.5518,CL,South America,2014-CL,2012
Chile,CHL,2015,242450355827.82703,CL,South America,2015-CL,2012
Chile,CHL,2016,249344863933.46103,CL,South America,2016-CL,2016
Chile,CHL,2017,276154259987.10345,CL,South America,2017-CL,2016
Chile,CHL,2018,295857562991.70905,CL,South America,2018-CL,2016
Chile,CHL,2019,278285058719.4661,CL,South America,2019-CL,2016
Chile,CHL,2020,254042159309.31055,CL,South America,2020-CL,2020
Chile,CHL,2021,315515014838.5395,CL,South America,2021-CL,2020
Chile,CHL,2022,302116539409.02985,CL,South America,2022-CL,2020
Chile,CHL,2023,335533331669.2191,CL,South America,2023-CL,2020
China,CHN,1960,59716249310.97416,CN,Asia,1960-CN,1960
China,CHN,1961,50056685957.35899,CN,Asia,1961-CN,1960
China,CHN,1962,47209186415.35554,CN,Asia,1962-CN,1960
China,CHN,1963,50706614526.14723,CN,Asia,1963-CN,1960
China,CHN,1964,59708125203.86431,CN,Asia,1964-CN,1964
China,CHN,1965,70436008642.42514,CN,Asia,1965-CN,1964
China,CHN,1966,76720005491.89641,CN,Asia,1966-CN,1964
China,CHN,1967,72881364882.49088,CN,Asia,1967-CN,1964
China,CHN,1968,70846276051.47272,CN,Asia,1968-CN,1968
China,CHN,1969,79705614854.76736,CN,Asia,1969-CN,1968
China,CHN,1970,92602634891.65894,CN,Asia,1970-CN,1968
China,CHN,1971,99800593790.98865,CN,Asia,1971-CN,1968
China,CHN,1972,113689308020.34328,CN,Asia,1972-CN,1972
China,CHN,1973,138543170458.06406,CN,Asia,1973-CN,1972
China,CHN,1974,1.44189E+11,CN,Asia,1974-CN,1972
China,CHN,1975,163429530659.63803,CN,Asia,1975-CN,1972
China,CHN,1976,153939265947.7752,CN,Asia,1976-CN,1976
China,CHN,1977,174935933078.6625,CN,Asia,1977-CN,1976
China,CHN,1978,149540752829.26828,CN,Asia,1978-CN,1976
China,CHN,1979,178280594413.0435,CN,Asia,1979-CN,1976
China,CHN,1980,1.91149E+11,CN,Asia,1980-CN,1980
China,CHN,1981,195866382432.53967,CN,Asia,1981-CN,1980
China,CHN,1982,205089699858.7786,CN,Asia,1982-CN,1980
China,CHN,1983,230686747153.2567,CN,Asia,1983-CN,1980
China,CHN,1984,259946510957.14288,CN,Asia,1984-CN,1984
China,CHN,1985,309488028132.6531,CN,Asia,1985-CN,1984
China,CHN,1986,300758100107.24634,CN,Asia,1986-CN,1984
China,CHN,1987,2.72973E+11,CN,Asia,1987-CN,1984
China,CHN,1988,312353631207.8189,CN,Asia,1988-CN,1988
China,CHN,1989,347768051311.74084,CN,Asia,1989-CN,1988
China,CHN,1990,360857912565.9656,CN,Asia,1990-CN,1988
China,CHN,1991,383373318083.62366,CN,Asia,1991-CN,1988
China,CHN,1992,426915712715.8556,CN,Asia,1992-CN,1992
China,CHN,1993,444731282435.51544,CN,Asia,1993-CN,1992
China,CHN,1994,564321854521.0131,CN,Asia,1994-CN,1992
China,CHN,1995,7.34485E+11,CN,Asia,1995-CN,1992
China,CHN,1996,863749314718.5378,CN,Asia,1996-CN,1996
China,CHN,1997,961601980984.6226,CN,Asia,1997-CN,1996
China,CHN,1998,1029060747620.6549,CN,Asia,1998-CN,1996
China,CHN,1999,1094003874937.3358,CN,Asia,1999-CN,1996
China,CHN,2000,1211331651866.086,CN,Asia,2000-CN,2000
China,CHN,2001,1.3394E+12,CN,Asia,2001-CN,2000
China,CHN,2002,1470557654799.9465,CN,Asia,2002-CN,2000
China,CHN,2003,1660280543846.7896,CN,Asia,2003-CN,2000
China,CHN,2004,1955346768721.3936,CN,Asia,2004-CN,2004
China,CHN,2005,2285961149879.8496,CN,Asia,2005-CN,2004
China,CHN,2006,2752118657184.015,CN,Asia,2006-CN,2004
China,CHN,2007,3550327802998.397,CN,Asia,2007-CN,2004
China,CHN,2008,4594336785737.672,CN,Asia,2008-CN,2008
China,CHN,2009,5101691124285.214,CN,Asia,2009-CN,2008
China,CHN,2010,6087191746679.489,CN,Asia,2010-CN,2008
China,CHN,2011,7551545703440.755,CN,Asia,2011-CN,2008
China,CHN,2012,8532185381680.593,CN,Asia,2012-CN,2012
China,CHN,2013,9570471111831.676,CN,Asia,2013-CN,2012
China,CHN,2014,10475624944355.225,CN,Asia,2014-CN,2012
China,CHN,2015,11061572618578.693,CN,Asia,2015-CN,2012
China,CHN,2016,11233313730348.719,CN,Asia,2016-CN,2016
China,CHN,2017,12310491333980.889,CN,Asia,2017-CN,2016
China,CHN,2018,13894907857880.576,CN,Asia,2018-CN,2016
China,CHN,2019,14279968506271.727,CN,Asia,2019-CN,2016
China,CHN,2020,14687744162801.033,CN,Asia,2020-CN,2020
China,CHN,2021,17820459508852.184,CN,Asia,2021-CN,2020
China,CHN,2022,17881783387000.867,CN,Asia,2022-CN,2020
China,CHN,2023,17794781986104.457,CN,Asia,2023-CN,2020
Colombia,COL,1960,4031152976.6390357,CO,South America,1960-CO,1960
Colombia,COL,1961,4540447761,CO,South America,1961-CO,1960
Colombia,COL,1962,4955538218.816184,CO,South America,1962-CO,1960
Colombia,COL,1963,4836166666.666667,CO,South America,1963-CO,1960
Colombia,COL,1964,5973366666.666667,CO,South America,1964-CO,1964
Colombia,COL,1965,5760761904.761905,CO,South America,1965-CO,1964
Colombia,COL,1966,5428518518.518518,CO,South America,1966-CO,1964
Colombia,COL,1967,5825170438.487043,CO,South America,1967-CO,1964
Colombia,COL,1968,5960212869,CO,South America,1968-CO,1968
Colombia,COL,1969,6450175213.749228,CO,South America,1969-CO,1968
Colombia,COL,1970,7198360460.198871,CO,South America,1970-CO,1968
Colombia,COL,1971,7820380971,CO,South America,1971-CO,1968
Colombia,COL,1972,8671358732.684858,CO,South America,1972-CO,1972
Colombia,COL,1973,10315760000.33939,CO,South America,1973-CO,1972
Colombia,COL,1974,12370029583.641897,CO,South America,1974-CO,1972
Colombia,COL,1975,13098633901.867271,CO,South America,1975-CO,1972
Colombia,COL,1976,15341403660.469809,CO,South America,1976-CO,1976
Colombia,COL,1977,19470960619.129715,CO,South America,1977-CO,1976
Colombia,COL,1978,23263511958.050903,CO,South America,1978-CO,1976
Colombia,COL,1979,27940411250.27322,CO,South America,1979-CO,1976
Colombia,COL,1980,33400735644.048115,CO,South America,1980-CO,1980
Colombia,COL,1981,36388366869.03093,CO,South America,1981-CO,1980
Colombia,COL,1982,38968039721.74803,CO,South America,1982-CO,1980
Colombia,COL,1983,38729822781.599724,CO,South America,1983-CO,1980
Colombia,COL,1984,38253120737.96712,CO,South America,1984-CO,1984
Colombia,COL,1985,34894419443.488075,CO,South America,1985-CO,1984
Colombia,COL,1986,34942489683.97124,CO,South America,1986-CO,1984
Colombia,COL,1987,36373307085.088745,CO,South America,1987-CO,1984
Colombia,COL,1988,39212550050.42228,CO,South America,1988-CO,1988
Colombia,COL,1989,39540080200.393814,CO,South America,1989-CO,1988
Colombia,COL,1990,47844090709.990845,CO,South America,1990-CO,1988
Colombia,COL,1991,49637993948.840195,CO,South America,1991-CO,1988
Colombia,COL,1992,58394443377.54163,CO,South America,1992-CO,1992
Colombia,COL,1993,66474101301.17586,CO,South America,1993-CO,1992
Colombia,COL,1994,81705497616.57028,CO,South America,1994-CO,1992
Colombia,COL,1995,92495970511.39507,CO,South America,1995-CO,1992
Colombia,COL,1996,97153389010.94661,CO,South America,1996-CO,1996
Colombia,COL,1997,1.06656E+11,CO,South America,1997-CO,1996
Colombia,COL,1998,98486358581,CO,South America,1998-CO,1996
Colombia,COL,1999,86278947636.96202,CO,South America,1999-CO,1996
Colombia,COL,2000,99875074951.02779,CO,South America,2000-CO,2000
Colombia,COL,2001,98200641203.38924,CO,South America,2001-CO,2000
Colombia,COL,2002,97945812802.88817,CO,South America,2002-CO,2000
Colombia,COL,2003,94644969157,CO,South America,2003-CO,2000
Colombia,COL,2004,117092416666.24509,CO,South America,2004-CO,2004
Colombia,COL,2005,145600529605.80283,CO,South America,2005-CO,2004
Colombia,COL,2006,161792958904.86404,CO,South America,2006-CO,2004
Colombia,COL,2007,206229540926.31125,CO,South America,2007-CO,2004
Colombia,COL,2008,242504150472.93076,CO,South America,2008-CO,2008
Colombia,COL,2009,232468663109.59418,CO,South America,2009-CO,2008
Colombia,COL,2010,286498534094.96277,CO,South America,2010-CO,2008
Colombia,COL,2011,3.34966E+11,CO,South America,2011-CO,2008
Colombia,COL,2012,370691143018.03864,CO,South America,2012-CO,2012
Colombia,COL,2013,382093697077.68494,CO,South America,2013-CO,2012
Colombia,COL,2014,381240864422.4061,CO,South America,2014-CO,2012
Colombia,COL,2015,293492370193.1657,CO,South America,2015-CO,2012
Colombia,COL,2016,282720100286.22784,CO,South America,2016-CO,2016
Colombia,COL,2017,311866875156.87885,CO,South America,2017-CO,2016
Colombia,COL,2018,334198218098.2756,CO,South America,2018-CO,2016
Colombia,COL,2019,323031701192.83997,CO,South America,2019-CO,2016
Colombia,COL,2020,270348342541.46512,CO,South America,2020-CO,2020
Colombia,COL,2021,318524633225.39514,CO,South America,2021-CO,2020
Colombia,COL,2022,345329875078.5117,CO,South America,2022-CO,2020
Colombia,COL,2023,363540156234.86835,CO,South America,2023-CO,2020
Comoros,COM,1980,212218261.58564296,KM,Africa,1980-KM,1980
Comoros,COM,1981,196349931.54028562,KM,Africa,1981-KM,1980
Comoros,COM,1982,184009013.56281486,KM,Africa,1982-KM,1980
Comoros,COM,1983,191621954.85533175,KM,Africa,1983-KM,1980
Comoros,COM,1984,184697225.63707617,KM,Africa,1984-KM,1984
Comoros,COM,1985,196726096.3291308,KM,Africa,1985-KM,1984
Comoros,COM,1986,279197721.8075771,KM,Africa,1986-KM,1984
Comoros,COM,1987,337525852.64757514,KM,Africa,1987-KM,1984
Comoros,COM,1988,356500032.67631584,KM,Africa,1988-KM,1988
Comoros,COM,1989,341476768.3260327,KM,Africa,1989-KM,1988
Comoros,COM,1990,429622177.72488457,KM,Africa,1990-KM,1988
Comoros,COM,1991,424108769.5022311,KM,Africa,1991-KM,1988
Comoros,COM,1992,457388651.5009406,KM,Africa,1992-KM,1992
Comoros,COM,1993,452881475.0718127,KM,Africa,1993-KM,1992
Comoros,COM,1994,319189184.2556394,KM,Africa,1994-KM,1992
Comoros,COM,1995,398461797.0094131,KM,Africa,1995-KM,1992
Comoros,COM,1996,396053805.89175427,KM,Africa,1996-KM,1996
Comoros,COM,1997,364445600.5254924,KM,Africa,1997-KM,1996
Comoros,COM,1998,370106745.9301457,KM,Africa,1998-KM,1996
Comoros,COM,1999,382454989.94531095,KM,Africa,1999-KM,1996
Comoros,COM,2000,351136579.6486322,KM,Africa,2000-KM,2000
Comoros,COM,2001,378512024.07755625,KM,Africa,2001-KM,2000
Comoros,COM,2002,425964681.04437846,KM,Africa,2002-KM,2000
Comoros,COM,2003,546885222.7130651,KM,Africa,2003-KM,2000
Comoros,COM,2004,633706110.7956145,KM,Africa,2004-KM,2004
Comoros,COM,2005,653845169.1685765,KM,Africa,2005-KM,2004
Comoros,COM,2006,698431793.8727758,KM,Africa,2006-KM,2004
Comoros,COM,2007,795673152.8670766,KM,Africa,2007-KM,2004
Comoros,COM,2008,915659107.9658227,KM,Africa,2008-KM,2008
Comoros,COM,2009,905341172.7058296,KM,Africa,2009-KM,2008
Comoros,COM,2010,907978730.8878443,KM,Africa,2010-KM,2008
Comoros,COM,2011,1023086273.5333631,KM,Africa,2011-KM,2008
Comoros,COM,2012,1015843490.8237381,KM,Africa,2012-KM,2012
Comoros,COM,2013,1116224106.8372765,KM,Africa,2013-KM,2012
Comoros,COM,2014,1149587661.0069265,KM,Africa,2014-KM,2012
Comoros,COM,2015,966029600.8622274,KM,Africa,2015-KM,2012
Comoros,COM,2016,1012835493.193246,KM,Africa,2016-KM,2016
Comoros,COM,2017,1077439756.594511,KM,Africa,2017-KM,2016
Comoros,COM,2018,1188797449.3858447,KM,Africa,2018-KM,2016
Comoros,COM,2019,1195019531.9010963,KM,Africa,2019-KM,2016
Comoros,COM,2020,1225039196.6109135,KM,Africa,2020-KM,2020
Comoros,COM,2021,1296089479.9197786,KM,Africa,2021-KM,2020
Comoros,COM,2022,1242519407.7760253,KM,Africa,2022-KM,2020
Comoros,COM,2023,1352380972.1566217,KM,Africa,2023-KM,2020
"Congo, Dem. Rep.",COD,1992,8850000000,CD,Africa,1992-CD,1992
"Congo, Dem. Rep.",COD,1993,10768000000,CD,Africa,1993-CD,1992
"Congo, Dem. Rep.",COD,1994,5820475672.054267,CD,Africa,1994-CD,1992
"Congo, Dem. Rep.",COD,1995,5643416613.2820835,CD,Africa,1995-CD,1992
"Congo, Dem. Rep.",COD,1996,5771456952.190799,CD,Africa,1996-CD,1996
"Congo, Dem. Rep.",COD,1997,6090838693.271451,CD,Africa,1997-CD,1996
"Congo, Dem. Rep.",COD,1998,6217805820.771041,CD,Africa,1998-CD,1996
"Congo, Dem. Rep.",COD,1999,4711259427.272727,CD,Africa,1999-CD,1996
"Congo, Dem. Rep.",COD,2000,19088046306,CD,Africa,2000-CD,2000
"Congo, Dem. Rep.",COD,2001,7438189100.333333,CD,Africa,2001-CD,2000
"Congo, Dem. Rep.",COD,2002,8728038525.140335,CD,Africa,2002-CD,2000
"Congo, Dem. Rep.",COD,2003,8937567059.877542,CD,Africa,2003-CD,2000
"Congo, Dem. Rep.",COD,2004,10297483481.223013,CD,Africa,2004-CD,2004
"Congo, Dem. Rep.",COD,2005,11964484465.938799,CD,Africa,2005-CD,2004
"Congo, Dem. Rep.",COD,2006,14451901696.38783,CD,Africa,2006-CD,2004
"Congo, Dem. Rep.",COD,2007,16737071816.379993,CD,Africa,2007-CD,2004
"Congo, Dem. Rep.",COD,2008,19788515590.128376,CD,Africa,2008-CD,2008
"Congo, Dem. Rep.",COD,2009,18648372553.09207,CD,Africa,2009-CD,2008
"Congo, Dem. Rep.",COD,2010,21565721044.846207,CD,Africa,2010-CD,2008
"Congo, Dem. Rep.",COD,2011,25839749199.367085,CD,Africa,2011-CD,2008
"Congo, Dem. Rep.",COD,2012,29306235285.259663,CD,Africa,2012-CD,2012
"Congo, Dem. Rep.",COD,2013,32679745048.44273,CD,Africa,2013-CD,2012
"Congo, Dem. Rep.",COD,2014,35909040925.93747,CD,Africa,2014-CD,2012
"Congo, Dem. Rep.",COD,2015,37917706497.17928,CD,Africa,2015-CD,2012
"Congo, Dem. Rep.",COD,2016,37134801555.33219,CD,Africa,2016-CD,2016
"Congo, Dem. Rep.",COD,2017,38019264794.82634,CD,Africa,2017-CD,2016
"Congo, Dem. Rep.",COD,2018,47568210009.81716,CD,Africa,2018-CD,2016
"Congo, Dem. Rep.",COD,2019,51775829877.20882,CD,Africa,2019-CD,2016
"Congo, Dem. Rep.",COD,2020,48716961860.13249,CD,Africa,2020-CD,2020
"Congo, Dem. Rep.",COD,2021,55328482783.539345,CD,Africa,2021-CD,2020
"Congo, Dem. Rep.",COD,2022,65801547619.59741,CD,Africa,2022-CD,2020
"Congo, Dem. Rep.",COD,2023,66383287002.996895,CD,Africa,2023-CD,2020
"Congo, Rep.",COG,1960,131731862.78301702,CG,Africa,1960-CG,1960
"Congo, Rep.",COG,1961,151675738.92634198,CG,Africa,1961-CG,1960
"Congo, Rep.",COG,1962,166521239.65024328,CG,Africa,1962-CG,1960
"Congo, Rep.",COG,1963,172233430.65785843,CG,Africa,1963-CG,1960
"Congo, Rep.",COG,1964,185693724.90523335,CG,Africa,1964-CG,1964
"Congo, Rep.",COG,1965,198318064.02892432,CG,Africa,1965-CG,1964
"Congo, Rep.",COG,1966,220613581.97260103,CG,Africa,1966-CG,1964
"Congo, Rep.",COG,1967,237397428.1350098,CG,Africa,1967-CG,1964
"Congo, Rep.",COG,1968,251247457.7655245,CG,Africa,1968-CG,1968
"Congo, Rep.",COG,1969,265040036.41721454,CG,Africa,1969-CG,1968
"Congo, Rep.",COG,1970,274960699.8852549,CG,Africa,1970-CG,1968
"Congo, Rep.",COG,1971,322128018.9554444,CG,Africa,1971-CG,1968
"Congo, Rep.",COG,1972,410669263.7,CG,Africa,1972-CG,1972
"Congo, Rep.",COG,1973,541973362.6104233,CG,Africa,1973-CG,1972
"Congo, Rep.",COG,1974,585364634.4739771,CG,Africa,1974-CG,1972
"Congo, Rep.",COG,1975,767102680.2399669,CG,Africa,1975-CG,1972
"Congo, Rep.",COG,1976,754549601.3914917,CG,Africa,1976-CG,1976
"Congo, Rep.",COG,1977,765224029.2865564,CG,Africa,1977-CG,1976
"Congo, Rep.",COG,1978,878771772.2021489,CG,Africa,1978-CG,1976
"Congo, Rep.",COG,1979,1198749667.4292345,CG,Africa,1979-CG,1976
"Congo, Rep.",COG,1980,1705796852.8947349,CG,Africa,1980-CG,1980
"Congo, Rep.",COG,1981,1993512322.6239107,CG,Africa,1981-CG,1980
"Congo, Rep.",COG,1982,2160640564.560407,CG,Africa,1982-CG,1980
"Congo, Rep.",COG,1983,2097274289.7506616,CG,Africa,1983-CG,1980
"Congo, Rep.",COG,1984,2193581365.342988,CG,Africa,1984-CG,1984
"Congo, Rep.",COG,1985,2160872540.0317497,CG,Africa,1985-CG,1984
"Congo, Rep.",COG,1986,1849268212.302843,CG,Africa,1986-CG,1984
"Congo, Rep.",COG,1987,2297753652.3492937,CG,Africa,1987-CG,1984
"Congo, Rep.",COG,1988,2212536311.9931903,CG,Africa,1988-CG,1988
"Congo, Rep.",COG,1989,2389593025.603387,CG,Africa,1989-CG,1988
"Congo, Rep.",COG,1990,2798746050.1135387,CG,Africa,1990-CG,1988
"Congo, Rep.",COG,1991,2724853505.8033624,CG,Africa,1991-CG,1988
"Congo, Rep.",COG,1992,2933222703.0334044,CG,Africa,1992-CG,1992
"Congo, Rep.",COG,1993,2684323623.1437206,CG,Africa,1993-CG,1992
"Congo, Rep.",COG,1994,1769365437.7880118,CG,Africa,1994-CG,1992
"Congo, Rep.",COG,1995,2116003868,CG,Africa,1995-CG,1992
"Congo, Rep.",COG,1996,2540697539.0577264,CG,Africa,1996-CG,1996
"Congo, Rep.",COG,1997,2322719102.6908984,CG,Africa,1997-CG,1996
"Congo, Rep.",COG,1998,1949481379.2195134,CG,Africa,1998-CG,1996
"Congo, Rep.",COG,1999,2354772960.282964,CG,Africa,1999-CG,1996
"Congo, Rep.",COG,2000,3227927697.5792117,CG,Africa,2000-CG,2000
"Congo, Rep.",COG,2001,2796704604.038123,CG,Africa,2001-CG,2000
"Congo, Rep.",COG,2002,3034250923.977265,CG,Africa,2002-CG,2000
"Congo, Rep.",COG,2003,3503723087.7448316,CG,Africa,2003-CG,2000
"Congo, Rep.",COG,2004,4656974940.127209,CG,Africa,2004-CG,2004
"Congo, Rep.",COG,2005,6650001680.4854355,CG,Africa,2005-CG,2004
"Congo, Rep.",COG,2006,8072305029.065143,CG,Africa,2006-CG,2004
"Congo, Rep.",COG,2007,8782703436.701883,CG,Africa,2007-CG,2004
"Congo, Rep.",COG,2008,11649857673.443577,CG,Africa,2008-CG,2008
"Congo, Rep.",COG,2009,9723299915,CG,Africa,2009-CG,2008
"Congo, Rep.",COG,2010,13148396211.595518,CG,Africa,2010-CG,2008
"Congo, Rep.",COG,2011,15655383576.651531,CG,Africa,2011-CG,2008
"Congo, Rep.",COG,2012,17692911296.304386,CG,Africa,2012-CG,2012
"Congo, Rep.",COG,2013,17958720699.086823,CG,Africa,2013-CG,2012
"Congo, Rep.",COG,2014,17919321082.553932,CG,Africa,2014-CG,2012
"Congo, Rep.",COG,2015,12434793867.722769,CG,Africa,2015-CG,2012
"Congo, Rep.",COG,2016,10931328149.685734,CG,Africa,2016-CG,2016
"Congo, Rep.",COG,2017,11834473047.763565,CG,Africa,2017-CG,2016
"Congo, Rep.",COG,2018,14773900277.922077,CG,Africa,2018-CG,2016
"Congo, Rep.",COG,2019,13976637328.847435,CG,Africa,2019-CG,2016
"Congo, Rep.",COG,2020,11468688140.722488,CG,Africa,2020-CG,2020
"Congo, Rep.",COG,2021,14825690210.030796,CG,Africa,2021-CG,2020
"Congo, Rep.",COG,2022,15817030156.945892,CG,Africa,2022-CG,2020
"Congo, Rep.",COG,2023,15321055818.326313,CG,Africa,2023-CG,2020
Costa Rica,CRI,1960,507513829.99485475,CR,North America,1960-CR,1960
Costa Rica,CRI,1961,490325181.61427474,CR,North America,1961-CR,1960
Costa Rica,CRI,1962,479180824.34850603,CR,North America,1962-CR,1960
Costa Rica,CRI,1963,511902136.80997276,CR,North America,1963-CR,1960
Costa Rica,CRI,1964,542578367.2425978,CR,North America,1964-CR,1964
Costa Rica,CRI,1965,592981162.3,CR,North America,1965-CR,1964
Costa Rica,CRI,1966,647305630.1886792,CR,North America,1966-CR,1964
Costa Rica,CRI,1967,699456618.8679246,CR,North America,1967-CR,1964
Costa Rica,CRI,1968,773841494.3396226,CR,North America,1968-CR,1968
Costa Rica,CRI,1969,853630203.8,CR,North America,1969-CR,1968
Costa Rica,CRI,1970,984830158.5,CR,North America,1970-CR,1968
Costa Rica,CRI,1971,1077147537.5247157,CR,North America,1971-CR,1968
Costa Rica,CRI,1972,1238251695.553881,CR,North America,1972-CR,1972
Costa Rica,CRI,1973,1528925846.2546704,CR,North America,1973-CR,1972
Costa Rica,CRI,1974,1666544754.0983608,CR,North America,1974-CR,1972
Costa Rica,CRI,1975,1960863465.5775964,CR,North America,1975-CR,1972
Costa Rica,CRI,1976,2412555425.9043174,CR,North America,1976-CR,1976
Costa Rica,CRI,1977,3072427012.8354726,CR,North America,1977-CR,1976
Costa Rica,CRI,1978,3523208809.8016334,CR,North America,1978-CR,1976
Costa Rica,CRI,1979,4035519323.2205367,CR,North America,1979-CR,1976
Costa Rica,CRI,1980,4831447001.166861,CR,North America,1980-CR,1980
Costa Rica,CRI,1981,2623803095.785007,CR,North America,1981-CR,1980
Costa Rica,CRI,1982,2606623554.565821,CR,North America,1982-CR,1980
Costa Rica,CRI,1983,3146772630.772635,CR,North America,1983-CR,1980
Costa Rica,CRI,1984,3660477856.2297716,CR,North America,1984-CR,1984
Costa Rica,CRI,1985,3919203960.3960395,CR,North America,1985-CR,1984
Costa Rica,CRI,1986,4418983870.967742,CR,North America,1986-CR,1984
Costa Rica,CRI,1987,4532952047.156284,CR,North America,1987-CR,1984
Costa Rica,CRI,1988,4614629898.403483,CR,North America,1988-CR,1988
Costa Rica,CRI,1989,5251025767.476267,CR,North America,1989-CR,1988
Costa Rica,CRI,1990,5711687786.759886,CR,North America,1990-CR,1988
Costa Rica,CRI,1991,7196276092.460998,CR,North America,1991-CR,1988
Costa Rica,CRI,1992,8564041916,CR,North America,1992-CR,1992
Costa Rica,CRI,1993,9582868487.432167,CR,North America,1993-CR,1992
Costa Rica,CRI,1994,10486787008.092558,CR,North America,1994-CR,1992
Costa Rica,CRI,1995,11578594259.867506,CR,North America,1995-CR,1992
Costa Rica,CRI,1996,11678424507.245678,CR,North America,1996-CR,1996
Costa Rica,CRI,1997,12614602382.201204,CR,North America,1997-CR,1996
Costa Rica,CRI,1998,13684255946.576462,CR,North America,1998-CR,1996
Costa Rica,CRI,1999,14254866281.153738,CR,North America,1999-CR,1996
Costa Rica,CRI,2000,15013629658.65213,CR,North America,2000-CR,2000
Costa Rica,CRI,2001,15976174336.972055,CR,North America,2001-CR,2000
Costa Rica,CRI,2002,16578820687.28809,CR,North America,2002-CR,2000
Costa Rica,CRI,2003,17271760506.948277,CR,North America,2003-CR,2000
Costa Rica,CRI,2004,18610594846.208298,CR,North America,2004-CR,2004
Costa Rica,CRI,2005,20040642476.98167,CR,North America,2005-CR,2004
Costa Rica,CRI,2006,22715540324.694378,CR,North America,2006-CR,2004
Costa Rica,CRI,2007,26884700344.840603,CR,North America,2007-CR,2004
Costa Rica,CRI,2008,30801744881.950214,CR,North America,2008-CR,2008
Costa Rica,CRI,2009,30745714312.990532,CR,North America,2009-CR,2008
Costa Rica,CRI,2010,37658614803.848015,CR,North America,2010-CR,2008
Costa Rica,CRI,2011,42762613699.95236,CR,North America,2011-CR,2008
Costa Rica,CRI,2012,47231655431.138916,CR,North America,2012-CR,2012
Costa Rica,CRI,2013,50949668840.86923,CR,North America,2013-CR,2012
Costa Rica,CRI,2014,52016408951.822464,CR,North America,2014-CR,2012
Costa Rica,CRI,2015,56441920821.08063,CR,North America,2015-CR,2012
Costa Rica,CRI,2016,58847019610,CR,North America,2016-CR,2016
Costa Rica,CRI,2017,60516044657.22544,CR,North America,2017-CR,2016
Costa Rica,CRI,2018,62420164991.537445,CR,North America,2018-CR,2016
Costa Rica,CRI,2019,64417670521.184235,CR,North America,2019-CR,2016
Costa Rica,CRI,2020,62395610760.39118,CR,North America,2020-CR,2020
Costa Rica,CRI,2021,64960725734.19655,CR,North America,2021-CR,2020
Costa Rica,CRI,2022,69243626028.59358,CR,North America,2022-CR,2020
Costa Rica,CRI,2023,86497941439.01744,CR,North America,2023-CR,2020
Cote d'Ivoire,CIV,1960,546203559.3443607,CI,Africa,1960-CI,1960
Cote d'Ivoire,CIV,1961,618245634.1798309,CI,Africa,1961-CI,1960
Cote d'Ivoire,CIV,1962,645284473.7336911,CI,Africa,1962-CI,1960
Cote d'Ivoire,CIV,1963,761047198.0296532,CI,Africa,1963-CI,1960
Cote d'Ivoire,CIV,1964,921063326.5899183,CI,Africa,1964-CI,1964
Cote d'Ivoire,CIV,1965,919771228.8160951,CI,Africa,1965-CI,1964
Cote d'Ivoire,CIV,1966,1024102880.058619,CI,Africa,1966-CI,1964
Cote d'Ivoire,CIV,1967,1082922724.8718865,CI,Africa,1967-CI,1964
Cote d'Ivoire,CIV,1968,1281281276.7235703,CI,Africa,1968-CI,1968
Cote d'Ivoire,CIV,1969,1361360293.4266486,CI,Africa,1969-CI,1968
Cote d'Ivoire,CIV,1970,1455482795.406913,CI,Africa,1970-CI,1968
Cote d'Ivoire,CIV,1971,1584128509.4687285,CI,Africa,1971-CI,1968
Cote d'Ivoire,CIV,1972,1849400401.6472368,CI,Africa,1972-CI,1972
Cote d'Ivoire,CIV,1973,2508421426.1757154,CI,Africa,1973-CI,1972
Cote d'Ivoire,CIV,1974,3070152309.2190304,CI,Africa,1974-CI,1972
Cote d'Ivoire,CIV,1975,3893839190.268061,CI,Africa,1975-CI,1972
Cote d'Ivoire,CIV,1976,4662053825,CI,Africa,1976-CI,1976
Cote d'Ivoire,CIV,1977,6265068189.377822,CI,Africa,1977-CI,1976
Cote d'Ivoire,CIV,1978,7900526298.319929,CI,Africa,1978-CI,1976
Cote d'Ivoire,CIV,1979,9142933966.794653,CI,Africa,1979-CI,1976
Cote d'Ivoire,CIV,1980,10175617609.096157,CI,Africa,1980-CI,1980
Cote d'Ivoire,CIV,1981,8432589942,CI,Africa,1981-CI,1980
Cote d'Ivoire,CIV,1982,7567110848.922282,CI,Africa,1982-CI,1980
Cote d'Ivoire,CIV,1983,6838184772.520635,CI,Africa,1983-CI,1980
Cote d'Ivoire,CIV,1984,6841639247,CI,Africa,1984-CI,1984
Cote d'Ivoire,CIV,1985,6977650643.9948845,CI,Africa,1985-CI,1984
Cote d'Ivoire,CIV,1986,9158302099.579567,CI,Africa,1986-CI,1984
Cote d'Ivoire,CIV,1987,10087654464.81683,CI,Africa,1987-CI,1984
Cote d'Ivoire,CIV,1988,10255169805.799646,CI,Africa,1988-CI,1988
Cote d'Ivoire,CIV,1989,9757410644.667898,CI,Africa,1989-CI,1988
Cote d'Ivoire,CIV,1990,10795850582.778996,CI,Africa,1990-CI,1988
Cote d'Ivoire,CIV,1991,10492628580.748444,CI,Africa,1991-CI,1988
Cote d'Ivoire,CIV,1992,11152971273.938326,CI,Africa,1992-CI,1992
Cote d'Ivoire,CIV,1993,11045760288.120558,CI,Africa,1993-CI,1992
Cote d'Ivoire,CIV,1994,8313557510.1475725,CI,Africa,1994-CI,1992
Cote d'Ivoire,CIV,1995,11000146266.513521,CI,Africa,1995-CI,1992
Cote d'Ivoire,CIV,1996,18071152830.61015,CI,Africa,1996-CI,1996
Cote d'Ivoire,CIV,1997,18047558037.70358,CI,Africa,1997-CI,1996
Cote d'Ivoire,CIV,1998,19619654755.67897,CI,Africa,1998-CI,1996
Cote d'Ivoire,CIV,1999,18870992455.567986,CI,Africa,1999-CI,1996
Cote d'Ivoire,CIV,2000,16577533891.878548,CI,Africa,2000-CI,2000
Cote d'Ivoire,CIV,2001,16810537043.840742,CI,Africa,2001-CI,2000
Cote d'Ivoire,CIV,2002,18054383320.847363,CI,Africa,2002-CI,2000
Cote d'Ivoire,CIV,2003,21251754340.430542,CI,Africa,2003-CI,2000
Cote d'Ivoire,CIV,2004,23510575681.368645,CI,Africa,2004-CI,2004
Cote d'Ivoire,CIV,2005,24036918703.174747,CI,Africa,2005-CI,2004
Cote d'Ivoire,CIV,2006,25281413263.371223,CI,Africa,2006-CI,2004
Cote d'Ivoire,CIV,2007,28760090953.30806,CI,Africa,2007-CI,2004
Cote d'Ivoire,CIV,2008,34078240293.255936,CI,Africa,2008-CI,2008
Cote d'Ivoire,CIV,2009,33886813250.203587,CI,Africa,2009-CI,2008
Cote d'Ivoire,CIV,2010,34936307980.063034,CI,Africa,2010-CI,2008
Cote d'Ivoire,CIV,2011,36693710801.397644,CI,Africa,2011-CI,2008
Cote d'Ivoire,CIV,2012,36302302877.297745,CI,Africa,2012-CI,2012
Cote d'Ivoire,CIV,2013,42760235484.609314,CI,Africa,2013-CI,2012
Cote d'Ivoire,CIV,2014,48843005613.70906,CI,Africa,2014-CI,2012
Cote d'Ivoire,CIV,2015,45815005169.26511,CI,Africa,2015-CI,2012
Cote d'Ivoire,CIV,2016,48407761036.82379,CI,Africa,2016-CI,2016
Cote d'Ivoire,CIV,2017,52512343996.68996,CI,Africa,2017-CI,2016
Cote d'Ivoire,CIV,2018,58522477786.68885,CI,Africa,2018-CI,2016
Cote d'Ivoire,CIV,2019,60382894697.35568,CI,Africa,2019-CI,2016
Cote d'Ivoire,CIV,2020,63027852805.42045,CI,Africa,2020-CI,2020
Cote d'Ivoire,CIV,2021,72794636653.77934,CI,Africa,2021-CI,2020
Cote d'Ivoire,CIV,2022,70173140101.43147,CI,Africa,2022-CI,2020
Cote d'Ivoire,CIV,2023,78788828906.86345,CI,Africa,2023-CI,2020
Croatia,HRV,1990,25650213158.616703,HR,Europe,1990-HR,1988
Croatia,HRV,1991,18760386774.797256,HR,Europe,1991-HR,1988
Croatia,HRV,1992,10621169290.99859,HR,Europe,1992-HR,1992
Croatia,HRV,1993,11259647874.498642,HR,Europe,1993-HR,1992
Croatia,HRV,1994,15062911616.822159,HR,Europe,1994-HR,1992
Croatia,HRV,1995,22778296980.753155,HR,Europe,1995-HR,1992
Croatia,HRV,1996,24147533317.061264,HR,Europe,1996-HR,1996
Croatia,HRV,1997,24172615137.042423,HR,Europe,1997-HR,1996
Croatia,HRV,1998,25885224248.950043,HR,Europe,1998-HR,1996
Croatia,HRV,1999,23770693686.838005,HR,Europe,1999-HR,1996
Croatia,HRV,2000,22128414548.544407,HR,Europe,2000-HR,2000
Croatia,HRV,2001,23062561236.644363,HR,Europe,2001-HR,2000
Croatia,HRV,2002,26757989560.579838,HR,Europe,2002-HR,2000
Croatia,HRV,2003,35256066455.73558,HR,Europe,2003-HR,2000
Croatia,HRV,2004,41855195584.65176,HR,Europe,2004-HR,2004
Croatia,HRV,2005,45025679589.54658,HR,Europe,2005-HR,2004
Croatia,HRV,2006,49601653625.16825,HR,Europe,2006-HR,2004
Croatia,HRV,2007,59320099744.95005,HR,Europe,2007-HR,2004
Croatia,HRV,2008,68526332324.364395,HR,Europe,2008-HR,2008
Croatia,HRV,2009,62093280554.12589,HR,Europe,2009-HR,2008
Croatia,HRV,2010,58836405998.53112,HR,Europe,2010-HR,2008
Croatia,HRV,2011,62772620898.64712,HR,Europe,2011-HR,2008
Croatia,HRV,2012,57411354937.680756,HR,Europe,2012-HR,2012
Croatia,HRV,2013,59589170667.56977,HR,Europe,2013-HR,2012
Croatia,HRV,2014,59489433514.58493,HR,Europe,2014-HR,2012
Croatia,HRV,2015,51011170111.84869,HR,Europe,2015-HR,2012
Croatia,HRV,2016,52740059263.424484,HR,Europe,2016-HR,2016
Croatia,HRV,2017,56322449844.15793,HR,Europe,2017-HR,2016
Croatia,HRV,2018,61861145806.268745,HR,Europe,2018-HR,2016
Croatia,HRV,2019,61867157679.32149,HR,Europe,2019-HR,2016
Croatia,HRV,2020,58221300897.88384,HR,Europe,2020-HR,2020
Croatia,HRV,2021,69602166351.47713,HR,Europe,2021-HR,2020
Croatia,HRV,2022,71997070660.48346,HR,Europe,2022-HR,2020
Croatia,HRV,2023,82688842717,HR,Europe,2023-HR,2020
Cuba,CUB,1970,5693005200,CU,North America,1970-CU,1968
Cuba,CUB,1971,6914658400,CU,North America,1971-CU,1968
Cuba,CUB,1972,8135150891.920252,CU,North America,1972-CU,1972
Cuba,CUB,1973,9987709650,CU,North America,1973-CU,1972
Cuba,CUB,1974,11405957317.073172,CU,North America,1974-CU,1972
Cuba,CUB,1975,13027415243.90244,CU,North America,1975-CU,1972
Cuba,CUB,1976,13789579902.557858,CU,North America,1976-CU,1976
Cuba,CUB,1977,14206158674.698795,CU,North America,1977-CU,1976
Cuba,CUB,1978,17844705324.675323,CU,North America,1978-CU,1976
Cuba,CUB,1979,19584443287.671234,CU,North America,1979-CU,1976
Cuba,CUB,1980,19912889861.11111,CU,North America,1980-CU,1980
Cuba,CUB,1981,20150254096.385544,CU,North America,1981-CU,1980
Cuba,CUB,1982,20953510235.294117,CU,North America,1982-CU,1980
Cuba,CUB,1983,22204940512.223515,CU,North America,1983-CU,1980
Cuba,CUB,1984,24039383608.42345,CU,North America,1984-CU,1984
Cuba,CUB,1985,22920490774.101974,CU,North America,1985-CU,1984
Cuba,CUB,1986,24226574634.029278,CU,North America,1986-CU,1984
Cuba,CUB,1987,25213935012,CU,North America,1987-CU,1984
Cuba,CUB,1988,27458999472.295513,CU,North America,1988-CU,1988
Cuba,CUB,1989,27023468665.89773,CU,North America,1989-CU,1988
Cuba,CUB,1990,28645436569.148937,CU,North America,1990-CU,1988
Cuba,CUB,1991,24316556025.658524,CU,North America,1991-CU,1988
Cuba,CUB,1992,22085858243.243244,CU,North America,1992-CU,1992
Cuba,CUB,1993,22367254864.864864,CU,North America,1993-CU,1992
Cuba,CUB,1994,28448326756.756756,CU,North America,1994-CU,1992
Cuba,CUB,1995,30429803651,CU,North America,1995-CU,1992
Cuba,CUB,1996,25017368700,CU,North America,1996-CU,1996
Cuba,CUB,1997,25365908100,CU,North America,1997-CU,1996
Cuba,CUB,1998,25736331200,CU,North America,1998-CU,1996
Cuba,CUB,1999,28364615200,CU,North America,1999-CU,1996
Cuba,CUB,2000,30565400000,CU,North America,2000-CU,2000
Cuba,CUB,2001,31682400000,CU,North America,2001-CU,2000
Cuba,CUB,2002,33590500000,CU,North America,2002-CU,2000
Cuba,CUB,2003,35901200000,CU,North America,2003-CU,2000
Cuba,CUB,2004,38203000000,CU,North America,2004-CU,2004
Cuba,CUB,2005,42643836100,CU,North America,2005-CU,2004
Cuba,CUB,2006,48835925925.92593,CU,North America,2006-CU,2004
Cuba,CUB,2007,54262870370.37037,CU,North America,2007-CU,2004
Cuba,CUB,2008,56302129629.62962,CU,North America,2008-CU,2008
Cuba,CUB,2009,57481481481.481476,CU,North America,2009-CU,2008
Cuba,CUB,2010,59562962962.96296,CU,North America,2010-CU,2008
Cuba,CUB,2011,68990000000,CU,North America,2011-CU,2008
Cuba,CUB,2012,73141000000,CU,North America,2012-CU,2012
Cuba,CUB,2013,77148000000,CU,North America,2013-CU,2012
Cuba,CUB,2014,80656100000,CU,North America,2014-CU,2012
Cuba,CUB,2015,87132800000,CU,North America,2015-CU,2012
Cuba,CUB,2016,91370407864,CU,North America,2016-CU,2016
Cuba,CUB,2017,96850649692,CU,North America,2017-CU,2016
Cuba,CUB,2018,1.0005E+11,CU,North America,2018-CU,2016
Cuba,CUB,2019,1.03428E+11,CU,North America,2019-CU,2016
Cuba,CUB,2020,1.07352E+11,CU,North America,2020-CU,2020
Curacao,CUW,2011,2930092234.6368713,CW,North America,2011-CW,2008
Curacao,CUW,2012,3012836257,CW,North America,2012-CW,2012
Curacao,CUW,2013,3033568603.3519554,CW,North America,2013-CW,2012
Curacao,CUW,2014,3059406983.2402234,CW,North America,2014-CW,2012
Curacao,CUW,2015,3058779217.8770947,CW,North America,2015-CW,2012
Curacao,CUW,2016,3024690167.5977654,CW,North America,2016-CW,2016
Curacao,CUW,2017,3033433240.2234635,CW,North America,2017-CW,2016
Curacao,CUW,2018,3046364804.4692736,CW,North America,2018-CW,2016
Curacao,CUW,2019,3026124134.0782123,CW,North America,2019-CW,2016
Curacao,CUW,2020,2534327597.765363,CW,North America,2020-CW,2020
Curacao,CUW,2021,2739608133.1843576,CW,North America,2021-CW,2020
Curacao,CUW,2022,3073840325.4328494,CW,North America,2022-CW,2020
Cyprus,CYP,1975,489914760.6828071,CY,Middle East,1975-CY,1972
Cyprus,CYP,1976,576090073.7150359,CY,Middle East,1976-CY,1976
Cyprus,CYP,1977,734887973.9758056,CY,Middle East,1977-CY,1976
Cyprus,CYP,1978,964026512.1978389,CY,Middle East,1978-CY,1976
Cyprus,CYP,1979,1288715209.5808384,CY,Middle East,1979-CY,1976
Cyprus,CYP,1980,2154311276.9485903,CY,Middle East,1980-CY,1980
Cyprus,CYP,1981,2087496373.7796376,CY,Middle East,1981-CY,1980
Cyprus,CYP,1982,2159242417,CY,Middle East,1982-CY,1980
Cyprus,CYP,1983,2160364071.1902113,CY,Middle East,1983-CY,1980
Cyprus,CYP,1984,2278248953.1405787,CY,Middle East,1984-CY,1984
Cyprus,CYP,1985,2430411900.1919384,CY,Middle East,1985-CY,1984
Cyprus,CYP,1986,3090734463.276836,CY,Middle East,1986-CY,1984
Cyprus,CYP,1987,3704813885.5054812,CY,Middle East,1987-CY,1984
Cyprus,CYP,1988,4278792597.2396483,CY,Middle East,1988-CY,1988
Cyprus,CYP,1989,4563482603.550296,CY,Middle East,1989-CY,1988
Cyprus,CYP,1990,5591130217.669654,CY,Middle East,1990-CY,1988
Cyprus,CYP,1991,5770197348.484848,CY,Middle East,1991-CY,1988
Cyprus,CYP,1992,6912150456.323338,CY,Middle East,1992-CY,1992
Cyprus,CYP,1993,6590291048.292109,CY,Middle East,1993-CY,1992
Cyprus,CYP,1994,7425703928.571429,CY,Middle East,1994-CY,1992
Cyprus,CYP,1995,9933133247.089262,CY,Middle East,1995-CY,1992
Cyprus,CYP,1996,10011918444.16562,CY,Middle East,1996-CY,1996
Cyprus,CYP,1997,9547818700.114025,CY,Middle East,1997-CY,1996
Cyprus,CYP,1998,10248617647.058823,CY,Middle East,1998-CY,1996
Cyprus,CYP,1999,10497908306.364616,CY,Middle East,1999-CY,1996
Cyprus,CYP,2000,9985844486.333649,CY,Middle East,2000-CY,2000
Cyprus,CYP,2001,10397897085.610199,CY,Middle East,2001-CY,2000
Cyprus,CYP,2002,11420227884.615385,CY,Middle East,2002-CY,2000
Cyprus,CYP,2003,14547325028.31257,CY,Middle East,2003-CY,2000
Cyprus,CYP,2004,17320552500,CY,Middle East,2004-CY,2004
Cyprus,CYP,2005,18433411267.255314,CY,Middle East,2005-CY,2004
Cyprus,CYP,2006,20072786350.520638,CY,Middle East,2006-CY,2004
Cyprus,CYP,2007,23968764029.56474,CY,Middle East,2007-CY,2004
Cyprus,CYP,2008,27844698989.307163,CY,Middle East,2008-CY,2008
Cyprus,CYP,2009,26048249356.83584,CY,Middle East,2009-CY,2008
Cyprus,CYP,2010,25799940416.22122,CY,Middle East,2010-CY,2008
Cyprus,CYP,2011,27641551807.299408,CY,Middle East,2011-CY,2008
Cyprus,CYP,2012,25047433100.13009,CY,Middle East,2012-CY,2012
Cyprus,CYP,2013,23959708956.356323,CY,Middle East,2013-CY,2012
Cyprus,CYP,2014,23225912184.50475,CY,Middle East,2014-CY,2012
Cyprus,CYP,2015,19909269064.12042,CY,Middle East,2015-CY,2012
Cyprus,CYP,2016,21046452116.38089,CY,Middle East,2016-CY,2016
Cyprus,CYP,2017,22946583374.75689,CY,Middle East,2017-CY,2016
Cyprus,CYP,2018,25597301190.92315,CY,Middle East,2018-CY,2016
Cyprus,CYP,2019,25947020102.433212,CY,Middle East,2019-CY,2016
Cyprus,CYP,2020,25227189744.908283,CY,Middle East,2020-CY,2020
Cyprus,CYP,2021,29482912835.364185,CY,Middle East,2021-CY,2020
Cyprus,CYP,2022,29250532020.074577,CY,Middle East,2022-CY,2020
Cyprus,CYP,2023,32229622669.195114,CY,Middle East,2023-CY,2020
Czechia,CZE,1990,40728950704.617615,CZ,Europe,1990-CZ,1988
Czechia,CZE,1991,29859921158.869625,CZ,Europe,1991-CZ,1988
Czechia,CZE,1992,34805013229.57198,CZ,Europe,1992-CZ,1992
Czechia,CZE,1993,40866748705.10754,CZ,Europe,1993-CZ,1992
Czechia,CZE,1994,47850203856.175095,CZ,Europe,1994-CZ,1992
Czechia,CZE,1995,60147174076.86511,CZ,Europe,1995-CZ,1992
Czechia,CZE,1996,67387788632.981155,CZ,Europe,1996-CZ,1996
Czechia,CZE,1997,62180159376.12387,CZ,Europe,1997-CZ,1996
Czechia,CZE,1998,66807429711.41098,CZ,Europe,1998-CZ,1996
Czechia,CZE,1999,65173130995.221176,CZ,Europe,1999-CZ,1996
Czechia,CZE,2000,61828166496,CZ,Europe,2000-CZ,2000
Czechia,CZE,2001,67808032979.54291,CZ,Europe,2001-CZ,2000
Czechia,CZE,2002,82196001050.74744,CZ,Europe,2002-CZ,2000
Czechia,CZE,2003,100090467581.26839,CZ,Europe,2003-CZ,2000
Czechia,CZE,2004,119814434353.57474,CZ,Europe,2004-CZ,2004
Czechia,CZE,2005,137143471328.27435,CZ,Europe,2005-CZ,2004
Czechia,CZE,2006,156264095664.64267,CZ,Europe,2006-CZ,2004
Czechia,CZE,2007,190183800884.0182,CZ,Europe,2007-CZ,2004
Czechia,CZE,2008,236816485762.98788,CZ,Europe,2008-CZ,2008
Czechia,CZE,2009,207434296805.3297,CZ,Europe,2009-CZ,2008
Czechia,CZE,2010,209069940963.17725,CZ,Europe,2010-CZ,2008
Czechia,CZE,2011,229562733398.9475,CZ,Europe,2011-CZ,2008
Czechia,CZE,2012,208857719320.6487,CZ,Europe,2012-CZ,2012
Czechia,CZE,2013,211685616592.9311,CZ,Europe,2013-CZ,2012
Czechia,CZE,2014,209358834156.32904,CZ,Europe,2014-CZ,2012
Czechia,CZE,2015,188033050459.8811,CZ,Europe,2015-CZ,2012
Czechia,CZE,2016,196272068576.3383,CZ,Europe,2016-CZ,2016
Czechia,CZE,2017,218628940951.67508,CZ,Europe,2017-CZ,2016
Czechia,CZE,2018,249000540729.17868,CZ,Europe,2018-CZ,2016
Czechia,CZE,2019,252548179964.8966,CZ,Europe,2019-CZ,2016
Czechia,CZE,2020,245974558654.04294,CZ,Europe,2020-CZ,2020
Czechia,CZE,2021,281791218507.0996,CZ,Europe,2021-CZ,2020
Czechia,CZE,2022,290565654835.8094,CZ,Europe,2022-CZ,2020
Czechia,CZE,2023,330858339871.6861,CZ,Europe,2023-CZ,2020
Denmark,DNK,1960,6361166312.9475155,DK,Europe,1960-DK,1960
Denmark,DNK,1961,7058360972,DK,Europe,1961-DK,1960
Denmark,DNK,1962,7953274451.781939,DK,Europe,1962-DK,1960
Denmark,DNK,1963,8466044671.703268,DK,Europe,1963-DK,1960
Denmark,DNK,1964,9677400984.901215,DK,Europe,1964-DK,1964
Denmark,DNK,1965,10870670469.612425,DK,Europe,1965-DK,1964
Denmark,DNK,1966,11931739858.704626,DK,Europe,1966-DK,1964
Denmark,DNK,1967,13059064374.628677,DK,Europe,1967-DK,1964
Denmark,DNK,1968,13505573866.666666,DK,Europe,1968-DK,1968
Denmark,DNK,1969,15414902266.666666,DK,Europe,1969-DK,1968
Denmark,DNK,1970,17075457600,DK,Europe,1970-DK,1968
Denmark,DNK,1971,19085731252.44065,DK,Europe,1971-DK,1968
Denmark,DNK,1972,23232379951.937607,DK,Europe,1972-DK,1972
Denmark,DNK,1973,30730626663.360607,DK,Europe,1973-DK,1972
Denmark,DNK,1974,34160444798.109894,DK,Europe,1974-DK,1972
Denmark,DNK,1975,40474406216.28207,DK,Europe,1975-DK,1972
Denmark,DNK,1976,44575892473.118286,DK,Europe,1976-DK,1976
Denmark,DNK,1977,49784338519.45629,DK,Europe,1977-DK,1976
Denmark,DNK,1978,60362931853.62492,DK,Europe,1978-DK,1976
Denmark,DNK,1979,70366241969.20737,DK,Europe,1979-DK,1976
Denmark,DNK,1980,71127528699.94144,DK,Europe,1980-DK,1980
Denmark,DNK,1981,61877813965.24132,DK,Europe,1981-DK,1980
Denmark,DNK,1982,60412844678.604004,DK,Europe,1982-DK,1980
Denmark,DNK,1983,60644782176.05249,DK,Europe,1983-DK,1980
Denmark,DNK,1984,59105236853.79372,DK,Europe,1984-DK,1984
Denmark,DNK,1985,62658568287.34287,DK,Europe,1985-DK,1984
Denmark,DNK,1986,88078760103.81906,DK,Europe,1986-DK,1984
Denmark,DNK,1987,109414423928.77505,DK,Europe,1987-DK,1984
Denmark,DNK,1988,115552846616.65306,DK,Europe,1988-DK,1988
Denmark,DNK,1989,112409222182.70361,DK,Europe,1989-DK,1988
Denmark,DNK,1990,138247285815.85495,DK,Europe,1990-DK,1988
Denmark,DNK,1991,139224688814.19528,DK,Europe,1991-DK,1988
Denmark,DNK,1992,152915654478.88538,DK,Europe,1992-DK,1992
Denmark,DNK,1993,143195627014.6054,DK,Europe,1993-DK,1992
Denmark,DNK,1994,156162386724.52286,DK,Europe,1994-DK,1992
Denmark,DNK,1995,185006881515.06497,DK,Europe,1995-DK,1992
Denmark,DNK,1996,187632346387.9835,DK,Europe,1996-DK,1996
Denmark,DNK,1997,173537647058.82355,DK,Europe,1997-DK,1996
Denmark,DNK,1998,176991934992.83667,DK,Europe,1998-DK,1996
Denmark,DNK,1999,177965188354.69165,DK,Europe,1999-DK,1996
Denmark,DNK,2000,164158739097.62344,DK,Europe,2000-DK,2000
Denmark,DNK,2001,164791442543.37482,DK,Europe,2001-DK,2000
Denmark,DNK,2002,178635163717.43066,DK,Europe,2002-DK,2000
Denmark,DNK,2003,218096033517.00897,DK,Europe,2003-DK,2000
Denmark,DNK,2004,251373002954.38232,DK,Europe,2004-DK,2004
Denmark,DNK,2005,264467336457.16953,DK,Europe,2005-DK,2004
Denmark,DNK,2006,282884947702.9663,DK,Europe,2006-DK,2004
Denmark,DNK,2007,319423424509.06555,DK,Europe,2007-DK,2004
Denmark,DNK,2008,353361038818.38336,DK,Europe,2008-DK,2008
Denmark,DNK,2009,321241303699.00574,DK,Europe,2009-DK,2008
Denmark,DNK,2010,321995279401.5016,DK,Europe,2010-DK,2008
Denmark,DNK,2011,344003137611.2712,DK,Europe,2011-DK,2008
Denmark,DNK,2012,327148943812.1366,DK,Europe,2012-DK,2012
Denmark,DNK,2013,343584391647.92706,DK,Europe,2013-DK,2012
Denmark,DNK,2014,3.52994E+11,DK,Europe,2014-DK,2012
Denmark,DNK,2015,302673070846.85724,DK,Europe,2015-DK,2012
Denmark,DNK,2016,313115929314.33856,DK,Europe,2016-DK,2016
Denmark,DNK,2017,332121063806.39056,DK,Europe,2017-DK,2016
Denmark,DNK,2018,356841216410.0677,DK,Europe,2018-DK,2016
Denmark,DNK,2019,346498737961.6352,DK,Europe,2019-DK,2016
Denmark,DNK,2020,354762748338.6615,DK,Europe,2020-DK,2020
Denmark,DNK,2021,405687998852.6912,DK,Europe,2021-DK,2020
Denmark,DNK,2022,400167196948.7074,DK,Europe,2022-DK,2020
Denmark,DNK,2023,404198757537.9742,DK,Europe,2023-DK,2020
Djibouti,DJI,1985,340989527.96799475,DJ,Africa,1985-DJ,1984
Djibouti,DJI,1987,373371738.2864152,DJ,Africa,1987-DJ,1984
Djibouti,DJI,1988,395794538.6307752,DJ,Africa,1988-DJ,1988
Djibouti,DJI,1989,409220087.1028184,DJ,Africa,1989-DJ,1988
Djibouti,DJI,1990,452328087.28287596,DJ,Africa,1990-DJ,1988
Djibouti,DJI,1991,462421998.5257792,DJ,Africa,1991-DJ,1988
Djibouti,DJI,1992,478058304.8711182,DJ,Africa,1992-DJ,1992
Djibouti,DJI,1993,466048469.2298603,DJ,Africa,1993-DJ,1992
Djibouti,DJI,1994,491689220.7448754,DJ,Africa,1994-DJ,1992
Djibouti,DJI,1995,497723960.58991337,DJ,Africa,1995-DJ,1992
Djibouti,DJI,1996,494004647.7343702,DJ,Africa,1996-DJ,1996
Djibouti,DJI,1997,502675542.0012266,DJ,Africa,1997-DJ,1996
Djibouti,DJI,1998,514267869.30075794,DJ,Africa,1998-DJ,1996
Djibouti,DJI,1999,536080148.09729856,DJ,Africa,1999-DJ,1996
Djibouti,DJI,2000,551230861.8565054,DJ,Africa,2000-DJ,2000
Djibouti,DJI,2001,572417440.8201619,DJ,Africa,2001-DJ,2000
Djibouti,DJI,2002,591122039.6013976,DJ,Africa,2002-DJ,2000
Djibouti,DJI,2003,622044665.5150489,DJ,Africa,2003-DJ,2000
Djibouti,DJI,2004,666072101.7775052,DJ,Africa,2004-DJ,2004
Djibouti,DJI,2005,708633194.7265658,DJ,Africa,2005-DJ,2004
Djibouti,DJI,2006,768873684,DJ,Africa,2006-DJ,2004
Djibouti,DJI,2007,847918929.1079838,DJ,Africa,2007-DJ,2004
Djibouti,DJI,2008,999105339.2677286,DJ,Africa,2008-DJ,2008
Djibouti,DJI,2009,1049110684.724934,DJ,Africa,2009-DJ,2008
Djibouti,DJI,2010,1128611700.361803,DJ,Africa,2010-DJ,2008
Djibouti,DJI,2011,1239144501.7752545,DJ,Africa,2011-DJ,2008
Djibouti,DJI,2012,1353632941.520698,DJ,Africa,2012-DJ,2012
Djibouti,DJI,2013,2042817162.8563871,DJ,Africa,2013-DJ,2012
Djibouti,DJI,2014,2214679081.256576,DJ,Africa,2014-DJ,2012
Djibouti,DJI,2015,2424391785.4389744,DJ,Africa,2015-DJ,2012
Djibouti,DJI,2016,2604955228.701166,DJ,Africa,2016-DJ,2016
Djibouti,DJI,2017,2762581334.2261186,DJ,Africa,2017-DJ,2016
Djibouti,DJI,2018,2913466732.1250725,DJ,Africa,2018-DJ,2016
Djibouti,DJI,2019,3088853638.568318,DJ,Africa,2019-DJ,2016
Djibouti,DJI,2020,3185150981.032067,DJ,Africa,2020-DJ,2020
Djibouti,DJI,2021,3385825228.8699703,DJ,Africa,2021-DJ,2020
Djibouti,DJI,2022,3674298479.076755,DJ,Africa,2022-DJ,2020
Djibouti,DJI,2023,4098530513.5577674,DJ,Africa,2023-DJ,2020
Dominica,DMA,1977,45872947.41,DM,North America,1977-DM,1976
Dominica,DMA,1978,57130215.55555555,DM,North America,1978-DM,1976
Dominica,DMA,1979,55017758.88888889,DM,North America,1979-DM,1976
Dominica,DMA,1980,72804653.33333333,DM,North America,1980-DM,1980
Dominica,DMA,1981,82107391.11,DM,North America,1981-DM,1980
Dominica,DMA,1982,89527576.66666666,DM,North America,1982-DM,1980
Dominica,DMA,1983,98665191.48148146,DM,North America,1983-DM,1980
Dominica,DMA,1984,109157070.74074073,DM,North America,1984-DM,1984
Dominica,DMA,1985,119491932.96296296,DM,North America,1985-DM,1984
Dominica,DMA,1986,135161958.5185185,DM,North America,1986-DM,1984
Dominica,DMA,1987,151868754.44444445,DM,North America,1987-DM,1984
Dominica,DMA,1988,171106184.07407406,DM,North America,1988-DM,1988
Dominica,DMA,1989,185137242.96296296,DM,North America,1989-DM,1988
Dominica,DMA,1990,201429629.6296296,DM,North America,1990-DM,1988
Dominica,DMA,1991,219762962.96296296,DM,North America,1991-DM,1988
Dominica,DMA,1992,234059259.25925925,DM,North America,1992-DM,1992
Dominica,DMA,1993,245525925.9259259,DM,North America,1993-DM,1992
Dominica,DMA,1994,264374074.07407406,DM,North America,1994-DM,1992
Dominica,DMA,1995,274522222.2222222,DM,North America,1995-DM,1992
Dominica,DMA,1996,292285185.1851852,DM,North America,1996-DM,1996
Dominica,DMA,1997,302988888.8888889,DM,North America,1997-DM,1996
Dominica,DMA,1998,322411111.1111111,DM,North America,1998-DM,1996
Dominica,DMA,1999,331759259.2592592,DM,North America,1999-DM,1996
Dominica,DMA,2000,333470370.3703703,DM,North America,2000-DM,2000
Dominica,DMA,2001,340203703.7037037,DM,North America,2001-DM,2000
Dominica,DMA,2002,333196296.2962963,DM,North America,2002-DM,2000
Dominica,DMA,2003,343311111.1111111,DM,North America,2003-DM,2000
Dominica,DMA,2004,367200000,DM,North America,2004-DM,2004
Dominica,DMA,2005,364255555.5555555,DM,North America,2005-DM,2004
Dominica,DMA,2006,390251851.8518519,DM,North America,2006-DM,2004
Dominica,DMA,2007,421374074.07407403,DM,North America,2007-DM,2004
Dominica,DMA,2008,458188888.88888884,DM,North America,2008-DM,2008
Dominica,DMA,2009,489074074.07407403,DM,North America,2009-DM,2008
Dominica,DMA,2010,493825925.9259259,DM,North America,2010-DM,2008
Dominica,DMA,2011,501025925.9259259,DM,North America,2011-DM,2008
Dominica,DMA,2012,485996296.29629624,DM,North America,2012-DM,2012
Dominica,DMA,2013,498296296.29629624,DM,North America,2013-DM,2012
Dominica,DMA,2014,520429629.6296296,DM,North America,2014-DM,2012
Dominica,DMA,2015,540737037,DM,North America,2015-DM,2012
Dominica,DMA,2016,576229629.6296296,DM,North America,2016-DM,2016
Dominica,DMA,2017,521551851.8518518,DM,North America,2017-DM,2016
Dominica,DMA,2018,554770370.3703704,DM,North America,2018-DM,2016
Dominica,DMA,2019,611537037,DM,North America,2019-DM,2016
Dominica,DMA,2020,504214814.8148148,DM,North America,2020-DM,2020
Dominica,DMA,2021,555266666.6666666,DM,North America,2021-DM,2020
Dominica,DMA,2022,607159259.2592592,DM,North America,2022-DM,2020
Dominica,DMA,2023,653992592.5925926,DM,North America,2023-DM,2020
Dominican Republic,DOM,1960,672399700,DO,North America,1960-DO,1960
Dominican Republic,DOM,1961,654100200,DO,North America,1961-DO,1960
Dominican Republic,DOM,1962,824100000,DO,North America,1962-DO,1960
Dominican Republic,DOM,1963,940799900,DO,North America,1963-DO,1960
Dominican Republic,DOM,1964,1025599899.9999999,DO,North America,1964-DO,1964
Dominican Republic,DOM,1965,888100000,DO,North America,1965-DO,1964
Dominican Republic,DOM,1966,983900000,DO,North America,1966-DO,1964
Dominican Republic,DOM,1967,1034800000,DO,North America,1967-DO,1964
Dominican Republic,DOM,1968,1079100000,DO,North America,1968-DO,1968
Dominican Republic,DOM,1969,1230500000,DO,North America,1969-DO,1968
Dominican Republic,DOM,1970,1485500000,DO,North America,1970-DO,1968
Dominican Republic,DOM,1971,1666500000,DO,North America,1971-DO,1968
Dominican Republic,DOM,1972,1987400000,DO,North America,1972-DO,1972
Dominican Republic,DOM,1973,2344800000,DO,North America,1973-DO,1972
Dominican Republic,DOM,1974,2925700000,DO,North America,1974-DO,1972
Dominican Republic,DOM,1975,3599200000,DO,North America,1975-DO,1972
Dominican Republic,DOM,1976,3951500000,DO,North America,1976-DO,1976
Dominican Republic,DOM,1977,4587100000,DO,North America,1977-DO,1976
Dominican Republic,DOM,1978,4734400000,DO,North America,1978-DO,1976
Dominican Republic,DOM,1979,5498800000,DO,North America,1979-DO,1976
Dominican Republic,DOM,1980,6761300000,DO,North America,1980-DO,1980
Dominican Republic,DOM,1981,7561300000,DO,North America,1981-DO,1980
Dominican Republic,DOM,1982,8267400000,DO,North America,1982-DO,1980
Dominican Republic,DOM,1983,9220600000,DO,North America,1983-DO,1980
Dominican Republic,DOM,1984,11594000000,DO,North America,1984-DO,1984
Dominican Republic,DOM,1985,5044579979.232849,DO,North America,1985-DO,1984
Dominican Republic,DOM,1986,6122128557.572428,DO,North America,1986-DO,1984
Dominican Republic,DOM,1987,5827050753.259373,DO,North America,1987-DO,1984
Dominican Republic,DOM,1988,5374299981.496984,DO,North America,1988-DO,1988
Dominican Republic,DOM,1989,6686593059.936909,DO,North America,1989-DO,1988
Dominican Republic,DOM,1990,7073675544.790213,DO,North America,1990-DO,1988
Dominican Republic,DOM,1991,9824483339.945175,DO,North America,1991-DO,1988
Dominican Republic,DOM,1992,11605382504,DO,North America,1992-DO,1992
Dominican Republic,DOM,1993,13081042400,DO,North America,1993-DO,1992
Dominican Republic,DOM,1994,14644734599.477839,DO,North America,1994-DO,1992
Dominican Republic,DOM,1995,16637370839.160841,DO,North America,1995-DO,1992
Dominican Republic,DOM,1996,18241622547.590794,DO,North America,1996-DO,1996
Dominican Republic,DOM,1997,20017450041.30753,DO,North America,1997-DO,1996
Dominican Republic,DOM,1998,21672215546.764217,DO,North America,1998-DO,1996
Dominican Republic,DOM,1999,22136579396.921772,DO,North America,1999-DO,1996
Dominican Republic,DOM,2000,24305780629,DO,North America,2000-DO,2000
Dominican Republic,DOM,2001,25601823687.57415,DO,North America,2001-DO,2000
Dominican Republic,DOM,2002,27137440786.256207,DO,North America,2002-DO,2000
Dominican Republic,DOM,2003,21403167848.144363,DO,North America,2003-DO,2000
Dominican Republic,DOM,2004,22322387382.494026,DO,North America,2004-DO,2004
Dominican Republic,DOM,2005,35777560683.93658,DO,North America,2005-DO,2004
Dominican Republic,DOM,2006,37879830084.26267,DO,North America,2006-DO,2004
Dominican Republic,DOM,2007,43965458508.50559,DO,North America,2007-DO,2004
Dominican Republic,DOM,2008,48122601530,DO,North America,2008-DO,2008
Dominican Republic,DOM,2009,48261078913.72663,DO,North America,2009-DO,2008
Dominican Republic,DOM,2010,53860187257.959335,DO,North America,2010-DO,2008
Dominican Republic,DOM,2011,58029773599.45505,DO,North America,2011-DO,2008
Dominican Republic,DOM,2012,60681535652.537346,DO,North America,2012-DO,2012
Dominican Republic,DOM,2013,62682159338.03544,DO,North America,2013-DO,2012
Dominican Republic,DOM,2014,67179955677.279144,DO,North America,2014-DO,2012
Dominican Republic,DOM,2015,71164826837,DO,North America,2015-DO,2012
Dominican Republic,DOM,2016,75704647877.65591,DO,North America,2016-DO,2016
Dominican Republic,DOM,2017,79998046305.79002,DO,North America,2017-DO,2016
Dominican Republic,DOM,2018,85555390139.11797,DO,North America,2018-DO,2016
Dominican Republic,DOM,2019,88941372558.23965,DO,North America,2019-DO,2016
Dominican Republic,DOM,2020,78844656298.17764,DO,North America,2020-DO,2020
Dominican Republic,DOM,2021,94243425938.36469,DO,North America,2021-DO,2020
Dominican Republic,DOM,2022,113537368176.1303,DO,North America,2022-DO,2020
Dominican Republic,DOM,2023,121444279313.93079,DO,North America,2023-DO,2020
Ecuador,ECU,1960,2069464936.5976176,EC,South America,1960-EC,1960
Ecuador,ECU,1961,1753850954.839794,EC,South America,1961-EC,1960
Ecuador,ECU,1962,1518207703.8901634,EC,South America,1962-EC,1960
Ecuador,ECU,1963,1824343870.4139283,EC,South America,1963-EC,1960
Ecuador,ECU,1964,2244146103.1834245,EC,South America,1964-EC,1964
Ecuador,ECU,1965,2387047395.7025414,EC,South America,1965-EC,1964
Ecuador,ECU,1966,2429308638.8380036,EC,South America,1966-EC,1964
Ecuador,ECU,1967,2553595172,EC,South America,1967-EC,1964
Ecuador,ECU,1968,2582179864,EC,South America,1968-EC,1968
Ecuador,ECU,1969,3112165727.3834167,EC,South America,1969-EC,1968
Ecuador,ECU,1970,2862503139.003583,EC,South America,1970-EC,1968
Ecuador,ECU,1971,2754219271.0308237,EC,South America,1971-EC,1968
Ecuador,ECU,1972,3185986087.335834,EC,South America,1972-EC,1972
Ecuador,ECU,1973,3891754150.237964,EC,South America,1973-EC,1972
Ecuador,ECU,1974,6599257044.124136,EC,South America,1974-EC,1972
Ecuador,ECU,1975,7731674472.072123,EC,South America,1975-EC,1972
Ecuador,ECU,1976,9091921030.173452,EC,South America,1976-EC,1976
Ecuador,ECU,1977,11026342618.114077,EC,South America,1977-EC,1976
Ecuador,ECU,1978,11922497876.482836,EC,South America,1978-EC,1976
Ecuador,ECU,1979,14175160902.072092,EC,South America,1979-EC,1976
Ecuador,ECU,1980,17881508242.44813,EC,South America,1980-EC,1980
Ecuador,ECU,1981,21810759353.73044,EC,South America,1981-EC,1980
Ecuador,ECU,1982,19929846396.423885,EC,South America,1982-EC,1980
Ecuador,ECU,1983,17152477036.500483,EC,South America,1983-EC,1980
Ecuador,ECU,1984,16912509092,EC,South America,1984-EC,1984
Ecuador,ECU,1985,17149088413.349995,EC,South America,1985-EC,1984
Ecuador,ECU,1986,15314138472.328245,EC,South America,1986-EC,1984
Ecuador,ECU,1987,13945426859.465685,EC,South America,1987-EC,1984
Ecuador,ECU,1988,13051881851.406824,EC,South America,1988-EC,1988
Ecuador,ECU,1989,13890823704.554482,EC,South America,1989-EC,1988
Ecuador,ECU,1990,15239272611.580948,EC,South America,1990-EC,1988
Ecuador,ECU,1991,16988535267.633818,EC,South America,1991-EC,1988
Ecuador,ECU,1992,18094238119.05953,EC,South America,1992-EC,1992
Ecuador,ECU,1993,18938717358.67934,EC,South America,1993-EC,1992
Ecuador,ECU,1994,22708673336.66833,EC,South America,1994-EC,1992
Ecuador,ECU,1995,24432884442.221107,EC,South America,1995-EC,1992
Ecuador,ECU,1996,25226393196.598297,EC,South America,1996-EC,1996
Ecuador,ECU,1997,28162053026.513256,EC,South America,1997-EC,1996
Ecuador,ECU,1998,27981896948.474236,EC,South America,1998-EC,1996
Ecuador,ECU,1999,19645272636.318157,EC,South America,1999-EC,1996
Ecuador,ECU,2000,17539454727.36368,EC,South America,2000-EC,2000
Ecuador,ECU,2001,23127055000,EC,South America,2001-EC,2000
Ecuador,ECU,2002,27054197000,EC,South America,2002-EC,2000
Ecuador,ECU,2003,30965208000,EC,South America,2003-EC,2000
Ecuador,ECU,2004,35194947000,EC,South America,2004-EC,2004
Ecuador,ECU,2005,40278849000,EC,South America,2005-EC,2004
Ecuador,ECU,2006,45690762000,EC,South America,2006-EC,2004
Ecuador,ECU,2007,49848725000,EC,South America,2007-EC,2004
Ecuador,ECU,2008,61139438000,EC,South America,2008-EC,2008
Ecuador,ECU,2009,60094978000,EC,South America,2009-EC,2008
Ecuador,ECU,2010,68151329000,EC,South America,2010-EC,2008
Ecuador,ECU,2011,78986648000,EC,South America,2011-EC,2008
Ecuador,ECU,2012,87735048000,EC,South America,2012-EC,2012
Ecuador,ECU,2013,96570334000,EC,South America,2013-EC,2012
Ecuador,ECU,2014,1.02718E+11,EC,South America,2014-EC,2012
Ecuador,ECU,2015,97209558000,EC,South America,2015-EC,2012
Ecuador,ECU,2016,97671433000,EC,South America,2016-EC,2016
Ecuador,ECU,2017,1.04467E+11,EC,South America,2017-EC,2016
Ecuador,ECU,2018,1.07479E+11,EC,South America,2018-EC,2016
Ecuador,ECU,2019,1.07596E+11,EC,South America,2019-EC,2016
Ecuador,ECU,2020,95865472000,EC,South America,2020-EC,2020
Ecuador,ECU,2021,1.07435E+11,EC,South America,2021-EC,2020
Ecuador,ECU,2022,1.16586E+11,EC,South America,2022-EC,2020
Ecuador,ECU,2023,1.18845E+11,EC,South America,2023-EC,2020
"Egypt, Arab Rep.",EGY,1965,4948667540,EG,Africa,1965-EG,1964
"Egypt, Arab Rep.",EGY,1966,5278005611.914526,EG,Africa,1966-EG,1964
"Egypt, Arab Rep.",EGY,1967,5605484298.982751,EG,Africa,1967-EG,1964
"Egypt, Arab Rep.",EGY,1968,5932242990.654205,EG,Africa,1968-EG,1968
"Egypt, Arab Rep.",EGY,1969,6524455205.811138,EG,Africa,1969-EG,1968
"Egypt, Arab Rep.",EGY,1970,8042200452.147701,EG,Africa,1970-EG,1968
"Egypt, Arab Rep.",EGY,1971,8609283346.085182,EG,Africa,1971-EG,1968
"Egypt, Arab Rep.",EGY,1972,9299638055.842813,EG,Africa,1972-EG,1972
"Egypt, Arab Rep.",EGY,1973,10098534613.441132,EG,Africa,1973-EG,1972
"Egypt, Arab Rep.",EGY,1974,9228963224.600042,EG,Africa,1974-EG,1972
"Egypt, Arab Rep.",EGY,1975,11632178868.917141,EG,Africa,1975-EG,1972
"Egypt, Arab Rep.",EGY,1976,13315988083.416088,EG,Africa,1976-EG,1976
"Egypt, Arab Rep.",EGY,1977,14400806875.986668,EG,Africa,1977-EG,1976
"Egypt, Arab Rep.",EGY,1978,14811704063.068527,EG,Africa,1978-EG,1976
"Egypt, Arab Rep.",EGY,1979,18020571428.57143,EG,Africa,1979-EG,1976
"Egypt, Arab Rep.",EGY,1980,21669908176.38889,EG,Africa,1980-EG,1980
"Egypt, Arab Rep.",EGY,1981,22136081081.08108,EG,Africa,1981-EG,1980
"Egypt, Arab Rep.",EGY,1982,27655172413.793102,EG,Africa,1982-EG,1980
"Egypt, Arab Rep.",EGY,1983,30966239813.736904,EG,Africa,1983-EG,1980
"Egypt, Arab Rep.",EGY,1984,33971188991.614704,EG,Africa,1984-EG,1984
"Egypt, Arab Rep.",EGY,1985,39053502251.07319,EG,Africa,1985-EG,1984
"Egypt, Arab Rep.",EGY,1986,41253507951.35641,EG,Africa,1986-EG,1984
"Egypt, Arab Rep.",EGY,1987,40455616653.574234,EG,Africa,1987-EG,1984
"Egypt, Arab Rep.",EGY,1988,34980124929.01761,EG,Africa,1988-EG,1988
"Egypt, Arab Rep.",EGY,1989,39756299049.97935,EG,Africa,1989-EG,1988
"Egypt, Arab Rep.",EGY,1990,42978914311.35038,EG,Africa,1990-EG,1988
"Egypt, Arab Rep.",EGY,1991,37387836490.52842,EG,Africa,1991-EG,1988
"Egypt, Arab Rep.",EGY,1992,41855986519.42346,EG,Africa,1992-EG,1992
"Egypt, Arab Rep.",EGY,1993,46578631452.58103,EG,Africa,1993-EG,1992
"Egypt, Arab Rep.",EGY,1994,51897983392.64532,EG,Africa,1994-EG,1992
"Egypt, Arab Rep.",EGY,1995,60159245060.45414,EG,Africa,1995-EG,1992
"Egypt, Arab Rep.",EGY,1996,67629716981.13208,EG,Africa,1996-EG,1996
"Egypt, Arab Rep.",EGY,1997,78436578171.09145,EG,Africa,1997-EG,1996
"Egypt, Arab Rep.",EGY,1998,84828807556.08029,EG,Africa,1998-EG,1996
"Egypt, Arab Rep.",EGY,1999,90710704806.84164,EG,Africa,1999-EG,1996
"Egypt, Arab Rep.",EGY,2000,99838543960.07632,EG,Africa,2000-EG,2000
"Egypt, Arab Rep.",EGY,2001,96684636118.59839,EG,Africa,2001-EG,2000
"Egypt, Arab Rep.",EGY,2002,85146067415.73033,EG,Africa,2002-EG,2000
"Egypt, Arab Rep.",EGY,2003,80288461538.46153,EG,Africa,2003-EG,2000
"Egypt, Arab Rep.",EGY,2004,78782467532.46753,EG,Africa,2004-EG,2004
"Egypt, Arab Rep.",EGY,2005,89600665557.40433,EG,Africa,2005-EG,2004
"Egypt, Arab Rep.",EGY,2006,107426086956.52174,EG,Africa,2006-EG,2004
"Egypt, Arab Rep.",EGY,2007,130437828371.27846,EG,Africa,2007-EG,2004
"Egypt, Arab Rep.",EGY,2008,162818181818.18182,EG,Africa,2008-EG,2008
"Egypt, Arab Rep.",EGY,2009,189147005444.64612,EG,Africa,2009-EG,2008
"Egypt, Arab Rep.",EGY,2010,2.18984E+11,EG,Africa,2010-EG,2008
"Egypt, Arab Rep.",EGY,2011,235989672977.6248,EG,Africa,2011-EG,2008
"Egypt, Arab Rep.",EGY,2012,279116666666.6667,EG,Africa,2012-EG,2012
"Egypt, Arab Rep.",EGY,2013,288434108527.1318,EG,Africa,2013-EG,2012
"Egypt, Arab Rep.",EGY,2014,305595408895.26544,EG,Africa,2014-EG,2012
"Egypt, Arab Rep.",EGY,2015,3.29367E+11,EG,Africa,2015-EG,2012
"Egypt, Arab Rep.",EGY,2016,3.32442E+11,EG,Africa,2016-EG,2016
"Egypt, Arab Rep.",EGY,2017,248362771739.13043,EG,Africa,2017-EG,2016
"Egypt, Arab Rep.",EGY,2018,262588632526.73044,EG,Africa,2018-EG,2016
"Egypt, Arab Rep.",EGY,2019,318678815489.74945,EG,Africa,2019-EG,2016
"Egypt, Arab Rep.",EGY,2020,383817841547.0992,EG,Africa,2020-EG,2020
"Egypt, Arab Rep.",EGY,2021,424671765455.7043,EG,Africa,2021-EG,2020
"Egypt, Arab Rep.",EGY,2022,476747720364.74164,EG,Africa,2022-EG,2020
"Egypt, Arab Rep.",EGY,2023,395926075163.0058,EG,Africa,2023-EG,2020
El Salvador,SLV,1965,877720000,SV,North America,1965-SV,1964
El Salvador,SLV,1966,929520000,SV,North America,1966-SV,1964
El Salvador,SLV,1967,976200000,SV,North America,1967-SV,1964
El Salvador,SLV,1968,1009760100,SV,North America,1968-SV,1968
El Salvador,SLV,1969,1049400000.0000001,SV,North America,1969-SV,1968
El Salvador,SLV,1970,1132920000,SV,North America,1970-SV,1968
El Salvador,SLV,1971,1186120000,SV,North America,1971-SV,1968
El Salvador,SLV,1972,1263720000,SV,North America,1972-SV,1972
El Salvador,SLV,1973,1442320000,SV,North America,1973-SV,1972
El Salvador,SLV,1974,1665880000,SV,North America,1974-SV,1972
El Salvador,SLV,1975,1884120100,SV,North America,1975-SV,1972
El Salvador,SLV,1976,2328280100,SV,North America,1976-SV,1976
El Salvador,SLV,1977,2941640100,SV,North America,1977-SV,1976
El Salvador,SLV,1978,3127960000,SV,North America,1978-SV,1976
El Salvador,SLV,1979,3463639900,SV,North America,1979-SV,1976
El Salvador,SLV,1980,3573959900,SV,North America,1980-SV,1980
El Salvador,SLV,1981,3437200200,SV,North America,1981-SV,1980
El Salvador,SLV,1982,3399189100,SV,North America,1982-SV,1980
El Salvador,SLV,1983,3506347800,SV,North America,1983-SV,1980
El Salvador,SLV,1984,3661683400,SV,North America,1984-SV,1984
El Salvador,SLV,1985,3800368600,SV,North America,1985-SV,1984
El Salvador,SLV,1986,3771663200,SV,North America,1986-SV,1984
El Salvador,SLV,1987,3958045800,SV,North America,1987-SV,1984
El Salvador,SLV,1988,4189880000,SV,North America,1988-SV,1988
El Salvador,SLV,1989,4372215300,SV,North America,1989-SV,1988
El Salvador,SLV,1990,4817542204,SV,North America,1990-SV,1988
El Salvador,SLV,1991,5252342400,SV,North America,1991-SV,1988
El Salvador,SLV,1992,5813399300,SV,North America,1992-SV,1992
El Salvador,SLV,1993,6680269200,SV,North America,1993-SV,1992
El Salvador,SLV,1994,7679384000,SV,North America,1994-SV,1992
El Salvador,SLV,1995,8921947100,SV,North America,1995-SV,1992
El Salvador,SLV,1996,9586327800,SV,North America,1996-SV,1996
El Salvador,SLV,1997,10221705900,SV,North America,1997-SV,1996
El Salvador,SLV,1998,10936669900,SV,North America,1998-SV,1996
El Salvador,SLV,1999,11284197000,SV,North America,1999-SV,1996
El Salvador,SLV,2000,11784927700,SV,North America,2000-SV,2000
El Salvador,SLV,2001,12282533600,SV,North America,2001-SV,2000
El Salvador,SLV,2002,12664190300,SV,North America,2002-SV,2000
El Salvador,SLV,2003,13243892200,SV,North America,2003-SV,2000
El Salvador,SLV,2004,13724810900,SV,North America,2004-SV,2004
El Salvador,SLV,2005,14698000000,SV,North America,2005-SV,2004
El Salvador,SLV,2006,15999890000,SV,North America,2006-SV,2004
El Salvador,SLV,2007,17011750000,SV,North America,2007-SV,2004
El Salvador,SLV,2008,17986890000,SV,North America,2008-SV,2008
El Salvador,SLV,2009,17601620000,SV,North America,2009-SV,2008
El Salvador,SLV,2010,18447920000,SV,North America,2010-SV,2008
El Salvador,SLV,2011,20283780000,SV,North America,2011-SV,2008
El Salvador,SLV,2012,21386150000,SV,North America,2012-SV,2012
El Salvador,SLV,2013,21990960000,SV,North America,2013-SV,2012
El Salvador,SLV,2014,22593470000,SV,North America,2014-SV,2012
El Salvador,SLV,2015,23438240000,SV,North America,2015-SV,2012
El Salvador,SLV,2016,24191430000,SV,North America,2016-SV,2016
El Salvador,SLV,2017,24979190000,SV,North America,2017-SV,2016
El Salvador,SLV,2018,26020850000,SV,North America,2018-SV,2016
El Salvador,SLV,2019,26881140000,SV,North America,2019-SV,2016
El Salvador,SLV,2020,24921190000,SV,North America,2020-SV,2020
El Salvador,SLV,2021,29043140000,SV,North America,2021-SV,2020
El Salvador,SLV,2022,31988920000,SV,North America,2022-SV,2020
El Salvador,SLV,2023,34015620000.000004,SV,North America,2023-SV,2020
Equatorial Guinea,GNQ,1962,9122751.453183454,GQ,Africa,1962-GQ,1960
Equatorial Guinea,GNQ,1963,10840095.12836493,GQ,Africa,1963-GQ,1960
Equatorial Guinea,GNQ,1964,12712471.396021094,GQ,Africa,1964-GQ,1964
Equatorial Guinea,GNQ,1965,64748333.333333336,GQ,Africa,1965-GQ,1964
Equatorial Guinea,GNQ,1966,69110000.00000001,GQ,Africa,1966-GQ,1964
Equatorial Guinea,GNQ,1967,72317446.93271928,GQ,Africa,1967-GQ,1964
Equatorial Guinea,GNQ,1968,67514285.71428572,GQ,Africa,1968-GQ,1968
Equatorial Guinea,GNQ,1969,67225714.28571428,GQ,Africa,1969-GQ,1968
Equatorial Guinea,GNQ,1970,66331428.571428575,GQ,Africa,1970-GQ,1968
Equatorial Guinea,GNQ,1971,64946954.76,GQ,Africa,1971-GQ,1968
Equatorial Guinea,GNQ,1972,65429198.23870797,GQ,Africa,1972-GQ,1972
Equatorial Guinea,GNQ,1973,81203226.91383454,GQ,Africa,1973-GQ,1972
Equatorial Guinea,GNQ,1974,94159862.70736909,GQ,Africa,1974-GQ,1972
Equatorial Guinea,GNQ,1975,104295643.38843696,GQ,Africa,1975-GQ,1972
Equatorial Guinea,GNQ,1976,103653049.9379699,GQ,Africa,1976-GQ,1976
Equatorial Guinea,GNQ,1977,103987520.07582739,GQ,Africa,1977-GQ,1976
Equatorial Guinea,GNQ,1980,50642880.77375034,GQ,Africa,1980-GQ,1980
Equatorial Guinea,GNQ,1981,36731422.84569138,GQ,Africa,1981-GQ,1980
Equatorial Guinea,GNQ,1982,44294647.73347897,GQ,Africa,1982-GQ,1980
Equatorial Guinea,GNQ,1983,44442456.947639965,GQ,Africa,1983-GQ,1980
Equatorial Guinea,GNQ,1984,50320914.41,GQ,Africa,1984-GQ,1984
Equatorial Guinea,GNQ,1985,62118569.96544805,GQ,Africa,1985-GQ,1984
Equatorial Guinea,GNQ,1986,76407395.87275417,GQ,Africa,1986-GQ,1984
Equatorial Guinea,GNQ,1987,93345859.52973002,GQ,Africa,1987-GQ,1984
Equatorial Guinea,GNQ,1988,100534656.8817321,GQ,Africa,1988-GQ,1988
Equatorial Guinea,GNQ,1989,88265974.86104898,GQ,Africa,1989-GQ,1988
Equatorial Guinea,GNQ,1990,112119411.48996468,GQ,Africa,1990-GQ,1988
Equatorial Guinea,GNQ,1991,110906028.53686225,GQ,Africa,1991-GQ,1988
Equatorial Guinea,GNQ,1992,134707183.84662017,GQ,Africa,1992-GQ,1992
Equatorial Guinea,GNQ,1993,136047906.24540824,GQ,Africa,1993-GQ,1992
Equatorial Guinea,GNQ,1994,100807002.54019465,GQ,Africa,1994-GQ,1992
Equatorial Guinea,GNQ,1995,141853360.86785537,GQ,Africa,1995-GQ,1992
Equatorial Guinea,GNQ,1996,232463022.80296078,GQ,Africa,1996-GQ,1996
Equatorial Guinea,GNQ,1997,442337870.6943698,GQ,Africa,1997-GQ,1996
Equatorial Guinea,GNQ,1998,370687634.42571217,GQ,Africa,1998-GQ,1996
Equatorial Guinea,GNQ,1999,621117885.6685027,GQ,Africa,1999-GQ,1996
Equatorial Guinea,GNQ,2000,1045998496.4387157,GQ,Africa,2000-GQ,2000
Equatorial Guinea,GNQ,2001,1461139022.0295386,GQ,Africa,2001-GQ,2000
Equatorial Guinea,GNQ,2002,1806742742.2731116,GQ,Africa,2002-GQ,2000
Equatorial Guinea,GNQ,2003,2484745935.093289,GQ,Africa,2003-GQ,2000
Equatorial Guinea,GNQ,2004,4410764338.667325,GQ,Africa,2004-GQ,2004
Equatorial Guinea,GNQ,2005,8217369092.652238,GQ,Africa,2005-GQ,2004
Equatorial Guinea,GNQ,2006,10086528698.86043,GQ,Africa,2006-GQ,2004
Equatorial Guinea,GNQ,2007,13071718758.737305,GQ,Africa,2007-GQ,2004
Equatorial Guinea,GNQ,2008,19749893536.320362,GQ,Africa,2008-GQ,2008
Equatorial Guinea,GNQ,2009,15027795173.218706,GQ,Africa,2009-GQ,2008
Equatorial Guinea,GNQ,2010,16314443436.290295,GQ,Africa,2010-GQ,2008
Equatorial Guinea,GNQ,2011,21357343668.944725,GQ,Africa,2011-GQ,2008
Equatorial Guinea,GNQ,2012,22388344143.913067,GQ,Africa,2012-GQ,2012
Equatorial Guinea,GNQ,2013,21948834283.785564,GQ,Africa,2013-GQ,2012
Equatorial Guinea,GNQ,2014,21765453082,GQ,Africa,2014-GQ,2012
Equatorial Guinea,GNQ,2015,13185496881.017399,GQ,Africa,2015-GQ,2012
Equatorial Guinea,GNQ,2016,11240808847.887815,GQ,Africa,2016-GQ,2016
Equatorial Guinea,GNQ,2017,12200913878.982721,GQ,Africa,2017-GQ,2016
Equatorial Guinea,GNQ,2018,13097012133.615946,GQ,Africa,2018-GQ,2016
Equatorial Guinea,GNQ,2019,11364133549.747766,GQ,Africa,2019-GQ,2016
Equatorial Guinea,GNQ,2020,9893816008,GQ,Africa,2020-GQ,2020
Equatorial Guinea,GNQ,2021,12215878032.716585,GQ,Africa,2021-GQ,2020
Equatorial Guinea,GNQ,2022,13486788878.97569,GQ,Africa,2022-GQ,2020
Equatorial Guinea,GNQ,2023,12116922539.411173,GQ,Africa,2023-GQ,2020
Eritrea,ERI,1992,477101651.6483756,ER,Africa,1992-ER,1992
Eritrea,ERI,1993,467872714.7556032,ER,Africa,1993-ER,1992
Eritrea,ERI,1994,531688311.6883117,ER,Africa,1994-ER,1992
Eritrea,ERI,1995,578015625,ER,Africa,1995-ER,1992
Eritrea,ERI,1996,693535954.1900672,ER,Africa,1996-ER,1996
Eritrea,ERI,1997,686490090.1401408,ER,Africa,1997-ER,1996
Eritrea,ERI,1998,745523116.9000521,ER,Africa,1998-ER,1996
Eritrea,ERI,1999,688918537.1155552,ER,Africa,1999-ER,1996
Eritrea,ERI,2000,706370815.5844156,ER,Africa,2000-ER,2000
Eritrea,ERI,2001,752371688.7431858,ER,Africa,2001-ER,2000
Eritrea,ERI,2002,729321680.1543237,ER,Africa,2002-ER,2000
Eritrea,ERI,2003,870248267.6,ER,Africa,2003-ER,2000
Eritrea,ERI,2004,1109054005,ER,Africa,2004-ER,2004
Eritrea,ERI,2005,1098424685.6616938,ER,Africa,2005-ER,2004
Eritrea,ERI,2006,1211161879.6747968,ER,Africa,2006-ER,2004
Eritrea,ERI,2007,1317974491.0569105,ER,Africa,2007-ER,2004
Eritrea,ERI,2008,1380188800,ER,Africa,2008-ER,2008
Eritrea,ERI,2009,1856695551.2195122,ER,Africa,2009-ER,2008
Eritrea,ERI,2010,1589515447.1544716,ER,Africa,2010-ER,2008
Eritrea,ERI,2011,2065001626.0162601,ER,Africa,2011-ER,2008
Estonia,EST,1993,4013091682,EE,Europe,1993-EE,1992
Estonia,EST,1994,4123011419.741738,EE,Europe,1994-EE,1992
Estonia,EST,1995,4502970889.063729,EE,Europe,1995-EE,1992
Estonia,EST,1996,4786018988,EE,Europe,1996-EE,1996
Estonia,EST,1997,5154420649.233543,EE,Europe,1997-EE,1996
Estonia,EST,1998,5674080542.885749,EE,Europe,1998-EE,1996
Estonia,EST,1999,5756912265.758092,EE,Europe,1999-EE,1996
Estonia,EST,2000,5686579747.535244,EE,Europe,2000-EE,2000
Estonia,EST,2001,6254649538.984872,EE,Europe,2001-EE,2000
Estonia,EST,2002,7367975887.727229,EE,Europe,2002-EE,2000
Estonia,EST,2003,9874013098.464317,EE,Europe,2003-EE,2000
Estonia,EST,2004,12145911801.242235,EE,Europe,2004-EE,2004
Estonia,EST,2005,14106790200.223852,EE,Europe,2005-EE,2004
Estonia,EST,2006,17022870405.218918,EE,Europe,2006-EE,2004
Estonia,EST,2007,22449129482.617023,EE,Europe,2007-EE,2004
Estonia,EST,2008,24341678628.973194,EE,Europe,2008-EE,2008
Estonia,EST,2009,19633031397.610447,EE,Europe,2009-EE,2008
Estonia,EST,2010,19523477325.623463,EE,Europe,2010-EE,2008
Estonia,EST,2011,23213994093.463085,EE,Europe,2011-EE,2008
Estonia,EST,2012,23019150071.186726,EE,Europe,2012-EE,2012
Estonia,EST,2013,25115753366.111443,EE,Europe,2013-EE,2012
Estonia,EST,2014,26634083965.09873,EE,Europe,2014-EE,2012
Estonia,EST,2015,22890762090.15077,EE,Europe,2015-EE,2012
Estonia,EST,2016,24072829276.77438,EE,Europe,2016-EE,2016
Estonia,EST,2017,26924385103.06593,EE,Europe,2017-EE,2016
Estonia,EST,2018,30624720196.228996,EE,Europe,2018-EE,2016
Estonia,EST,2019,31290453293.545048,EE,Europe,2019-EE,2016
Estonia,EST,2020,31330419851.148724,EE,Europe,2020-EE,2020
Estonia,EST,2021,36864792511.63506,EE,Europe,2021-EE,2020
Estonia,EST,2022,37921480881.542946,EE,Europe,2022-EE,2020
Estonia,EST,2023,40744848827.95366,EE,Europe,2023-EE,2020
Eswatini,SWZ,1960,35076845.96926162,SZ,Africa,1960-SZ,1960
Eswatini,SWZ,1961,43026042.789582886,SZ,Africa,1961-SZ,1960
Eswatini,SWZ,1962,45927961.62881535,SZ,Africa,1962-SZ,1960
Eswatini,SWZ,1963,54129438.34822466,SZ,Africa,1963-SZ,1960
Eswatini,SWZ,1964,64980554.01,SZ,Africa,1964-SZ,1964
Eswatini,SWZ,1965,70279971.88801125,SZ,Africa,1965-SZ,1964
Eswatini,SWZ,1966,76859969.26,SZ,Africa,1966-SZ,1964
Eswatini,SWZ,1967,74759970.09601197,SZ,Africa,1967-SZ,1964
Eswatini,SWZ,1968,79799968.08001277,SZ,Africa,1968-SZ,1968
Eswatini,SWZ,1969,105419957.83201687,SZ,Africa,1969-SZ,1968
Eswatini,SWZ,1970,112139955.14401795,SZ,Africa,1970-SZ,1968
Eswatini,SWZ,1971,136462080.73913231,SZ,Africa,1971-SZ,1968
Eswatini,SWZ,1972,146736479.23509708,SZ,Africa,1972-SZ,1972
Eswatini,SWZ,1973,221915127.5507631,SZ,Africa,1973-SZ,1972
Eswatini,SWZ,1974,264320940.9590023,SZ,Africa,1974-SZ,1972
Eswatini,SWZ,1975,288299788.50803506,SZ,Africa,1975-SZ,1972
Eswatini,SWZ,1976,272550068.13751704,SZ,Africa,1976-SZ,1976
Eswatini,SWZ,1977,304060076.01501894,SZ,Africa,1977-SZ,1976
Eswatini,SWZ,1978,340630085.15752125,SZ,Africa,1978-SZ,1976
Eswatini,SWZ,1979,412093133.76098835,SZ,Africa,1979-SZ,1976
Eswatini,SWZ,1980,541976852.5770575,SZ,Africa,1980-SZ,1980
Eswatini,SWZ,1981,570774824.8,SZ,Africa,1981-SZ,1980
Eswatini,SWZ,1982,537568059.4133813,SZ,Africa,1982-SZ,1980
Eswatini,SWZ,1983,555336145.7678844,SZ,Africa,1983-SZ,1980
Eswatini,SWZ,1984,494483408.8784683,SZ,Africa,1984-SZ,1984
Eswatini,SWZ,1985,360079419.4,SZ,Africa,1985-SZ,1984
Eswatini,SWZ,1986,449140318.3850379,SZ,Africa,1986-SZ,1984
Eswatini,SWZ,1987,584126092.3,SZ,Africa,1987-SZ,1984
Eswatini,SWZ,1988,692026454.7378719,SZ,Africa,1988-SZ,1988
Eswatini,SWZ,1989,696921542.3782647,SZ,Africa,1989-SZ,1988
Eswatini,SWZ,1990,1114694040.6698666,SZ,Africa,1990-SZ,1988
Eswatini,SWZ,1991,1156135717.9459786,SZ,Africa,1991-SZ,1988
Eswatini,SWZ,1992,1284759927.5459378,SZ,Africa,1992-SZ,1992
Eswatini,SWZ,1993,1357189551.6843128,SZ,Africa,1993-SZ,1992
Eswatini,SWZ,1994,1419294254.4183025,SZ,Africa,1994-SZ,1992
Eswatini,SWZ,1995,1698989463.9910562,SZ,Africa,1995-SZ,1992
Eswatini,SWZ,1996,1602741833.7055213,SZ,Africa,1996-SZ,1996
Eswatini,SWZ,1997,1716714070.1247103,SZ,Africa,1997-SZ,1996
Eswatini,SWZ,1998,1576908856.3467433,SZ,Africa,1998-SZ,1996
Eswatini,SWZ,1999,1547888495.9842763,SZ,Africa,1999-SZ,1996
Eswatini,SWZ,2000,1738093840.3660724,SZ,Africa,2000-SZ,2000
Eswatini,SWZ,2001,1542477308.8940773,SZ,Africa,2001-SZ,2000
Eswatini,SWZ,2002,1432221739.1234226,SZ,Africa,2002-SZ,2000
Eswatini,SWZ,2003,2197598466.254465,SZ,Africa,2003-SZ,2000
Eswatini,SWZ,2004,2770082791.504118,SZ,Africa,2004-SZ,2004
Eswatini,SWZ,2005,3178112498.6791058,SZ,Africa,2005-SZ,2004
Eswatini,SWZ,2006,3291330019.172866,SZ,Africa,2006-SZ,2004
Eswatini,SWZ,2007,3469381231.4904904,SZ,Africa,2007-SZ,2004
Eswatini,SWZ,2008,3294084314.1505804,SZ,Africa,2008-SZ,2008
Eswatini,SWZ,2009,3580428052.8139267,SZ,Africa,2009-SZ,2008
Eswatini,SWZ,2010,4438765085.9378395,SZ,Africa,2010-SZ,2008
Eswatini,SWZ,2011,4820478680.183751,SZ,Africa,2011-SZ,2008
Eswatini,SWZ,2012,4886551484,SZ,Africa,2012-SZ,2012
Eswatini,SWZ,2013,4597552981.567378,SZ,Africa,2013-SZ,2012
Eswatini,SWZ,2014,4422986271.747672,SZ,Africa,2014-SZ,2012
Eswatini,SWZ,2015,4063245671.2928457,SZ,Africa,2015-SZ,2012
Eswatini,SWZ,2016,3816019193.1656113,SZ,Africa,2016-SZ,2016
Eswatini,SWZ,2017,4402969225.921647,SZ,Africa,2017-SZ,2016
Eswatini,SWZ,2018,4666598024.184108,SZ,Africa,2018-SZ,2016
Eswatini,SWZ,2019,4495267266,SZ,Africa,2019-SZ,2016
Eswatini,SWZ,2020,3982236693.831596,SZ,Africa,2020-SZ,2020
Eswatini,SWZ,2021,4850842540.992672,SZ,Africa,2021-SZ,2020
Eswatini,SWZ,2022,4790922788.708641,SZ,Africa,2022-SZ,2020
Eswatini,SWZ,2023,4597855845.042758,SZ,Africa,2023-SZ,2020
Ethiopia,ETH,1960,1610511693.7854273,ET,Africa,1960-ET,1960
Ethiopia,ETH,1961,1680859514.1196513,ET,Africa,1961-ET,1960
Ethiopia,ETH,1962,1747566307.1363308,ET,Africa,1962-ET,1960
Ethiopia,ETH,1963,1825058827.9655821,ET,Africa,1963-ET,1960
Ethiopia,ETH,1964,1984129185.4655318,ET,Africa,1964-ET,1964
Ethiopia,ETH,1965,2159998591.191316,ET,Africa,1965-ET,1964
Ethiopia,ETH,1966,2324466416.1145964,ET,Africa,1966-ET,1964
Ethiopia,ETH,1967,2461762002.757752,ET,Africa,1967-ET,1964
Ethiopia,ETH,1968,2619948864.8650637,ET,Africa,1968-ET,1968
Ethiopia,ETH,1969,2768987371.887748,ET,Africa,1969-ET,1968
Ethiopia,ETH,1970,3045354455,ET,Africa,1970-ET,1968
Ethiopia,ETH,1971,3224280834.8707476,ET,Africa,1971-ET,1968
Ethiopia,ETH,1972,3520252938.3216524,ET,Africa,1972-ET,1972
Ethiopia,ETH,1973,4070570549.892972,ET,Africa,1973-ET,1972
Ethiopia,ETH,1974,4577209966.332702,ET,Africa,1974-ET,1972
Ethiopia,ETH,1975,4577047854.287097,ET,Africa,1975-ET,1972
Ethiopia,ETH,1976,4943806093.463962,ET,Africa,1976-ET,1976
Ethiopia,ETH,1977,5651840584.6490345,ET,Africa,1977-ET,1976
Ethiopia,ETH,1978,6014961434.802609,ET,Africa,1978-ET,1976
Ethiopia,ETH,1979,6586048398.128117,ET,Africa,1979-ET,1976
Ethiopia,ETH,1980,7012585454.122029,ET,Africa,1980-ET,1980
Ethiopia,ETH,1981,7507663566.429711,ET,Africa,1981-ET,1980
Ethiopia,ETH,1982,7899988840.677295,ET,Africa,1982-ET,1980
Ethiopia,ETH,1983,8781664426.870241,ET,Africa,1983-ET,1980
Ethiopia,ETH,1984,8298309580.509033,ET,Africa,1984-ET,1984
Ethiopia,ETH,1985,9717392686.732803,ET,Africa,1985-ET,1984
Ethiopia,ETH,1986,10094328897.858795,ET,Africa,1986-ET,1984
Ethiopia,ETH,1987,10790001557.867151,ET,Africa,1987-ET,1984
Ethiopia,ETH,1988,11181119717.64575,ET,Africa,1988-ET,1988
Ethiopia,ETH,1989,11762932007.237007,ET,Africa,1989-ET,1988
Ethiopia,ETH,1990,12478943894.931547,ET,Africa,1990-ET,1988
Ethiopia,ETH,1991,13799799324,ET,Africa,1991-ET,1988
Ethiopia,ETH,1992,10754799036.574486,ET,Africa,1992-ET,1992
Ethiopia,ETH,1993,9051043870.121965,ET,Africa,1993-ET,1992
Ethiopia,ETH,1994,7100806753.929418,ET,Africa,1994-ET,1992
Ethiopia,ETH,1995,7855205206.934051,ET,Africa,1995-ET,1992
Ethiopia,ETH,1996,8761215548.486143,ET,Africa,1996-ET,1996
Ethiopia,ETH,1997,8803539988.332483,ET,Africa,1997-ET,1996
Ethiopia,ETH,1998,8013274131.697146,ET,Africa,1998-ET,1996
Ethiopia,ETH,1999,7892973531.800449,ET,Africa,1999-ET,1996
Ethiopia,ETH,2000,8242349617.863803,ET,Africa,2000-ET,2000
Ethiopia,ETH,2001,8231326016,ET,Africa,2001-ET,2000
Ethiopia,ETH,2002,7850809498.168027,ET,Africa,2002-ET,2000
Ethiopia,ETH,2003,8623691300.040789,ET,Africa,2003-ET,2000
Ethiopia,ETH,2004,10131187261.442078,ET,Africa,2004-ET,2004
Ethiopia,ETH,2005,12401139453.973831,ET,Africa,2005-ET,2004
Ethiopia,ETH,2006,15280861834.602404,ET,Africa,2006-ET,2004
Ethiopia,ETH,2007,19707616772.799637,ET,Africa,2007-ET,2004
Ethiopia,ETH,2008,27066912635.222847,ET,Africa,2008-ET,2008
Ethiopia,ETH,2009,32437389116.038006,ET,Africa,2009-ET,2008
Ethiopia,ETH,2010,29933790334.34179,ET,Africa,2010-ET,2008
Ethiopia,ETH,2011,31952763089.330025,ET,Africa,2011-ET,2008
Ethiopia,ETH,2012,43310721414.08288,ET,Africa,2012-ET,2012
Ethiopia,ETH,2013,47648276605.012314,ET,Africa,2013-ET,2012
Ethiopia,ETH,2014,55612228233.51786,ET,Africa,2014-ET,2012
Ethiopia,ETH,2015,64589328551,ET,Africa,2015-ET,2012
Ethiopia,ETH,2016,74296745207.87209,ET,Africa,2016-ET,2016
Ethiopia,ETH,2017,81770886825.60477,ET,Africa,2017-ET,2016
Ethiopia,ETH,2018,84269196626,ET,Africa,2018-ET,2016
Ethiopia,ETH,2019,95912607722,ET,Africa,2019-ET,2016
Ethiopia,ETH,2020,107657734392.44585,ET,Africa,2020-ET,2020
Ethiopia,ETH,2021,111261882958.4261,ET,Africa,2021-ET,2020
Ethiopia,ETH,2022,126772703047.70143,ET,Africa,2022-ET,2020
Ethiopia,ETH,2023,163697927593.98236,ET,Africa,2023-ET,2020
Faroe Islands,FRO,1965,57954522.42172592,FO,Europe,1965-FO,1964
Faroe Islands,FRO,1966,64397131.08464574,FO,Europe,1966-FO,1964
Faroe Islands,FRO,1967,66225403.55880685,FO,Europe,1967-FO,1964
Faroe Islands,FRO,1968,65186666.666666664,FO,Europe,1968-FO,1968
Faroe Islands,FRO,1969,70106666.66666667,FO,Europe,1969-FO,1968
Faroe Islands,FRO,1970,84933333.33333333,FO,Europe,1970-FO,1968
Faroe Islands,FRO,1971,99219082.85379915,FO,Europe,1971-FO,1968
Faroe Islands,FRO,1972,119335897.8152019,FO,Europe,1972-FO,1972
Faroe Islands,FRO,1973,161236465.82362178,FO,Europe,1973-FO,1972
Faroe Islands,FRO,1974,196771070.8953387,FO,Europe,1974-FO,1972
Faroe Islands,FRO,1975,227404436.01367873,FO,Europe,1975-FO,1972
Faroe Islands,FRO,1976,270470345.4493571,FO,Europe,1976-FO,1976
Faroe Islands,FRO,1977,347798304.6352674,FO,Europe,1977-FO,1976
Faroe Islands,FRO,1978,397833034.88451165,FO,Europe,1978-FO,1976
Faroe Islands,FRO,1979,448568492.65856147,FO,Europe,1979-FO,1976
Faroe Islands,FRO,1980,493014300.00521654,FO,Europe,1980-FO,1980
Faroe Islands,FRO,1981,456244919.0109115,FO,Europe,1981-FO,1980
Faroe Islands,FRO,1982,444047495.3200994,FO,Europe,1982-FO,1980
Faroe Islands,FRO,1983,486605127.7026814,FO,Europe,1983-FO,1980
Faroe Islands,FRO,1984,426008864.6921691,FO,Europe,1984-FO,1984
Faroe Islands,FRO,1985,459307281.19533515,FO,Europe,1985-FO,1984
Faroe Islands,FRO,1986,688914288.8782983,FO,Europe,1986-FO,1984
Faroe Islands,FRO,1987,886508622.3343158,FO,Europe,1987-FO,1984
Faroe Islands,FRO,1988,968576956.9302646,FO,Europe,1988-FO,1988
Faroe Islands,FRO,1989,871935350.3849087,FO,Europe,1989-FO,1988
Faroe Islands,FRO,1990,960805408.9498718,FO,Europe,1990-FO,1988
Faroe Islands,FRO,1991,909253214.8260803,FO,Europe,1991-FO,1988
Faroe Islands,FRO,1992,912670413.3258826,FO,Europe,1992-FO,1992
Faroe Islands,FRO,1993,760957189.7576457,FO,Europe,1993-FO,1992
Faroe Islands,FRO,1994,758739178.6121707,FO,Europe,1994-FO,1992
Faroe Islands,FRO,1995,901404709.8306841,FO,Europe,1995-FO,1992
Faroe Islands,FRO,1996,989536914.6590806,FO,Europe,1996-FO,1996
Faroe Islands,FRO,1997,933763083.4,FO,Europe,1997-FO,1996
Faroe Islands,FRO,1998,1104744235.3011053,FO,Europe,1998-FO,1996
Faroe Islands,FRO,1999,1127684827.356857,FO,Europe,1999-FO,1996
Faroe Islands,FRO,2000,1067109530.6479754,FO,Europe,2000-FO,2000
Faroe Islands,FRO,2001,1160268212.0729074,FO,Europe,2001-FO,2000
Faroe Islands,FRO,2002,1275093689.2710743,FO,Europe,2002-FO,2000
Faroe Islands,FRO,2003,1501941580.8890333,FO,Europe,2003-FO,2000
Faroe Islands,FRO,2004,1724770770.833928,FO,Europe,2004-FO,2004
Faroe Islands,FRO,2005,1759739599.2269354,FO,Europe,2005-FO,2004
Faroe Islands,FRO,2006,2017680834.8991673,FO,Europe,2006-FO,2004
Faroe Islands,FRO,2007,2339015313.295128,FO,Europe,2007-FO,2004
Faroe Islands,FRO,2008,2489873249.6281476,FO,Europe,2008-FO,2008
Faroe Islands,FRO,2009,2296065170.0555153,FO,Europe,2009-FO,2008
Faroe Islands,FRO,2010,2331796784.3600945,FO,Europe,2010-FO,2008
Faroe Islands,FRO,2011,2505740669.270395,FO,Europe,2011-FO,2008
Faroe Islands,FRO,2012,2427200388.918314,FO,Europe,2012-FO,2012
Faroe Islands,FRO,2013,2690110520.9254756,FO,Europe,2013-FO,2012
Faroe Islands,FRO,2014,2914012679.272769,FO,Europe,2014-FO,2012
Faroe Islands,FRO,2015,2573905971.054594,FO,Europe,2015-FO,2012
Faroe Islands,FRO,2016,2813278868.782085,FO,Europe,2016-FO,2016
Faroe Islands,FRO,2017,2980057377.879666,FO,Europe,2017-FO,2016
Faroe Islands,FRO,2018,3188600927.4668827,FO,Europe,2018-FO,2016
Faroe Islands,FRO,2019,3266432734,FO,Europe,2019-FO,2016
Faroe Islands,FRO,2020,3262045883.372933,FO,Europe,2020-FO,2020
Faroe Islands,FRO,2021,3655063937.931448,FO,Europe,2021-FO,2020
Faroe Islands,FRO,2022,3555929833.050505,FO,Europe,2022-FO,2020
Fiji,FJI,1960,112328422.11308399,FJ,Oceania,1960-FJ,1960
Fiji,FJI,1961,116987784.91373882,FJ,Oceania,1961-FJ,1960
Fiji,FJI,1962,122906434.95781387,FJ,Oceania,1962-FJ,1960
Fiji,FJI,1963,129454728.62359904,FJ,Oceania,1963-FJ,1960
Fiji,FJI,1964,140032741.46832892,FJ,Oceania,1964-FJ,1964
Fiji,FJI,1965,147084750.0314822,FJ,Oceania,1965-FJ,1964
Fiji,FJI,1966,150603925.51585305,FJ,Oceania,1966-FJ,1964
Fiji,FJI,1967,162625885.8634838,FJ,Oceania,1967-FJ,1964
Fiji,FJI,1968,166952937.13500515,FJ,Oceania,1968-FJ,1968
Fiji,FJI,1969,182182067.70356816,FJ,Oceania,1969-FJ,1968
Fiji,FJI,1970,219878482.17356414,FJ,Oceania,1970-FJ,1968
Fiji,FJI,1971,247749327.7212674,FJ,Oceania,1971-FJ,1968
Fiji,FJI,1972,316656648.69895685,FJ,Oceania,1972-FJ,1972
Fiji,FJI,1973,425950487.5198936,FJ,Oceania,1973-FJ,1972
Fiji,FJI,1974,558587097.3828332,FJ,Oceania,1974-FJ,1972
Fiji,FJI,1975,684282434.3610952,FJ,Oceania,1975-FJ,1972
Fiji,FJI,1976,694540806.3806442,FJ,Oceania,1976-FJ,1976
Fiji,FJI,1977,719501765.7830485,FJ,Oceania,1977-FJ,1976
Fiji,FJI,1978,829267889.4293734,FJ,Oceania,1978-FJ,1976
Fiji,FJI,1979,1019691460.1737615,FJ,Oceania,1979-FJ,1976
Fiji,FJI,1980,1202618816.2085173,FJ,Oceania,1980-FJ,1980
Fiji,FJI,1981,1235626770.5092397,FJ,Oceania,1981-FJ,1980
Fiji,FJI,1982,1194059943.224777,FJ,Oceania,1982-FJ,1980
Fiji,FJI,1983,1123085190.065092,FJ,Oceania,1983-FJ,1980
Fiji,FJI,1984,1178000677.9992924,FJ,Oceania,1984-FJ,1984
Fiji,FJI,1985,1141168943.976615,FJ,Oceania,1985-FJ,1984
Fiji,FJI,1986,1290267339.650056,FJ,Oceania,1986-FJ,1984
Fiji,FJI,1987,1177947965.1214206,FJ,Oceania,1987-FJ,1984
Fiji,FJI,1988,1110009522.7574325,FJ,Oceania,1988-FJ,1988
Fiji,FJI,1989,1182660265.766352,FJ,Oceania,1989-FJ,1988
Fiji,FJI,1990,1337017559.4972816,FJ,Oceania,1990-FJ,1988
Fiji,FJI,1991,1383883249.5910022,FJ,Oceania,1991-FJ,1988
Fiji,FJI,1992,1532411039.0547915,FJ,Oceania,1992-FJ,1992
Fiji,FJI,1993,1636101246.9394045,FJ,Oceania,1993-FJ,1992
Fiji,FJI,1994,1825732092.5467432,FJ,Oceania,1994-FJ,1992
Fiji,FJI,1995,1970301486.205614,FJ,Oceania,1995-FJ,1992
Fiji,FJI,1996,2128696643.6257393,FJ,Oceania,1996-FJ,1996
Fiji,FJI,1997,2090221137.0287633,FJ,Oceania,1997-FJ,1996
Fiji,FJI,1998,1653146716.5823526,FJ,Oceania,1998-FJ,1996
Fiji,FJI,1999,1936459986.0379515,FJ,Oceania,1999-FJ,1996
Fiji,FJI,2000,1678219507.898291,FJ,Oceania,2000-FJ,2000
Fiji,FJI,2001,1652462023.4621494,FJ,Oceania,2001-FJ,2000
Fiji,FJI,2002,1833279985.367415,FJ,Oceania,2002-FJ,2000
Fiji,FJI,2003,2300492465.322761,FJ,Oceania,2003-FJ,2000
Fiji,FJI,2004,2708078476.630121,FJ,Oceania,2004-FJ,2004
Fiji,FJI,2005,2980403844.7209597,FJ,Oceania,2005-FJ,2004
Fiji,FJI,2006,3076305452.8650646,FJ,Oceania,2006-FJ,2004
Fiji,FJI,2007,3378314599.764019,FJ,Oceania,2007-FJ,2004
Fiji,FJI,2008,3523185919.558261,FJ,Oceania,2008-FJ,2008
Fiji,FJI,2009,2870624635.6803193,FJ,Oceania,2009-FJ,2008
Fiji,FJI,2010,3140166712.796239,FJ,Oceania,2010-FJ,2008
Fiji,FJI,2011,3779411899.374834,FJ,Oceania,2011-FJ,2008
Fiji,FJI,2012,3972028104.4732842,FJ,Oceania,2012-FJ,2012
Fiji,FJI,2013,4189967998.514236,FJ,Oceania,2013-FJ,2012
Fiji,FJI,2014,4857104768.868437,FJ,Oceania,2014-FJ,2012
Fiji,FJI,2015,4682479893.975582,FJ,Oceania,2015-FJ,2012
Fiji,FJI,2016,4930213644.366533,FJ,Oceania,2016-FJ,2016
Fiji,FJI,2017,5353469174.478379,FJ,Oceania,2017-FJ,2016
Fiji,FJI,2018,5581425327.443973,FJ,Oceania,2018-FJ,2016
Fiji,FJI,2019,5444407198.134784,FJ,Oceania,2019-FJ,2016
Fiji,FJI,2020,4432466219.876845,FJ,Oceania,2020-FJ,2020
Fiji,FJI,2021,4305031649.741891,FJ,Oceania,2021-FJ,2020
Fiji,FJI,2022,4979979531.272499,FJ,Oceania,2022-FJ,2020
Fiji,FJI,2023,5494797540.733647,FJ,Oceania,2023-FJ,2020
Finland,FIN,1960,5279011362.127209,FI,Europe,1960-FI,1960
Finland,FIN,1961,5983900493,FI,Europe,1961-FI,1960
Finland,FIN,1962,6407225035.044293,FI,Europe,1962-FI,1960
Finland,FIN,1963,6958296429.351692,FI,Europe,1963-FI,1960
Finland,FIN,1964,7848288358,FI,Europe,1964-FI,1964
Finland,FIN,1965,8679620316.855669,FI,Europe,1965-FI,1964
Finland,FIN,1966,9305312888.267727,FI,Europe,1966-FI,1964
Finland,FIN,1967,9467428626.115274,FI,Europe,1967-FI,1964
Finland,FIN,1968,8915770472.976006,FI,Europe,1968-FI,1968
Finland,FIN,1969,10176617905.440477,FI,Europe,1969-FI,1968
Finland,FIN,1970,11357516987.542469,FI,Europe,1970-FI,1968
Finland,FIN,1971,12527405512.92981,FI,Europe,1971-FI,1968
Finland,FIN,1972,14743186119.873817,FI,Europe,1972-FI,1972
Finland,FIN,1973,19472363466.62517,FI,Europe,1973-FI,1972
Finland,FIN,1974,24848821490.467937,FI,Europe,1974-FI,1972
Finland,FIN,1975,29472623242.282204,FI,Europe,1975-FI,1972
Finland,FIN,1976,31849513771.349438,FI,Europe,1976-FI,1976
Finland,FIN,1977,33499799321.233585,FI,Europe,1977-FI,1976
Finland,FIN,1978,36256160288.80866,FI,Europe,1978-FI,1976
Finland,FIN,1979,44465255686.154785,FI,Europe,1979-FI,1976
Finland,FIN,1980,53645202422.696846,FI,Europe,1980-FI,1980
Finland,FIN,1981,52448332874.06999,FI,Europe,1981-FI,1980
Finland,FIN,1982,52797582336.252625,FI,Europe,1982-FI,1980
Finland,FIN,1983,50973526900.085396,FI,Europe,1983-FI,1980
Finland,FIN,1984,52888800949.74278,FI,Europe,1984-FI,1984
Finland,FIN,1985,55875863392.17191,FI,Europe,1985-FI,1984
Finland,FIN,1986,73531550551.25499,FI,Europe,1986-FI,1984
Finland,FIN,1987,91594751792,FI,Europe,1987-FI,1984
Finland,FIN,1988,109058990760.48329,FI,Europe,1988-FI,1988
Finland,FIN,1989,119012054870.44478,FI,Europe,1989-FI,1988
Finland,FIN,1990,141438345513.91696,FI,Europe,1990-FI,1988
Finland,FIN,1991,127773856785.76678,FI,Europe,1991-FI,1988
Finland,FIN,1992,112532519246.08443,FI,Europe,1992-FI,1992
Finland,FIN,1993,89214114708,FI,Europe,1993-FI,1992
Finland,FIN,1994,103299943084.80365,FI,Europe,1994-FI,1992
Finland,FIN,1995,134189814814.8148,FI,Europe,1995-FI,1992
Finland,FIN,1996,132129174216.92986,FI,Europe,1996-FI,1996
Finland,FIN,1997,126912152101.70656,FI,Europe,1997-FI,1996
Finland,FIN,1998,134038718291.05473,FI,Europe,1998-FI,1996
Finland,FIN,1999,135264083658.68756,FI,Europe,1999-FI,1996
Finland,FIN,2000,126019543413.3336,FI,Europe,2000-FI,2000
Finland,FIN,2001,129533107311.81119,FI,Europe,2001-FI,2000
Finland,FIN,2002,140404460203.1375,FI,Europe,2002-FI,2000
Finland,FIN,2003,171652458349.4114,FI,Europe,2003-FI,2000
Finland,FIN,2004,197479443979.1511,FI,Europe,2004-FI,2004
Finland,FIN,2005,204885494686.38123,FI,Europe,2005-FI,2004
Finland,FIN,2006,217089269791.7644,FI,Europe,2006-FI,2004
Finland,FIN,2007,256378067752.15768,FI,Europe,2007-FI,2004
Finland,FIN,2008,285716311136.7187,FI,Europe,2008-FI,2008
Finland,FIN,2009,253497520828.51544,FI,Europe,2009-FI,2008
Finland,FIN,2010,249424310816.66714,FI,Europe,2010-FI,2008
Finland,FIN,2011,275604356167.31573,FI,Europe,2011-FI,2008
Finland,FIN,2012,258290060227.73444,FI,Europe,2012-FI,2012
Finland,FIN,2013,2.71362E+11,FI,Europe,2013-FI,2012
Finland,FIN,2014,274862826772.15588,FI,Europe,2014-FI,2012
Finland,FIN,2015,234534382384.7655,FI,Europe,2015-FI,2012
Finland,FIN,2016,240771351298.83328,FI,Europe,2016-FI,2016
Finland,FIN,2017,255647979916.47104,FI,Europe,2017-FI,2016
Finland,FIN,2018,275708001767.84296,FI,Europe,2018-FI,2016
Finland,FIN,2019,268514916972.54858,FI,Europe,2019-FI,2016
Finland,FIN,2020,271886077382.10193,FI,Europe,2020-FI,2020
Finland,FIN,2021,296470417085.26654,FI,Europe,2021-FI,2020
Finland,FIN,2022,281887430795.72095,FI,Europe,2022-FI,2020
Finland,FIN,2023,300187202696.08374,FI,Europe,2023-FI,2020
France,FRA,1960,62225478000.88224,FR,Europe,1960-FR,1960
France,FRA,1961,67461644222.03518,FR,Europe,1961-FR,1960
France,FRA,1962,75607529809.92879,FR,Europe,1962-FR,1960
France,FRA,1963,84759195105.86928,FR,Europe,1963-FR,1960
France,FRA,1964,94007851047.36778,FR,Europe,1964-FR,1964
France,FRA,1965,101537248148.42683,FR,Europe,1965-FR,1964
France,FRA,1966,110045852177.92784,FR,Europe,1966-FR,1964
France,FRA,1967,118972977486.2066,FR,Europe,1967-FR,1964
France,FRA,1968,129785441507.45569,FR,Europe,1968-FR,1968
France,FRA,1969,141903068680.3094,FR,Europe,1969-FR,1968
France,FRA,1970,148456359985.82733,FR,Europe,1970-FR,1968
France,FRA,1971,165966615366.40228,FR,Europe,1971-FR,1968
France,FRA,1972,203494148244.47333,FR,Europe,1972-FR,1972
France,FRA,1973,264429876252.2098,FR,Europe,1973-FR,1972
France,FRA,1974,285553737043.09875,FR,Europe,1974-FR,1972
France,FRA,1975,360832186018.05115,FR,Europe,1975-FR,1972
France,FRA,1976,372319038514.0672,FR,Europe,1976-FR,1976
France,FRA,1977,410279486493.7149,FR,Europe,1977-FR,1976
France,FRA,1978,506709302325.5814,FR,Europe,1978-FR,1976
France,FRA,1979,613953129818.0697,FR,Europe,1979-FR,1976
France,FRA,1980,701288419745.4207,FR,Europe,1980-FR,1980
France,FRA,1981,615552202776.1013,FR,Europe,1981-FR,1980
France,FRA,1982,584877732308.6136,FR,Europe,1982-FR,1980
France,FRA,1983,559869179791.7205,FR,Europe,1983-FR,1980
France,FRA,1984,530683779929.4453,FR,Europe,1984-FR,1984
France,FRA,1985,553138414367.0609,FR,Europe,1985-FR,1984
France,FRA,1986,771470783218.1078,FR,Europe,1986-FR,1984
France,FRA,1987,934173305685.9108,FR,Europe,1987-FR,1984
France,FRA,1988,1018847043277.1721,FR,Europe,1988-FR,1988
France,FRA,1989,1025211803413.5308,FR,Europe,1989-FR,1988
France,FRA,1990,1269179616913.625,FR,Europe,1990-FR,1988
France,FRA,1991,1269276828275.782,FR,Europe,1991-FR,1988
France,FRA,1992,1401465923172.2427,FR,Europe,1992-FR,1992
France,FRA,1993,1322815612694.0005,FR,Europe,1993-FR,1992
France,FRA,1994,1393982750472.5898,FR,Europe,1994-FR,1992
France,FRA,1995,1601094756209.7515,FR,Europe,1995-FR,1992
France,FRA,1996,1605675086549.5576,FR,Europe,1996-FR,1996
France,FRA,1997,1452884917959.0918,FR,Europe,1997-FR,1996
France,FRA,1998,1503108739159.4397,FR,Europe,1998-FR,1996
France,FRA,1999,1493151737698.459,FR,Europe,1999-FR,1996
France,FRA,2000,1365639660792.1597,FR,Europe,2000-FR,2000
France,FRA,2001,1377657339291.3403,FR,Europe,2001-FR,2000
France,FRA,2002,1501409382971.3752,FR,Europe,2002-FR,2000
France,FRA,2003,1844544792036.859,FR,Europe,2003-FR,2000
France,FRA,2004,2119633181634.3684,FR,Europe,2004-FR,2004
France,FRA,2005,2196945232435.7966,FR,Europe,2005-FR,2004
France,FRA,2006,2320536221304.7026,FR,Europe,2006-FR,2004
France,FRA,2007,2660591246211.7734,FR,Europe,2007-FR,2004
France,FRA,2008,2930303780828.1245,FR,Europe,2008-FR,2008
France,FRA,2009,2700887366932.0293,FR,Europe,2009-FR,2008
France,FRA,2010,2645187882116.672,FR,Europe,2010-FR,2008
France,FRA,2011,2865157541994.169,FR,Europe,2011-FR,2008
France,FRA,2012,2683671716967.188,FR,Europe,2012-FR,2012
France,FRA,2013,2811876903329.0273,FR,Europe,2013-FR,2012
France,FRA,2014,2855964488590.186,FR,Europe,2014-FR,2012
France,FRA,2015,2439188643162.4985,FR,Europe,2015-FR,2012
France,FRA,2016,2472964344587.1655,FR,Europe,2016-FR,2016
France,FRA,2017,2595151045197.6514,FR,Europe,2017-FR,2016
France,FRA,2018,2790956878746.6646,FR,Europe,2018-FR,2016
France,FRA,2019,2728870246705.878,FR,Europe,2019-FR,2016
France,FRA,2020,2647418691598.4507,FR,Europe,2020-FR,2020
France,FRA,2021,2959355819170.495,FR,Europe,2021-FR,2020
France,FRA,2022,2779092236505.847,FR,Europe,2022-FR,2020
France,FRA,2023,3030904089607.8965,FR,Europe,2023-FR,2020
French Polynesia,PYF,1965,176534588.40305242,PF,Oceania,1965-PF,1964
French Polynesia,PYF,1966,215659453.55093855,PF,Oceania,1966-PF,1964
French Polynesia,PYF,1967,220984367.6265805,PF,Oceania,1967-PF,1964
French Polynesia,PYF,1968,259590074.52793404,PF,Oceania,1968-PF,1968
French Polynesia,PYF,1969,242943783.14273614,PF,Oceania,1969-PF,1968
French Polynesia,PYF,1970,254036000.75258702,PF,Oceania,1970-PF,1968
French Polynesia,PYF,1971,296865513.7468174,PF,Oceania,1971-PF,1968
French Polynesia,PYF,1972,326433558.07607865,PF,Oceania,1972-PF,1972
French Polynesia,PYF,1973,431252938.06104565,PF,Oceania,1973-PF,1972
French Polynesia,PYF,1974,555340842.8603107,PF,Oceania,1974-PF,1972
French Polynesia,PYF,1975,690323388.5299066,PF,Oceania,1975-PF,1972
French Polynesia,PYF,1976,732288906.2739544,PF,Oceania,1976-PF,1976
French Polynesia,PYF,1977,793196378.7,PF,Oceania,1977-PF,1976
French Polynesia,PYF,1978,1005569835.3966367,PF,Oceania,1978-PF,1976
French Polynesia,PYF,1979,1215032463.6733649,PF,Oceania,1979-PF,1976
French Polynesia,PYF,1980,1320416024.955902,PF,Oceania,1980-PF,1980
French Polynesia,PYF,1981,1234743073.0049667,PF,Oceania,1981-PF,1980
French Polynesia,PYF,1982,1235897957.8926506,PF,Oceania,1982-PF,1980
French Polynesia,PYF,1983,1284180701.0096884,PF,Oceania,1983-PF,1980
French Polynesia,PYF,1984,1325515445.0819688,PF,Oceania,1984-PF,1984
French Polynesia,PYF,1985,1448281228.1585286,PF,Oceania,1985-PF,1984
French Polynesia,PYF,1986,2212028299.560276,PF,Oceania,1986-PF,1984
French Polynesia,PYF,1987,2677977163.2116284,PF,Oceania,1987-PF,1984
French Polynesia,PYF,1988,2723496362.0464535,PF,Oceania,1988-PF,1988
French Polynesia,PYF,1989,2731683484.4562263,PF,Oceania,1989-PF,1988
French Polynesia,PYF,1990,3320159522.365726,PF,Oceania,1990-PF,1988
French Polynesia,PYF,1991,3410078967.898227,PF,Oceania,1991-PF,1988
French Polynesia,PYF,1992,3713785765.4220495,PF,Oceania,1992-PF,1992
French Polynesia,PYF,1993,3544608548.4173365,PF,Oceania,1993-PF,1992
French Polynesia,PYF,1994,3676123788.032299,PF,Oceania,1994-PF,1992
French Polynesia,PYF,1995,4186994249.0886116,PF,Oceania,1995-PF,1992
French Polynesia,PYF,1996,4166072829.600989,PF,Oceania,1996-PF,1996
French Polynesia,PYF,1997,3762859093.2619243,PF,Oceania,1997-PF,1996
French Polynesia,PYF,1998,3903186592.824305,PF,Oceania,1998-PF,1996
French Polynesia,PYF,1999,3911602004.142045,PF,Oceania,1999-PF,1996
French Polynesia,PYF,2000,3599845480.3435864,PF,Oceania,2000-PF,2000
French Polynesia,PYF,2001,3573808556.312676,PF,Oceania,2001-PF,2000
French Polynesia,PYF,2002,3965405552.520302,PF,Oceania,2002-PF,2000
French Polynesia,PYF,2003,4927780606.770702,PF,Oceania,2003-PF,2000
French Polynesia,PYF,2004,5564109981.913795,PF,Oceania,2004-PF,2004
French Polynesia,PYF,2005,5705052134.542532,PF,Oceania,2005-PF,2004
French Polynesia,PYF,2006,5877997979.622657,PF,Oceania,2006-PF,2004
French Polynesia,PYF,2007,6631156405.596368,PF,Oceania,2007-PF,2004
French Polynesia,PYF,2008,7136741421.959083,PF,Oceania,2008-PF,2008
French Polynesia,PYF,2009,6584557973.937495,PF,Oceania,2009-PF,2008
French Polynesia,PYF,2010,6086644798.559816,PF,Oceania,2010-PF,2008
French Polynesia,PYF,2011,6203940036.919825,PF,Oceania,2011-PF,2008
French Polynesia,PYF,2012,5692858099.002168,PF,Oceania,2012-PF,2012
French Polynesia,PYF,2013,6031827122.606632,PF,Oceania,2013-PF,2012
French Polynesia,PYF,2014,6151996560.842894,PF,Oceania,2014-PF,2012
French Polynesia,PYF,2015,5325846361.811863,PF,Oceania,2015-PF,2012
French Polynesia,PYF,2016,5497036477,PF,Oceania,2016-PF,2016
French Polynesia,PYF,2017,5833352692.799503,PF,Oceania,2017-PF,2016
French Polynesia,PYF,2018,6135116253.334518,PF,Oceania,2018-PF,2016
French Polynesia,PYF,2019,6022276196,PF,Oceania,2019-PF,2016
French Polynesia,PYF,2020,5792545870.806137,PF,Oceania,2020-PF,2020
French Polynesia,PYF,2021,6150640646.383186,PF,Oceania,2021-PF,2020
French Polynesia,PYF,2022,5814661208.905444,PF,Oceania,2022-PF,2020
Gabon,GAB,1960,141468977.79984602,GA,Africa,1960-GA,1960
Gabon,GAB,1961,167637907.12278184,GA,Africa,1961-GA,1960
Gabon,GAB,1962,182796536.26602525,GA,Africa,1962-GA,1960
Gabon,GAB,1963,154480244.05522227,GA,Africa,1963-GA,1960
Gabon,GAB,1964,215679855.34209135,GA,Africa,1964-GA,1964
Gabon,GAB,1965,226474285.7790626,GA,Africa,1965-GA,1964
Gabon,GAB,1966,245849781.3,GA,Africa,1966-GA,1964
Gabon,GAB,1967,271543680.04889476,GA,Africa,1967-GA,1964
Gabon,GAB,1968,294468564.24527156,GA,Africa,1968-GA,1968
Gabon,GAB,1969,318124701.47877115,GA,Africa,1969-GA,1968
Gabon,GAB,1970,323802475.5124251,GA,Africa,1970-GA,1968
Gabon,GAB,1971,381687072.6223791,GA,Africa,1971-GA,1968
Gabon,GAB,1972,430508358.51420367,GA,Africa,1972-GA,1972
Gabon,GAB,1973,722780701.2958542,GA,Africa,1973-GA,1972
Gabon,GAB,1974,1544216001.660591,GA,Africa,1974-GA,1972
Gabon,GAB,1975,2157592940,GA,Africa,1975-GA,1972
Gabon,GAB,1976,3009409974.2685614,GA,Africa,1976-GA,1976
Gabon,GAB,1977,2809349069.2211766,GA,Africa,1977-GA,1976
Gabon,GAB,1978,2389479271.666156,GA,Africa,1978-GA,1976
Gabon,GAB,1979,3030251120.097586,GA,Africa,1979-GA,1976
Gabon,GAB,1980,4279637942.2514405,GA,Africa,1980-GA,1980
Gabon,GAB,1981,3862269120.5349717,GA,Africa,1981-GA,1980
Gabon,GAB,1982,3618007841.1350255,GA,Africa,1982-GA,1980
Gabon,GAB,1983,3391275731.5375123,GA,Africa,1983-GA,1980
Gabon,GAB,1984,3561451560.507833,GA,Africa,1984-GA,1984
Gabon,GAB,1985,3339914757.2287188,GA,Africa,1985-GA,1984
Gabon,GAB,1986,3403638189.200494,GA,Africa,1986-GA,1984
Gabon,GAB,1987,3281797043.049957,GA,Africa,1987-GA,1984
Gabon,GAB,1988,3834503376.029924,GA,Africa,1988-GA,1988
Gabon,GAB,1989,4186411463.8597536,GA,Africa,1989-GA,1988
Gabon,GAB,1990,5952293765,GA,Africa,1990-GA,1988
Gabon,GAB,1991,5402919784.570041,GA,Africa,1991-GA,1988
Gabon,GAB,1992,5592390827.398541,GA,Africa,1992-GA,1992
Gabon,GAB,1993,4378645081.017691,GA,Africa,1993-GA,1992
Gabon,GAB,1994,4190819344.2225494,GA,Africa,1994-GA,1992
Gabon,GAB,1995,4958845648.047782,GA,Africa,1995-GA,1992
Gabon,GAB,1996,5694040002.898627,GA,Africa,1996-GA,1996
Gabon,GAB,1997,5326817114.535865,GA,Africa,1997-GA,1996
Gabon,GAB,1998,4483417309.830112,GA,Africa,1998-GA,1996
Gabon,GAB,1999,4662992036.207296,GA,Africa,1999-GA,1996
Gabon,GAB,2000,5080483628.530126,GA,Africa,2000-GA,2000
Gabon,GAB,2001,5023265413,GA,Africa,2001-GA,2000
Gabon,GAB,2002,5335451099.882229,GA,Africa,2002-GA,2000
Gabon,GAB,2003,6511903365.475535,GA,Africa,2003-GA,2000
Gabon,GAB,2004,7770219008.212934,GA,Africa,2004-GA,2004
Gabon,GAB,2005,9582783990.853455,GA,Africa,2005-GA,2004
Gabon,GAB,2006,10327598306.457499,GA,Africa,2006-GA,2004
Gabon,GAB,2007,12455409587.337097,GA,Africa,2007-GA,2004
Gabon,GAB,2008,15571348344.337933,GA,Africa,2008-GA,2008
Gabon,GAB,2009,12113699068.251694,GA,Africa,2009-GA,2008
Gabon,GAB,2010,14372593020.288502,GA,Africa,2010-GA,2008
Gabon,GAB,2011,18210307743.581623,GA,Africa,2011-GA,2008
Gabon,GAB,2012,17170464016.059284,GA,Africa,2012-GA,2012
Gabon,GAB,2013,17595744798.339832,GA,Africa,2013-GA,2012
Gabon,GAB,2014,18203966895.84335,GA,Africa,2014-GA,2012
Gabon,GAB,2015,14383107762.695183,GA,Africa,2015-GA,2012
Gabon,GAB,2016,14023890265.366455,GA,Africa,2016-GA,2016
Gabon,GAB,2017,14929487485.162275,GA,Africa,2017-GA,2016
Gabon,GAB,2018,16867326389.870382,GA,Africa,2018-GA,2016
Gabon,GAB,2019,16874405460.195467,GA,Africa,2019-GA,2016
Gabon,GAB,2020,15314577167.821096,GA,Africa,2020-GA,2020
Gabon,GAB,2021,20217946921.20645,GA,Africa,2021-GA,2020
Gabon,GAB,2022,21071739227.942158,GA,Africa,2022-GA,2020
Gabon,GAB,2023,20516134388.66078,GA,Africa,2023-GA,2020
"Gambia, The",GMB,1966,44212081.35022968,GM,Africa,1966-GM,1964
"Gambia, The",GMB,1967,46695006.95793745,GM,Africa,1967-GM,1964
"Gambia, The",GMB,1968,41160065.856105365,GM,Africa,1968-GM,1968
"Gambia, The",GMB,1969,45168072.26891563,GM,Africa,1969-GM,1968
"Gambia, The",GMB,1970,52296083.673733875,GM,Africa,1970-GM,1968
"Gambia, The",GMB,1971,55728663.22268395,GM,Africa,1971-GM,1968
"Gambia, The",GMB,1972,59160569.480441295,GM,Africa,1972-GM,1972
"Gambia, The",GMB,1973,75187749.09613165,GM,Africa,1973-GM,1972
"Gambia, The",GMB,1974,95796021.68882716,GM,Africa,1974-GM,1972
"Gambia, The",GMB,1975,115179719.07763307,GM,Africa,1975-GM,1972
"Gambia, The",GMB,1976,112190829.4704568,GM,Africa,1976-GM,1976
"Gambia, The",GMB,1977,138093099.0977397,GM,Africa,1977-GM,1976
"Gambia, The",GMB,1978,171833086.01962367,GM,Africa,1978-GM,1976
"Gambia, The",GMB,1979,207112627.72609425,GM,Africa,1979-GM,1976
"Gambia, The",GMB,1980,241083090.3,GM,Africa,1980-GM,1980
"Gambia, The",GMB,1981,218767743.4591015,GM,Africa,1981-GM,1980
"Gambia, The",GMB,1982,216050552.30158418,GM,Africa,1982-GM,1980
"Gambia, The",GMB,1983,213448584.93694514,GM,Africa,1983-GM,1980
"Gambia, The",GMB,1984,177340880.08620396,GM,Africa,1984-GM,1984
"Gambia, The",GMB,1985,225726358.8909143,GM,Africa,1985-GM,1984
"Gambia, The",GMB,1986,185646986.82492676,GM,Africa,1986-GM,1984
"Gambia, The",GMB,1987,220626484.2248106,GM,Africa,1987-GM,1984
"Gambia, The",GMB,1988,266672211.93416098,GM,Africa,1988-GM,1988
"Gambia, The",GMB,1989,284120329.4010232,GM,Africa,1989-GM,1988
"Gambia, The",GMB,1990,317083695.47779715,GM,Africa,1990-GM,1988
"Gambia, The",GMB,1991,690311080.5150175,GM,Africa,1991-GM,1988
"Gambia, The",GMB,1992,714254256.1221893,GM,Africa,1992-GM,1992
"Gambia, The",GMB,1993,755040974.0873225,GM,Africa,1993-GM,1992
"Gambia, The",GMB,1994,746493951.9009587,GM,Africa,1994-GM,1992
"Gambia, The",GMB,1995,785999864.8402995,GM,Africa,1995-GM,1992
"Gambia, The",GMB,1996,848239446.2157602,GM,Africa,1996-GM,1996
"Gambia, The",GMB,1997,803633342.4737065,GM,Africa,1997-GM,1996
"Gambia, The",GMB,1998,840285264.6315453,GM,Africa,1998-GM,1996
"Gambia, The",GMB,1999,814724032.1,GM,Africa,1999-GM,1996
"Gambia, The",GMB,2000,782913871.8096597,GM,Africa,2000-GM,2000
"Gambia, The",GMB,2001,687410645.0639434,GM,Africa,2001-GM,2000
"Gambia, The",GMB,2002,578235309.3271981,GM,Africa,2002-GM,2000
"Gambia, The",GMB,2003,487038685.04549587,GM,Africa,2003-GM,2000
"Gambia, The",GMB,2004,961900651.4234409,GM,Africa,2004-GM,2004
"Gambia, The",GMB,2005,1027701067.5568765,GM,Africa,2005-GM,2004
"Gambia, The",GMB,2006,1054112487.7408298,GM,Africa,2006-GM,2004
"Gambia, The",GMB,2007,1279703047.0220978,GM,Africa,2007-GM,2004
"Gambia, The",GMB,2008,1561766955.7302403,GM,Africa,2008-GM,2008
"Gambia, The",GMB,2009,1450142508.5780816,GM,Africa,2009-GM,2008
"Gambia, The",GMB,2010,1543294926.8730059,GM,Africa,2010-GM,2008
"Gambia, The",GMB,2011,1409693596.9359355,GM,Africa,2011-GM,2008
"Gambia, The",GMB,2012,1415004738.2662053,GM,Africa,2012-GM,2012
"Gambia, The",GMB,2013,1375609453.4374623,GM,Africa,2013-GM,2012
"Gambia, The",GMB,2014,1229461721.4086075,GM,Africa,2014-GM,2012
"Gambia, The",GMB,2015,1378176608.9320412,GM,Africa,2015-GM,2012
"Gambia, The",GMB,2016,1484578885.9713225,GM,Africa,2016-GM,2016
"Gambia, The",GMB,2017,1504909462.6952114,GM,Africa,2017-GM,2016
"Gambia, The",GMB,2018,1670671327.8165143,GM,Africa,2018-GM,2016
"Gambia, The",GMB,2019,1813609692.4999352,GM,Africa,2019-GM,2016
"Gambia, The",GMB,2020,1812170891.1906917,GM,Africa,2020-GM,2020
"Gambia, The",GMB,2021,2014158842.6539373,GM,Africa,2021-GM,2020
"Gambia, The",GMB,2022,2175099789.9782925,GM,Africa,2022-GM,2020
"Gambia, The",GMB,2023,2339904156.792144,GM,Africa,2023-GM,2020
Georgia,GEO,1987,11502.632644795465,GE,Middle East,1987-GE,1984
Georgia,GEO,1988,13825.757575757576,GE,Middle East,1988-GE,1988
Georgia,GEO,1989,14047.410008779632,GE,Middle East,1989-GE,1988
Georgia,GEO,1990,7500000000,GE,Middle East,1990-GE,1988
Georgia,GEO,1991,6400000000,GE,Middle East,1991-GE,1988
Georgia,GEO,1992,3729999999.9999995,GE,Middle East,1992-GE,1992
Georgia,GEO,1993,2701301482.701812,GE,Middle East,1993-GE,1992
Georgia,GEO,1994,2514070771.8027306,GE,Middle East,1994-GE,1992
Georgia,GEO,1995,2693768412.891793,GE,Middle East,1995-GE,1992
Georgia,GEO,1996,3095047603.808305,GE,Middle East,1996-GE,1996
Georgia,GEO,1997,3510520231.2138724,GE,Middle East,1997-GE,1996
Georgia,GEO,1998,3613497316.5531864,GE,Middle East,1998-GE,1996
Georgia,GEO,1999,2800025882.7167172,GE,Middle East,1999-GE,1996
Georgia,GEO,2000,3057475335.1884646,GE,Middle East,2000-GE,2000
Georgia,GEO,2001,3219462262.007499,GE,Middle East,2001-GE,2000
Georgia,GEO,2002,3395766677.673153,GE,Middle East,2002-GE,2000
Georgia,GEO,2003,3991377904.1316156,GE,Middle East,2003-GE,2000
Georgia,GEO,2004,5125365191.986644,GE,Middle East,2004-GE,2004
Georgia,GEO,2005,6410912049.871047,GE,Middle East,2005-GE,2004
Georgia,GEO,2006,7745250733.950674,GE,Middle East,2006-GE,2004
Georgia,GEO,2007,10172931088.565523,GE,Middle East,2007-GE,2004
Georgia,GEO,2008,12795145130.910282,GE,Middle East,2008-GE,2008
Georgia,GEO,2009,10766920065.825115,GE,Middle East,2009-GE,2008
Georgia,GEO,2010,12426907967.157818,GE,Middle East,2010-GE,2008
Georgia,GEO,2011,15475290469.286894,GE,Middle East,2011-GE,2008
Georgia,GEO,2012,16894392033.225578,GE,Middle East,2012-GE,2012
Georgia,GEO,2013,17517660143.685932,GE,Middle East,2013-GE,2012
Georgia,GEO,2014,17966015109.304302,GE,Middle East,2014-GE,2012
Georgia,GEO,2015,15223796148.83962,GE,Middle East,2015-GE,2012
Georgia,GEO,2016,15444548901.963682,GE,Middle East,2016-GE,2016
Georgia,GEO,2017,16473125375.068438,GE,Middle East,2017-GE,2016
Georgia,GEO,2018,17902544880.64707,GE,Middle East,2018-GE,2016
Georgia,GEO,2019,17638337117,GE,Middle East,2019-GE,2016
Georgia,GEO,2020,16010869215.679968,GE,Middle East,2020-GE,2020
Georgia,GEO,2021,18853115588.81058,GE,Middle East,2021-GE,2020
Georgia,GEO,2022,24984568959.604965,GE,Middle East,2022-GE,2020
Georgia,GEO,2023,30535530479.022663,GE,Middle East,2023-GE,2020
Germany,DEU,1960,84310950194.11525,DE,Europe,1960-DE,1960
Germany,DEU,1961,96205728657.72688,DE,Europe,1961-DE,1960
Germany,DEU,1962,105508875286.24109,DE,Europe,1962-DE,1960
Germany,DEU,1963,111822811005.91238,DE,Europe,1963-DE,1960
Germany,DEU,1964,122880200227.83871,DE,Europe,1964-DE,1964
Germany,DEU,1965,134282707622.24054,DE,Europe,1965-DE,1964
Germany,DEU,1966,142781158769.17966,DE,Europe,1966-DE,1964
Germany,DEU,1967,144570993320.9099,DE,Europe,1967-DE,1964
Germany,DEU,1968,155955906530.69864,DE,Europe,1968-DE,1968
Germany,DEU,1969,177084689264.14545,DE,Europe,1969-DE,1968
Germany,DEU,1970,215838448137.65833,DE,Europe,1970-DE,1968
Germany,DEU,1971,249985055484.3027,DE,Europe,1971-DE,1968
Germany,DEU,1972,299801542047.4759,DE,Europe,1972-DE,1972
Germany,DEU,1973,398374021953.8968,DE,Europe,1973-DE,1972
Germany,DEU,1974,445303484241.55396,DE,Europe,1974-DE,1972
Germany,DEU,1975,490636517211.22504,DE,Europe,1975-DE,1972
Germany,DEU,1976,519754453161.4106,DE,Europe,1976-DE,1976
Germany,DEU,1977,600498238019.0348,DE,Europe,1977-DE,1976
Germany,DEU,1978,740469983446.9329,DE,Europe,1978-DE,1976
Germany,DEU,1979,881345176608.6863,DE,Europe,1979-DE,1976
Germany,DEU,1980,950290856466.5376,DE,Europe,1980-DE,1980
Germany,DEU,1981,800472055387.2782,DE,Europe,1981-DE,1980
Germany,DEU,1982,776576439106.9558,DE,Europe,1982-DE,1980
Germany,DEU,1983,770684323247.7977,DE,Europe,1983-DE,1980
Germany,DEU,1984,725111123634.1145,DE,Europe,1984-DE,1984
Germany,DEU,1985,732534887058.1982,DE,Europe,1985-DE,1984
Germany,DEU,1986,1046259374943.7089,DE,Europe,1986-DE,1984
Germany,DEU,1987,1298176105549.5103,DE,Europe,1987-DE,1984
Germany,DEU,1988,1401233225303.4858,DE,Europe,1988-DE,1988
Germany,DEU,1989,1398967436804.3274,DE,Europe,1989-DE,1988
Germany,DEU,1990,1771671206875.681,DE,Europe,1990-DE,1988
Germany,DEU,1991,1868945197407.189,DE,Europe,1991-DE,1988
Germany,DEU,1992,2131571696931.747,DE,Europe,1992-DE,1992
Germany,DEU,1993,2071323790370.2827,DE,Europe,1993-DE,1992
Germany,DEU,1994,2205074123177.052,DE,Europe,1994-DE,1992
Germany,DEU,1995,2585792275146.718,DE,Europe,1995-DE,1992
Germany,DEU,1996,2497244606186.639,DE,Europe,1996-DE,1996
Germany,DEU,1997,2211989623279.946,DE,Europe,1997-DE,1996
Germany,DEU,1998,2238990774702.6787,DE,Europe,1998-DE,1996
Germany,DEU,1999,2194945278872.5918,DE,Europe,1999-DE,1996
Germany,DEU,2000,1947981991011.7688,DE,Europe,2000-DE,2000
Germany,DEU,2001,1945790973803.1519,DE,Europe,2001-DE,2000
Germany,DEU,2002,2078484517474.5134,DE,Europe,2002-DE,2000
Germany,DEU,2003,2501640388482.3477,DE,Europe,2003-DE,2000
Germany,DEU,2004,2814353869359.0806,DE,Europe,2004-DE,2004
Germany,DEU,2005,2846864211175.096,DE,Europe,2005-DE,2004
Germany,DEU,2006,2994703642023.5254,DE,Europe,2006-DE,2004
Germany,DEU,2007,3425578382921.5796,DE,Europe,2007-DE,2004
Germany,DEU,2008,3745264093617.1865,DE,Europe,2008-DE,2008
Germany,DEU,2009,3411261212652.3413,DE,Europe,2009-DE,2008
Germany,DEU,2010,3399667820000.0063,DE,Europe,2010-DE,2008
Germany,DEU,2011,3749314991050.591,DE,Europe,2011-DE,2008
Germany,DEU,2012,3527143188785.157,DE,Europe,2012-DE,2012
Germany,DEU,2013,3733804649549.0303,DE,Europe,2013-DE,2012
Germany,DEU,2014,3889093051023.5156,DE,Europe,2014-DE,2012
Germany,DEU,2015,3357585719351.5605,DE,Europe,2015-DE,2012
Germany,DEU,2016,3469853463945.5337,DE,Europe,2016-DE,2016
Germany,DEU,2017,3690849152517.6533,DE,Europe,2017-DE,2016
Germany,DEU,2018,3974443355019.605,DE,Europe,2018-DE,2016
Germany,DEU,2019,3889177589254.8955,DE,Europe,2019-DE,2016
Germany,DEU,2020,3887727161914.4077,DE,Europe,2020-DE,2020
Germany,DEU,2021,4278503934689.8535,DE,Europe,2021-DE,2020
Germany,DEU,2022,4082469490797.681,DE,Europe,2022-DE,2020
Germany,DEU,2023,4456081016705.961,DE,Europe,2023-DE,2020
Ghana,GHA,1960,1223943661.9718308,GH,Africa,1960-GH,1960
Ghana,GHA,1961,1309859154.9295774,GH,Africa,1961-GH,1960
Ghana,GHA,1962,1390140845.0704224,GH,Africa,1962-GH,1960
Ghana,GHA,1963,1549295774.6478872,GH,Africa,1963-GH,1960
Ghana,GHA,1964,1740845070.4225352,GH,Africa,1964-GH,1964
Ghana,GHA,1965,2064788732.394366,GH,Africa,1965-GH,1964
Ghana,GHA,1966,2138028169.0140843,GH,Africa,1966-GH,1964
Ghana,GHA,1967,1748837209.3023255,GH,Africa,1967-GH,1964
Ghana,GHA,1968,1666666666.6666667,GH,Africa,1968-GH,1968
Ghana,GHA,1969,1961764705.882353,GH,Africa,1969-GH,1968
Ghana,GHA,1970,2214705882.352941,GH,Africa,1970-GH,1968
Ghana,GHA,1971,2427184466.019418,GH,Africa,1971-GH,1968
Ghana,GHA,1972,2116541353.3834586,GH,Africa,1972-GH,1972
Ghana,GHA,1973,3018103448.275862,GH,Africa,1973-GH,1972
Ghana,GHA,1974,2894409937.8881984,GH,Africa,1974-GH,1972
Ghana,GHA,1975,2810106382.9787235,GH,Africa,1975-GH,1972
Ghana,GHA,1976,2765254237.2881355,GH,Africa,1976-GH,1976
Ghana,GHA,1977,3189428571.428571,GH,Africa,1977-GH,1976
Ghana,GHA,1978,3662478184.991274,GH,Africa,1978-GH,1976
Ghana,GHA,1979,4020227920,GH,Africa,1979-GH,1976
Ghana,GHA,1980,4445228215.767634,GH,Africa,1980-GH,1980
Ghana,GHA,1981,4222441860.4651165,GH,Africa,1981-GH,1980
Ghana,GHA,1982,4035994397.759104,GH,Africa,1982-GH,1980
Ghana,GHA,1983,4057275132.275132,GH,Africa,1983-GH,1980
Ghana,GHA,1984,4412279843.444227,GH,Africa,1984-GH,1984
Ghana,GHA,1985,4504306722.689075,GH,Africa,1985-GH,1984
Ghana,GHA,1986,5735677433.826828,GH,Africa,1986-GH,1984
Ghana,GHA,1987,5074829931.972789,GH,Africa,1987-GH,1984
Ghana,GHA,1988,5197765032,GH,Africa,1988-GH,1988
Ghana,GHA,1989,5251858439.874004,GH,Africa,1989-GH,1988
Ghana,GHA,1990,5889106573.460878,GH,Africa,1990-GH,1988
Ghana,GHA,1991,6603185267.796426,GH,Africa,1991-GH,1988
Ghana,GHA,1992,6416103925.832665,GH,Africa,1992-GH,1992
Ghana,GHA,1993,5968922939.3719845,GH,Africa,1993-GH,1992
Ghana,GHA,1994,5446383726.770467,GH,Africa,1994-GH,1992
Ghana,GHA,1995,6464382807.678836,GH,Africa,1995-GH,1992
Ghana,GHA,1996,6932991739.377671,GH,Africa,1996-GH,1996
Ghana,GHA,1997,6891443192.249848,GH,Africa,1997-GH,1996
Ghana,GHA,1998,7482069162.420078,GH,Africa,1998-GH,1996
Ghana,GHA,1999,7718109982.260925,GH,Africa,1999-GH,1996
Ghana,GHA,2000,4982850662.208511,GH,Africa,2000-GH,2000
Ghana,GHA,2001,5314872854.440497,GH,Africa,2001-GH,2000
Ghana,GHA,2002,6166197847.850311,GH,Africa,2002-GH,2000
Ghana,GHA,2003,7632723556,GH,Africa,2003-GH,2000
Ghana,GHA,2004,8881417906.714323,GH,Africa,2004-GH,2004
Ghana,GHA,2005,10744568381.44561,GH,Africa,2005-GH,2004
Ghana,GHA,2006,20885037596.696342,GH,Africa,2006-GH,2004
Ghana,GHA,2007,24827339138.49064,GH,Africa,2007-GH,2004
Ghana,GHA,2008,28679383241.07291,GH,Africa,2008-GH,2008
Ghana,GHA,2009,26048720005.52326,GH,Africa,2009-GH,2008
Ghana,GHA,2010,32197655566.534706,GH,Africa,2010-GH,2008
Ghana,GHA,2011,39336668080.55898,GH,Africa,2011-GH,2008
Ghana,GHA,2012,41271701060.95403,GH,Africa,2012-GH,2012
Ghana,GHA,2013,62824629066.04083,GH,Africa,2013-GH,2012
Ghana,GHA,2014,54783319817.370514,GH,Africa,2014-GH,2012
Ghana,GHA,2015,49406010054.266335,GH,Africa,2015-GH,2012
Ghana,GHA,2016,56164929305,GH,Africa,2016-GH,2016
Ghana,GHA,2017,60405924078.72783,GH,Africa,2017-GH,2016
Ghana,GHA,2018,67298914624.372314,GH,Africa,2018-GH,2016
Ghana,GHA,2019,68337969247.70674,GH,Africa,2019-GH,2016
Ghana,GHA,2020,70043095504,GH,Africa,2020-GH,2020
Ghana,GHA,2021,79524421861.27426,GH,Africa,2021-GH,2020
Ghana,GHA,2022,74263364041.87419,GH,Africa,2022-GH,2020
Ghana,GHA,2023,76370394412.41626,GH,Africa,2023-GH,2020
Greece,GRC,1960,4335191696.005855,GR,Europe,1960-GR,1960
Greece,GRC,1961,4961399303.483932,GR,Europe,1961-GR,1960
Greece,GRC,1962,5213043168,GR,Europe,1962-GR,1960
Greece,GRC,1963,5895281431.591881,GR,Europe,1963-GR,1960
Greece,GRC,1964,6669669850,GR,Europe,1964-GR,1964
Greece,GRC,1965,7689148374,GR,Europe,1965-GR,1964
Greece,GRC,1966,8591522486.934435,GR,Europe,1966-GR,1964
Greece,GRC,1967,9275600800.356443,GR,Europe,1967-GR,1964
Greece,GRC,1968,10090674766.703152,GR,Europe,1968-GR,1968
Greece,GRC,1969,11615655895.40543,GR,Europe,1969-GR,1968
Greece,GRC,1970,13139863636.363638,GR,Europe,1970-GR,1968
Greece,GRC,1971,14591750000,GR,Europe,1971-GR,1968
Greece,GRC,1972,16885511363.636364,GR,Europe,1972-GR,1972
Greece,GRC,1973,22347848101.265823,GR,Europe,1973-GR,1972
Greece,GRC,1974,25351306818.18182,GR,Europe,1974-GR,1972
Greece,GRC,1975,28525876726.88629,GR,Europe,1975-GR,1972
Greece,GRC,1976,31152835820.895523,GR,Europe,1976-GR,1976
Greece,GRC,1977,36176234967.622574,GR,Europe,1977-GR,1976
Greece,GRC,1978,44270204081.63265,GR,Europe,1978-GR,1976
Greece,GRC,1979,54481876725,GR,Europe,1979-GR,1976
Greece,GRC,1980,56829664268.58514,GR,Europe,1980-GR,1980
Greece,GRC,1981,52346506765.06765,GR,Europe,1981-GR,1980
Greece,GRC,1982,54617989795.918365,GR,Europe,1982-GR,1980
Greece,GRC,1983,49428873839.009285,GR,Europe,1983-GR,1980
Greece,GRC,1984,48020024183.79686,GR,Europe,1984-GR,1984
Greece,GRC,1985,47820851221.31754,GR,Europe,1985-GR,1984
Greece,GRC,1986,56379593476.14411,GR,Europe,1986-GR,1984
Greece,GRC,1987,65652750377.45345,GR,Europe,1987-GR,1984
Greece,GRC,1988,76261277924.57362,GR,Europe,1988-GR,1988
Greece,GRC,1989,79169043222.82837,GR,Europe,1989-GR,1988
Greece,GRC,1990,97891092003.43938,GR,Europe,1990-GR,1988
Greece,GRC,1991,105143232379.88408,GR,Europe,1991-GR,1988
Greece,GRC,1992,116224672863.78262,GR,Europe,1992-GR,1992
Greece,GRC,1993,108809059155.76695,GR,Europe,1993-GR,1992
Greece,GRC,1994,116601801966.29214,GR,Europe,1994-GR,1992
Greece,GRC,1995,136878365936.1671,GR,Europe,1995-GR,1992
Greece,GRC,1996,1.45862E+11,GR,Europe,1996-GR,1996
Greece,GRC,1997,143157600149.75665,GR,Europe,1997-GR,1996
Greece,GRC,1998,144428172489.33472,GR,Europe,1998-GR,1996
Greece,GRC,1999,142588875293.74857,GR,Europe,1999-GR,1996
Greece,GRC,2000,130457756628.43636,GR,Europe,2000-GR,2000
Greece,GRC,2001,136309295225.33954,GR,Europe,2001-GR,2000
Greece,GRC,2002,1.54564E+11,GR,Europe,2002-GR,2000
Greece,GRC,2003,202370140236.26508,GR,Europe,2003-GR,2000
Greece,GRC,2004,240963562236.12726,GR,Europe,2004-GR,2004
Greece,GRC,2005,247875422204.41388,GR,Europe,2005-GR,2004
Greece,GRC,2006,273546728473.07257,GR,Europe,2006-GR,2004
Greece,GRC,2007,318902829550.73315,GR,Europe,2007-GR,2004
Greece,GRC,2008,355908689477.44525,GR,Europe,2008-GR,2008
Greece,GRC,2009,331308500253.2744,GR,Europe,2009-GR,2008
Greece,GRC,2010,297124961971.50055,GR,Europe,2010-GR,2008
Greece,GRC,2011,2.82996E+11,GR,Europe,2011-GR,2008
Greece,GRC,2012,242029307133.40787,GR,Europe,2012-GR,2012
Greece,GRC,2013,238907690051.1301,GR,Europe,2013-GR,2012
Greece,GRC,2014,235458133124.6078,GR,Europe,2014-GR,2012
Greece,GRC,2015,195683527003.3745,GR,Europe,2015-GR,2012
Greece,GRC,2016,193148146586.93277,GR,Europe,2016-GR,2016
Greece,GRC,2017,199844406013.53094,GR,Europe,2017-GR,2016
Greece,GRC,2018,212049447242.1112,GR,Europe,2018-GR,2016
Greece,GRC,2019,205252760889.36438,GR,Europe,2019-GR,2016
Greece,GRC,2020,188480337285.6052,GR,Europe,2020-GR,2020
Greece,GRC,2021,214667807441.20197,GR,Europe,2021-GR,2020
Greece,GRC,2022,217581324512.0592,GR,Europe,2022-GR,2020
Greece,GRC,2023,238206312632.52774,GR,Europe,2023-GR,2020
Greenland,GRL,1970,69520026.66666667,GL,Europe,1970-GL,1968
Greenland,GRL,1971,88466738.24972685,GL,Europe,1971-GL,1968
Greenland,GRL,1972,106101297.80127242,GL,Europe,1972-GL,1972
Greenland,GRL,1973,140153748.2436565,GL,Europe,1973-GL,1972
Greenland,GRL,1974,169918948.62918177,GL,Europe,1974-GL,1972
Greenland,GRL,1975,211190630.32960913,GL,Europe,1975-GL,1972
Greenland,GRL,1976,240779417.7856998,GL,Europe,1976-GL,1976
Greenland,GRL,1977,282269749.16011345,GL,Europe,1977-GL,1976
Greenland,GRL,1978,355987433.4156901,GL,Europe,1978-GL,1976
Greenland,GRL,1979,420645821.5404875,GL,Europe,1979-GL,1976
Greenland,GRL,1980,476051740.7737695,GL,Europe,1980-GL,1980
Greenland,GRL,1981,435748993.4184214,GL,Europe,1981-GL,1980
Greenland,GRL,1982,402403041.0292685,GL,Europe,1982-GL,1980
Greenland,GRL,1983,416184071.0194169,GL,Europe,1983-GL,1980
Greenland,GRL,1984,379371901.49037445,GL,Europe,1984-GL,1984
Greenland,GRL,1985,412876382.82917434,GL,Europe,1985-GL,1984
Greenland,GRL,1986,603016292.6869783,GL,Europe,1986-GL,1984
Greenland,GRL,1987,787390408.9532692,GL,Europe,1987-GL,1984
Greenland,GRL,1988,898607670.6244127,GL,Europe,1988-GL,1988
Greenland,GRL,1989,929799902.2,GL,Europe,1989-GL,1988
Greenland,GRL,1990,1018977280.3292787,GL,Europe,1990-GL,1988
Greenland,GRL,1991,1016500069.2570795,GL,Europe,1991-GL,1988
Greenland,GRL,1992,1037916162.5497649,GL,Europe,1992-GL,1992
Greenland,GRL,1993,927214151.7679299,GL,Europe,1993-GL,1992
Greenland,GRL,1994,1005887539.3204867,GL,Europe,1994-GL,1992
Greenland,GRL,1995,1208953287.0659847,GL,Europe,1995-GL,1992
Greenland,GRL,1996,1197515569.0820243,GL,Europe,1996-GL,1996
Greenland,GRL,1997,1072154433.8453763,GL,Europe,1997-GL,1996
Greenland,GRL,1998,1149858069.7576582,GL,Europe,1998-GL,1996
Greenland,GRL,1999,1131555107.0490694,GL,Europe,1999-GL,1996
Greenland,GRL,2000,1068025016.0086223,GL,Europe,2000-GL,2000
Greenland,GRL,2001,1086170703.9815965,GL,Europe,2001-GL,2000
Greenland,GRL,2002,1169136716.0355651,GL,Europe,2002-GL,2000
Greenland,GRL,2003,1558759823.081686,GL,Europe,2003-GL,2000
Greenland,GRL,2004,1822499769.2393847,GL,Europe,2004-GL,2004
Greenland,GRL,2005,1849802648.3639076,GL,Europe,2005-GL,2004
Greenland,GRL,2006,2013106929.500311,GL,Europe,2006-GL,2004
Greenland,GRL,2007,2249811295.6608014,GL,Europe,2007-GL,2004
Greenland,GRL,2008,2499092314.4187546,GL,Europe,2008-GL,2008
Greenland,GRL,2009,2529963903.2268476,GL,Europe,2009-GL,2008
Greenland,GRL,2010,2503167187.4930544,GL,Europe,2010-GL,2008
Greenland,GRL,2011,2684461375.465847,GL,Europe,2011-GL,2008
Greenland,GRL,2012,2609678486.367488,GL,Europe,2012-GL,2012
Greenland,GRL,2013,2684946990.1244802,GL,Europe,2013-GL,2012
Greenland,GRL,2014,2842065708.3596215,GL,Europe,2014-GL,2012
Greenland,GRL,2015,2499113022.8167543,GL,Europe,2015-GL,2012
Greenland,GRL,2016,2707139544.4669547,GL,Europe,2016-GL,2016
Greenland,GRL,2017,2851613679.0343266,GL,Europe,2017-GL,2016
Greenland,GRL,2018,3055782146,GL,Europe,2018-GL,2016
Greenland,GRL,2019,2997309971.8762293,GL,Europe,2019-GL,2016
Greenland,GRL,2020,3082884653.245599,GL,Europe,2020-GL,2020
Greenland,GRL,2021,3235809504.298714,GL,Europe,2021-GL,2020
Grenada,GRD,1977,71494495.18518518,GD,North America,1977-GD,1976
Grenada,GRD,1978,88322386.29629628,GD,North America,1978-GD,1976
Grenada,GRD,1979,102244362.22222221,GD,North America,1979-GD,1976
Grenada,GRD,1980,110900457.03703703,GD,North America,1980-GD,1980
Grenada,GRD,1981,115651918.88888888,GD,North America,1981-GD,1980
Grenada,GRD,1982,125435589.99999999,GD,North America,1982-GD,1980
Grenada,GRD,1983,131803552.22222221,GD,North America,1983-GD,1980
Grenada,GRD,1984,145533310.74074072,GD,North America,1984-GD,1984
Grenada,GRD,1985,167728455.18518516,GD,North America,1985-GD,1984
Grenada,GRD,1986,187589522.59259257,GD,North America,1986-GD,1984
Grenada,GRD,1987,215009569.6296296,GD,North America,1987-GD,1984
Grenada,GRD,1988,236357523.7037037,GD,North America,1988-GD,1988
Grenada,GRD,1989,267327642.2222222,GD,North America,1989-GD,1988
Grenada,GRD,1990,278098762.9629629,GD,North America,1990-GD,1988
Grenada,GRD,1991,300757888.8888889,GD,North America,1991-GD,1988
Grenada,GRD,1992,310160444.4444444,GD,North America,1992-GD,1992
Grenada,GRD,1993,309812185.1851852,GD,North America,1993-GD,1992
Grenada,GRD,1994,325111814.8148148,GD,North America,1994-GD,1992
Grenada,GRD,1995,342172518.5185185,GD,North America,1995-GD,1992
Grenada,GRD,1996,366911444.4444444,GD,North America,1996-GD,1996
Grenada,GRD,1997,392190592.5925926,GD,North America,1997-GD,1996
Grenada,GRD,1998,445903592.59259254,GD,North America,1998-GD,1996
Grenada,GRD,1999,482009370.3703703,GD,North America,1999-GD,1996
Grenada,GRD,2000,520044370.3703703,GD,North America,2000-GD,2000
Grenada,GRD,2001,520444185.18518513,GD,North America,2001-GD,2000
Grenada,GRD,2002,540336925.9259259,GD,North America,2002-GD,2000
Grenada,GRD,2003,591018407.4074074,GD,North America,2003-GD,2000
Grenada,GRD,2004,599118592.5925926,GD,North America,2004-GD,2004
Grenada,GRD,2005,695555555.5555555,GD,North America,2005-GD,2004
Grenada,GRD,2006,698700666.6666666,GD,North America,2006-GD,2004
Grenada,GRD,2007,758683592.5925926,GD,North America,2007-GD,2004
Grenada,GRD,2008,825976037,GD,North America,2008-GD,2008
Grenada,GRD,2009,771275555.5555555,GD,North America,2009-GD,2008
Grenada,GRD,2010,771014814.8148147,GD,North America,2010-GD,2008
Grenada,GRD,2011,778655555.5555555,GD,North America,2011-GD,2008
Grenada,GRD,2012,799881481.4814814,GD,North America,2012-GD,2012
Grenada,GRD,2013,842618518.5185184,GD,North America,2013-GD,2012
Grenada,GRD,2014,911496296.2962962,GD,North America,2014-GD,2012
Grenada,GRD,2015,997007407.4074073,GD,North America,2015-GD,2012
Grenada,GRD,2016,1061640740.7407407,GD,North America,2016-GD,2016
Grenada,GRD,2017,1125685185.1851852,GD,North America,2017-GD,2016
Grenada,GRD,2018,1166514814.8148148,GD,North America,2018-GD,2016
Grenada,GRD,2019,1213485185.1851852,GD,North America,2019-GD,2016
Grenada,GRD,2020,1043411111.111111,GD,North America,2020-GD,2020
Grenada,GRD,2021,1122800000,GD,North America,2021-GD,2020
Grenada,GRD,2022,1224577777.7777777,GD,North America,2022-GD,2020
Grenada,GRD,2023,1320334235.588974,GD,North America,2023-GD,2020
Guam,GUM,2002,3394000000,GU,Oceania,2002-GU,2000
Guam,GUM,2003,3569000000,GU,Oceania,2003-GU,2000
Guam,GUM,2004,3869000000,GU,Oceania,2004-GU,2004
Guam,GUM,2005,4213000000,GU,Oceania,2005-GU,2004
Guam,GUM,2006,4238000000,GU,Oceania,2006-GU,2004
Guam,GUM,2007,4397000000,GU,Oceania,2007-GU,2004
Guam,GUM,2008,4658000000,GU,Oceania,2008-GU,2008
Guam,GUM,2009,4828000000,GU,Oceania,2009-GU,2008
Guam,GUM,2010,4949000000,GU,Oceania,2010-GU,2008
Guam,GUM,2011,4984000000,GU,Oceania,2011-GU,2008
Guam,GUM,2012,5265000000,GU,Oceania,2012-GU,2012
Guam,GUM,2013,5399000000,GU,Oceania,2013-GU,2012
Guam,GUM,2014,5610000000,GU,Oceania,2014-GU,2012
Guam,GUM,2015,5799000000,GU,Oceania,2015-GU,2012
Guam,GUM,2016,5901000000,GU,Oceania,2016-GU,2016
Guam,GUM,2017,6013000000,GU,Oceania,2017-GU,2016
Guam,GUM,2018,6051000000,GU,Oceania,2018-GU,2016
Guam,GUM,2019,6355000000,GU,Oceania,2019-GU,2016
Guam,GUM,2020,5916000000,GU,Oceania,2020-GU,2020
Guam,GUM,2021,6234000000,GU,Oceania,2021-GU,2020
Guam,GUM,2022,6910000000,GU,Oceania,2022-GU,2020
Guatemala,GTM,1960,1043599899.9999999,GT,North America,1960-GT,1960
Guatemala,GTM,1961,1076699900,GT,North America,1961-GT,1960
Guatemala,GTM,1962,1143600000,GT,North America,1962-GT,1960
Guatemala,GTM,1963,1262800000,GT,North America,1963-GT,1960
Guatemala,GTM,1964,1299099900,GT,North America,1964-GT,1964
Guatemala,GTM,1965,1331399900,GT,North America,1965-GT,1964
Guatemala,GTM,1966,1390700000,GT,North America,1966-GT,1964
Guatemala,GTM,1967,1453500000,GT,North America,1967-GT,1964
Guatemala,GTM,1968,1610500000,GT,North America,1968-GT,1968
Guatemala,GTM,1969,1715399900,GT,North America,1969-GT,1968
Guatemala,GTM,1970,1904000000,GT,North America,1970-GT,1968
Guatemala,GTM,1971,1984800000,GT,North America,1971-GT,1968
Guatemala,GTM,1972,2101300000.0000002,GT,North America,1972-GT,1972
Guatemala,GTM,1973,2569200100,GT,North America,1973-GT,1972
Guatemala,GTM,1974,3161499900,GT,North America,1974-GT,1972
Guatemala,GTM,1975,3645900000,GT,North America,1975-GT,1972
Guatemala,GTM,1976,4365300200,GT,North America,1976-GT,1976
Guatemala,GTM,1977,5480500200,GT,North America,1977-GT,1976
Guatemala,GTM,1978,6070600200,GT,North America,1978-GT,1976
Guatemala,GTM,1979,6902600200,GT,North America,1979-GT,1976
Guatemala,GTM,1980,7878700000,GT,North America,1980-GT,1980
Guatemala,GTM,1981,8607500300,GT,North America,1981-GT,1980
Guatemala,GTM,1982,8716999700,GT,North America,1982-GT,1980
Guatemala,GTM,1983,9050000400,GT,North America,1983-GT,1980
Guatemala,GTM,1984,9470000100,GT,North America,1984-GT,1984
Guatemala,GTM,1985,9721652086.956522,GT,North America,1985-GT,1984
Guatemala,GTM,1986,7231963515.981735,GT,North America,1986-GT,1984
Guatemala,GTM,1987,7084399840,GT,North America,1987-GT,1984
Guatemala,GTM,1988,7841602824.427481,GT,North America,1988-GT,1988
Guatemala,GTM,1989,8410724360.795455,GT,North America,1989-GT,1988
Guatemala,GTM,1990,7650196845.215458,GT,North America,1990-GT,1988
Guatemala,GTM,1991,9406135143.411654,GT,North America,1991-GT,1988
Guatemala,GTM,1992,10440781587.543491,GT,North America,1992-GT,1992
Guatemala,GTM,1993,11400017301.458664,GT,North America,1993-GT,1992
Guatemala,GTM,1994,12983233310.746746,GT,North America,1994-GT,1992
Guatemala,GTM,1995,14655404433.277115,GT,North America,1995-GT,1992
Guatemala,GTM,1996,15674835615.313896,GT,North America,1996-GT,1996
Guatemala,GTM,1997,17790026221.613865,GT,North America,1997-GT,1996
Guatemala,GTM,1998,19395491992.99387,GT,North America,1998-GT,1996
Guatemala,GTM,1999,18318412251.364197,GT,North America,1999-GT,1996
Guatemala,GTM,2000,19288929030.05078,GT,North America,2000-GT,2000
Guatemala,GTM,2001,18405220247.441242,GT,North America,2001-GT,2000
Guatemala,GTM,2002,20444205991.02497,GT,North America,2002-GT,2000
Guatemala,GTM,2003,21576351798.914482,GT,North America,2003-GT,2000
Guatemala,GTM,2004,23577298094.657066,GT,North America,2004-GT,2004
Guatemala,GTM,2005,26783389293.92199,GT,North America,2005-GT,2004
Guatemala,GTM,2006,29744246827.183907,GT,North America,2006-GT,2004
Guatemala,GTM,2007,33567850824.10393,GT,North America,2007-GT,2004
Guatemala,GTM,2008,38503720224.31663,GT,North America,2008-GT,2008
Guatemala,GTM,2009,37126148265,GT,North America,2009-GT,2008
Guatemala,GTM,2010,40676578423.48709,GT,North America,2010-GT,2008
Guatemala,GTM,2011,46876006272.23869,GT,North America,2011-GT,2008
Guatemala,GTM,2012,49593929487,GT,North America,2012-GT,2012
Guatemala,GTM,2013,52996446269.44204,GT,North America,2013-GT,2012
Guatemala,GTM,2014,57852153058.50199,GT,North America,2014-GT,2012
Guatemala,GTM,2015,62186064718.742386,GT,North America,2015-GT,2012
Guatemala,GTM,2016,66053403469.00244,GT,North America,2016-GT,2016
Guatemala,GTM,2017,71653754066.27628,GT,North America,2017-GT,2016
Guatemala,GTM,2018,73328365862.43286,GT,North America,2018-GT,2016
Guatemala,GTM,2019,77172317259,GT,North America,2019-GT,2016
Guatemala,GTM,2020,77715183063,GT,North America,2020-GT,2020
Guatemala,GTM,2021,86053083476.02939,GT,North America,2021-GT,2020
Guatemala,GTM,2022,95003330315.87544,GT,North America,2022-GT,2020
Guatemala,GTM,2023,102050473863.63637,GT,North America,2023-GT,2020
Guinea,GIN,1970,3220224607.8243065,GN,Africa,1970-GN,1968
Guinea,GIN,1971,3594302908.042567,GN,Africa,1971-GN,1968
Guinea,GIN,1972,4203069035.015425,GN,Africa,1972-GN,1972
Guinea,GIN,1973,5152080387.570929,GN,Africa,1973-GN,1972
Guinea,GIN,1974,5691417541.321298,GN,Africa,1974-GN,1972
Guinea,GIN,1975,6102769605.451195,GN,Africa,1975-GN,1972
Guinea,GIN,1976,6762781870.608477,GN,Africa,1976-GN,1976
Guinea,GIN,1977,6914381290.580621,GN,Africa,1977-GN,1976
Guinea,GIN,1978,8087305999,GN,Africa,1978-GN,1976
Guinea,GIN,1979,8877094497.443897,GN,Africa,1979-GN,1976
Guinea,GIN,1980,9746524915.093832,GN,Africa,1980-GN,1980
Guinea,GIN,1981,9646440666.520529,GN,Africa,1981-GN,1980
Guinea,GIN,1982,11926032493.436766,GN,Africa,1982-GN,1980
Guinea,GIN,1983,15129893722.344105,GN,Africa,1983-GN,1980
Guinea,GIN,1984,18421497251.175014,GN,Africa,1984-GN,1984
Guinea,GIN,1985,22787644565.90326,GN,Africa,1985-GN,1984
Guinea,GIN,1986,2909130355,GN,Africa,1986-GN,1984
Guinea,GIN,1987,2976714019.0696135,GN,Africa,1987-GN,1984
Guinea,GIN,1988,3476480303,GN,Africa,1988-GN,1988
Guinea,GIN,1989,3546079262.9506097,GN,Africa,1989-GN,1988
Guinea,GIN,1990,3888320665.5228024,GN,Africa,1990-GN,1988
Guinea,GIN,1991,4396178694.153499,GN,Africa,1991-GN,1988
Guinea,GIN,1992,4789220416.706413,GN,Africa,1992-GN,1992
Guinea,GIN,1993,4781166116.517895,GN,Africa,1993-GN,1992
Guinea,GIN,1994,4932800406.929736,GN,Africa,1994-GN,1992
Guinea,GIN,1995,5385704166.4334135,GN,Africa,1995-GN,1992
Guinea,GIN,1996,5641243100,GN,Africa,1996-GN,1996
Guinea,GIN,1997,5516916163.094898,GN,Africa,1997-GN,1996
Guinea,GIN,1998,5232118046.371303,GN,Africa,1998-GN,1996
Guinea,GIN,1999,5046806782.547613,GN,Africa,1999-GN,1996
Guinea,GIN,2000,4367458866.715374,GN,Africa,2000-GN,2000
Guinea,GIN,2001,4125527603,GN,Africa,2001-GN,2000
Guinea,GIN,2002,4301608752.513958,GN,Africa,2002-GN,2000
Guinea,GIN,2003,5025167975.263627,GN,Africa,2003-GN,2000
Guinea,GIN,2004,5300767960.515724,GN,Africa,2004-GN,2004
Guinea,GIN,2005,4282468636.9050093,GN,Africa,2005-GN,2004
Guinea,GIN,2006,4220019242.7288175,GN,Africa,2006-GN,2004
Guinea,GIN,2007,6281917649.940332,GN,Africa,2007-GN,2004
Guinea,GIN,2008,6964179187.855786,GN,Africa,2008-GN,2008
Guinea,GIN,2009,6716904516.979529,GN,Africa,2009-GN,2008
Guinea,GIN,2010,6853467832.494075,GN,Africa,2010-GN,2008
Guinea,GIN,2011,6785137215.557362,GN,Africa,2011-GN,2008
Guinea,GIN,2012,7638045226.044156,GN,Africa,2012-GN,2012
Guinea,GIN,2013,8376613881,GN,Africa,2013-GN,2012
Guinea,GIN,2014,8778473643.318516,GN,Africa,2014-GN,2012
Guinea,GIN,2015,8794202394.290764,GN,Africa,2015-GN,2012
Guinea,GIN,2016,8595955600,GN,Africa,2016-GN,2016
Guinea,GIN,2017,10324668271.10322,GN,Africa,2017-GN,2016
Guinea,GIN,2018,11857030367.244081,GN,Africa,2018-GN,2016
Guinea,GIN,2019,13442861496.412752,GN,Africa,2019-GN,2016
Guinea,GIN,2020,14177835841.392267,GN,Africa,2020-GN,2020
Guinea,GIN,2021,16091817842.13176,GN,Africa,2021-GN,2020
Guinea,GIN,2022,20999229260.499454,GN,Africa,2022-GN,2020
Guinea,GIN,2023,23612295818.096096,GN,Africa,2023-GN,2020
Guinea-Bissau,GNB,1970,204670551.37211356,GW,Africa,1970-GW,1968
Guinea-Bissau,GNB,1971,204167297.39778668,GW,Africa,1971-GW,1968
Guinea-Bissau,GNB,1972,227986203.9188541,GW,Africa,1972-GW,1972
Guinea-Bissau,GNB,1973,232331281.49444577,GW,Africa,1973-GW,1972
Guinea-Bissau,GNB,1974,256769729.74206248,GW,Africa,1974-GW,1972
Guinea-Bissau,GNB,1975,283311996.6874695,GW,Africa,1975-GW,1972
Guinea-Bissau,GNB,1976,292152321.5630278,GW,Africa,1976-GW,1976
Guinea-Bissau,GNB,1977,298871674.23616254,GW,Africa,1977-GW,1976
Guinea-Bissau,GNB,1978,318876550.60610086,GW,Africa,1978-GW,1976
Guinea-Bissau,GNB,1979,308143183.2719056,GW,Africa,1979-GW,1976
Guinea-Bissau,GNB,1980,287648258.5682272,GW,Africa,1980-GW,1980
Guinea-Bissau,GNB,1981,402230865.3886424,GW,Africa,1981-GW,1980
Guinea-Bissau,GNB,1982,430284021.9094592,GW,Africa,1982-GW,1980
Guinea-Bissau,GNB,1983,425225176.96408385,GW,Africa,1983-GW,1980
Guinea-Bissau,GNB,1984,359980490.4939113,GW,Africa,1984-GW,1984
Guinea-Bissau,GNB,1985,373959151.0969037,GW,Africa,1985-GW,1984
Guinea-Bissau,GNB,1986,338524232.50821286,GW,Africa,1986-GW,1984
Guinea-Bissau,GNB,1987,451893374.92469996,GW,Africa,1987-GW,1984
Guinea-Bissau,GNB,1988,427514321.5534461,GW,Africa,1988-GW,1988
Guinea-Bissau,GNB,1989,554072302.8306955,GW,Africa,1989-GW,1988
Guinea-Bissau,GNB,1990,634187269.2,GW,Africa,1990-GW,1988
Guinea-Bissau,GNB,1991,668470890.0147798,GW,Africa,1991-GW,1988
Guinea-Bissau,GNB,1992,588309271.2291723,GW,Africa,1992-GW,1992
Guinea-Bissau,GNB,1993,615779519.0962882,GW,Africa,1993-GW,1992
Guinea-Bissau,GNB,1994,612502084.6428467,GW,Africa,1994-GW,1992
Guinea-Bissau,GNB,1995,660195401.9464025,GW,Africa,1995-GW,1992
Guinea-Bissau,GNB,1996,702965147.4518874,GW,Africa,1996-GW,1996
Guinea-Bissau,GNB,1997,698107222.4970064,GW,Africa,1997-GW,1996
Guinea-Bissau,GNB,1998,591034143.3442657,GW,Africa,1998-GW,1996
Guinea-Bissau,GNB,1999,579365780.1577654,GW,Africa,1999-GW,1996
Guinea-Bissau,GNB,2000,391345597.4678907,GW,Africa,2000-GW,2000
Guinea-Bissau,GNB,2001,412610871.49156547,GW,Africa,2001-GW,2000
Guinea-Bissau,GNB,2002,466773711.23407453,GW,Africa,2002-GW,2000
Guinea-Bissau,GNB,2003,553614800.1371366,GW,Africa,2003-GW,2000
Guinea-Bissau,GNB,2004,582169841.2752979,GW,Africa,2004-GW,2004
Guinea-Bissau,GNB,2005,639776040.6241124,GW,Africa,2005-GW,2004
Guinea-Bissau,GNB,2006,634781901.2834066,GW,Africa,2006-GW,2004
Guinea-Bissau,GNB,2007,753162998.0601367,GW,Africa,2007-GW,2004
Guinea-Bissau,GNB,2008,952667543.9646742,GW,Africa,2008-GW,2008
Guinea-Bissau,GNB,2009,890167833.3658751,GW,Africa,2009-GW,2008
Guinea-Bissau,GNB,2010,940112538.9641787,GW,Africa,2010-GW,2008
Guinea-Bissau,GNB,2011,1157074319.1117527,GW,Africa,2011-GW,2008
Guinea-Bissau,GNB,2012,1049412177.0757296,GW,Africa,2012-GW,2012
Guinea-Bissau,GNB,2013,1109682824.1367562,GW,Africa,2013-GW,2012
Guinea-Bissau,GNB,2014,1135250721.0248423,GW,Africa,2014-GW,2012
Guinea-Bissau,GNB,2015,1152384166.796375,GW,Africa,2015-GW,2012
Guinea-Bissau,GNB,2016,1245074264.1039608,GW,Africa,2016-GW,2016
Guinea-Bissau,GNB,2017,1469978606.1214306,GW,Africa,2017-GW,2016
Guinea-Bissau,GNB,2018,1554133593.9169855,GW,Africa,2018-GW,2016
Guinea-Bissau,GNB,2019,1486476582.0675912,GW,Africa,2019-GW,2016
Guinea-Bissau,GNB,2020,1520479984.5680752,GW,Africa,2020-GW,2020
Guinea-Bissau,GNB,2021,1724555634.365944,GW,Africa,2021-GW,2020
Guinea-Bissau,GNB,2022,1714166526.4457347,GW,Africa,2022-GW,2020
Guinea-Bissau,GNB,2023,1966461400.3583264,GW,Africa,2023-GW,2020
Guyana,GUY,1960,170216241.12606385,GY,South America,1960-GY,1960
Guyana,GUY,1961,185849535.37616155,GY,South America,1961-GY,1960
Guyana,GUY,1962,194949512.62621844,GY,South America,1962-GY,1960
Guyana,GUY,1963,175757893.93859848,GY,South America,1963-GY,1960
Guyana,GUY,1964,194774513.06371734,GY,South America,1964-GY,1964
Guyana,GUY,1965,213235294.11764705,GY,South America,1965-GY,1964
Guyana,GUY,1966,228705882.3529412,GY,South America,1966-GY,1964
Guyana,GUY,1967,250176470.5882353,GY,South America,1967-GY,1964
Guyana,GUY,1968,229750000,GY,South America,1968-GY,1968
Guyana,GUY,1969,249300000,GY,South America,1969-GY,1968
Guyana,GUY,1970,267800000,GY,South America,1970-GY,1968
Guyana,GUY,1971,282050000,GY,South America,1971-GY,1968
Guyana,GUY,1972,285380952.38095236,GY,South America,1972-GY,1972
Guyana,GUY,1973,307047619.04761904,GY,South America,1973-GY,1972
Guyana,GUY,1974,433954545.45454544,GY,South America,1974-GY,1972
Guyana,GUY,1975,494791666.6666667,GY,South America,1975-GY,1972
Guyana,GUY,1976,454440000,GY,South America,1976-GY,1976
Guyana,GUY,1977,449880000,GY,South America,1977-GY,1976
Guyana,GUY,1978,507080000,GY,South America,1978-GY,1976
Guyana,GUY,1979,530440000,GY,South America,1979-GY,1976
Guyana,GUY,1980,603200000,GY,South America,1980-GY,1980
Guyana,GUY,1981,570357107.1428572,GY,South America,1981-GY,1980
Guyana,GUY,1982,482000000,GY,South America,1982-GY,1980
Guyana,GUY,1983,489333333.3333333,GY,South America,1983-GY,1980
Guyana,GUY,1984,437631605.2631579,GY,South America,1984-GY,1984
Guyana,GUY,1985,453488372.0930233,GY,South America,1985-GY,1984
Guyana,GUY,1986,504651139.53488374,GY,South America,1986-GY,1984
Guyana,GUY,1987,354591846.9387755,GY,South America,1987-GY,1984
Guyana,GUY,1988,413799990,GY,South America,1988-GY,1988
Guyana,GUY,1989,379779389.7058824,GY,South America,1989-GY,1988
Guyana,GUY,1990,396582263.29113925,GY,South America,1990-GY,1988
Guyana,GUY,1991,348533094.8121646,GY,South America,1991-GY,1988
Guyana,GUY,1992,373573141.48681056,GY,South America,1992-GY,1992
Guyana,GUY,1993,454101382.4884793,GY,South America,1993-GY,1992
Guyana,GUY,1994,540874934.2010123,GY,South America,1994-GY,1992
Guyana,GUY,1995,621626785.9,GY,South America,1995-GY,1992
Guyana,GUY,1996,705406001.4245014,GY,South America,1996-GY,1996
Guyana,GUY,1997,749138009.5645396,GY,South America,1997-GY,1996
Guyana,GUY,1998,717530683.1695666,GY,South America,1998-GY,1996
Guyana,GUY,1999,694754988.3,GY,South America,1999-GY,1996
Guyana,GUY,2000,712667896.7275119,GY,South America,2000-GY,2000
Guyana,GUY,2001,712167450.1628977,GY,South America,2001-GY,2000
Guyana,GUY,2002,726131434.7153385,GY,South America,2002-GY,2000
Guyana,GUY,2003,743063950.3,GY,South America,2003-GY,2000
Guyana,GUY,2004,787814379.1838433,GY,South America,2004-GY,2004
Guyana,GUY,2005,824880550.3439649,GY,South America,2005-GY,2004
Guyana,GUY,2006,2379817990.6917953,GY,South America,2006-GY,2004
Guyana,GUY,2007,2730971595.395737,GY,South America,2007-GY,2004
Guyana,GUY,2008,3025187433.3363686,GY,South America,2008-GY,2008
Guyana,GUY,2009,3165663152.7335134,GY,South America,2009-GY,2008
Guyana,GUY,2010,3432912516.9242687,GY,South America,2010-GY,2008
Guyana,GUY,2011,3691384317.521781,GY,South America,2011-GY,2008
Guyana,GUY,2012,4063088535.7633057,GY,South America,2012-GY,2012
Guyana,GUY,2013,4167800929,GY,South America,2013-GY,2012
Guyana,GUY,2014,4127660151.808702,GY,South America,2014-GY,2012
Guyana,GUY,2015,4279840193.7046003,GY,South America,2015-GY,2012
Guyana,GUY,2016,4482697336.561744,GY,South America,2016-GY,2016
Guyana,GUY,2017,4748174334.140436,GY,South America,2017-GY,2016
Guyana,GUY,2018,4787636997.853427,GY,South America,2018-GY,2016
Guyana,GUY,2019,5173760191.846522,GY,South America,2019-GY,2016
Guyana,GUY,2020,5471256595,GY,South America,2020-GY,2020
Guyana,GUY,2021,8041362110,GY,South America,2021-GY,2020
Guyana,GUY,2022,14718388489.208633,GY,South America,2022-GY,2020
Guyana,GUY,2023,16786302158.273382,GY,South America,2023-GY,2020
Haiti,HTI,1960,273187200,HT,North America,1960-HT,1960
Haiti,HTI,1961,271066000,HT,North America,1961-HT,1960
Haiti,HTI,1962,281896800,HT,North America,1962-HT,1960
Haiti,HTI,1963,294883400,HT,North America,1963-HT,1960
Haiti,HTI,1964,325281200,HT,North America,1964-HT,1964
Haiti,HTI,1965,353251800,HT,North America,1965-HT,1964
Haiti,HTI,1966,368948600,HT,North America,1966-HT,1964
Haiti,HTI,1967,369124200,HT,North America,1967-HT,1964
Haiti,HTI,1968,367968800,HT,North America,1968-HT,1968
Haiti,HTI,1969,391820400,HT,North America,1969-HT,1968
Haiti,HTI,1970,331200000,HT,North America,1970-HT,1968
Haiti,HTI,1971,362800000,HT,North America,1971-HT,1968
Haiti,HTI,1972,371998958.40291643,HT,North America,1972-HT,1972
Haiti,HTI,1973,466798973.04225934,HT,North America,1973-HT,1972
Haiti,HTI,1974,565399321.5208142,HT,North America,1974-HT,1972
Haiti,HTI,1975,681400000,HT,North America,1975-HT,1972
Haiti,HTI,1976,879000000,HT,North America,1976-HT,1976
Haiti,HTI,1977,947000000,HT,North America,1977-HT,1976
Haiti,HTI,1978,974200000,HT,North America,1978-HT,1976
Haiti,HTI,1979,1080600000,HT,North America,1979-HT,1976
Haiti,HTI,1980,1383800000,HT,North America,1980-HT,1980
Haiti,HTI,1981,1479400000,HT,North America,1981-HT,1980
Haiti,HTI,1982,1474200000,HT,North America,1982-HT,1980
Haiti,HTI,1983,1623600000,HT,North America,1983-HT,1980
Haiti,HTI,1984,1816200000,HT,North America,1984-HT,1984
Haiti,HTI,1985,2009400000,HT,North America,1985-HT,1984
Haiti,HTI,1986,2318000000,HT,North America,1986-HT,1984
Haiti,HTI,1987,2047200000,HT,North America,1987-HT,1984
Haiti,HTI,1988,2613926800,HT,North America,1988-HT,1988
Haiti,HTI,1989,2736243800,HT,North America,1989-HT,1988
Haiti,HTI,1990,3096289800,HT,North America,1990-HT,1988
Haiti,HTI,1991,3473562627.794227,HT,North America,1991-HT,1988
Haiti,HTI,1992,2257129791.615749,HT,North America,1992-HT,1992
Haiti,HTI,1993,1878253767.3130486,HT,North America,1993-HT,1992
Haiti,HTI,1994,2167569046.1183734,HT,North America,1994-HT,1992
Haiti,HTI,1995,2813313278.8108196,HT,North America,1995-HT,1992
Haiti,HTI,1996,2907517603.767188,HT,North America,1996-HT,1996
Haiti,HTI,1997,3338949151.599272,HT,North America,1997-HT,1996
Haiti,HTI,1998,3723903723.637718,HT,North America,1998-HT,1996
Haiti,HTI,1999,4153725883.8408227,HT,North America,1999-HT,1996
Haiti,HTI,2000,6813566098.867498,HT,North America,2000-HT,2000
Haiti,HTI,2001,6331970324.310222,HT,North America,2001-HT,2000
Haiti,HTI,2002,6205847213.635101,HT,North America,2002-HT,2000
Haiti,HTI,2003,5071947798.272632,HT,North America,2003-HT,2000
Haiti,HTI,2004,6087360684,HT,North America,2004-HT,2004
Haiti,HTI,2005,7030149730.336923,HT,North America,2005-HT,2004
Haiti,HTI,2006,7638739122.672419,HT,North America,2006-HT,2004
Haiti,HTI,2007,9228637768,HT,North America,2007-HT,2004
Haiti,HTI,2008,10432962634.874826,HT,North America,2008-HT,2008
Haiti,HTI,2009,11597002834.778614,HT,North America,2009-HT,2008
Haiti,HTI,2010,11859312725.144835,HT,North America,2010-HT,2008
Haiti,HTI,2011,13008746039,HT,North America,2011-HT,2008
Haiti,HTI,2012,13708925477.130407,HT,North America,2012-HT,2012
Haiti,HTI,2013,14902488604.242088,HT,North America,2013-HT,2012
Haiti,HTI,2014,15146883497.633091,HT,North America,2014-HT,2012
Haiti,HTI,2015,14849629308.602478,HT,North America,2015-HT,2012
Haiti,HTI,2016,14069277526.227812,HT,North America,2016-HT,2016
Haiti,HTI,2017,15093357161.149847,HT,North America,2017-HT,2016
Haiti,HTI,2018,16403864617.84576,HT,North America,2018-HT,2016
Haiti,HTI,2019,15016090929.512514,HT,North America,2019-HT,2016
Haiti,HTI,2020,14508222518.301786,HT,North America,2020-HT,2020
Haiti,HTI,2021,20877414952.63745,HT,North America,2021-HT,2020
Haiti,HTI,2022,20253551920.551617,HT,North America,2022-HT,2020
Haiti,HTI,2023,19850829757.747147,HT,North America,2023-HT,2020
Honduras,HND,1960,335650000,HN,North America,1960-HN,1960
Honduras,HND,1961,356200000,HN,North America,1961-HN,1960
Honduras,HND,1962,387750000,HN,North America,1962-HN,1960
Honduras,HND,1963,410200000,HN,North America,1963-HN,1960
Honduras,HND,1964,457000000,HN,North America,1964-HN,1964
Honduras,HND,1965,508650000,HN,North America,1965-HN,1964
Honduras,HND,1966,549950000,HN,North America,1966-HN,1964
Honduras,HND,1967,598100000,HN,North America,1967-HN,1964
Honduras,HND,1968,646800000,HN,North America,1968-HN,1968
Honduras,HND,1969,668000050,HN,North America,1969-HN,1968
Honduras,HND,1970,723000000,HN,North America,1970-HN,1968
Honduras,HND,1971,731000000,HN,North America,1971-HN,1968
Honduras,HND,1972,802996336.5164857,HN,North America,1972-HN,1972
Honduras,HND,1973,912499493.7502531,HN,North America,1973-HN,1972
Honduras,HND,1974,1034500000,HN,North America,1974-HN,1972
Honduras,HND,1975,1124000000,HN,North America,1975-HN,1972
Honduras,HND,1976,1347999950,HN,North America,1976-HN,1976
Honduras,HND,1977,1669499950,HN,North America,1977-HN,1976
Honduras,HND,1978,3097242093,HN,North America,1978-HN,1976
Honduras,HND,1979,3544281976,HN,North America,1979-HN,1976
Honduras,HND,1980,3968160046,HN,North America,1980-HN,1980
Honduras,HND,1981,4043894879,HN,North America,1981-HN,1980
Honduras,HND,1982,4266503526,HN,North America,1982-HN,1980
Honduras,HND,1983,4476697184.849999,HN,North America,1983-HN,1980
Honduras,HND,1984,4915311847,HN,North America,1984-HN,1984
Honduras,HND,1985,5278120713,HN,North America,1985-HN,1984
Honduras,HND,1986,5677828959,HN,North America,1986-HN,1984
Honduras,HND,1987,6190521242,HN,North America,1987-HN,1984
Honduras,HND,1988,5902717091.416308,HN,North America,1988-HN,1988
Honduras,HND,1989,5432344901.724138,HN,North America,1989-HN,1988
Honduras,HND,1990,4923009552,HN,North America,1990-HN,1988
Honduras,HND,1991,4648668478.567533,HN,North America,1991-HN,1988
Honduras,HND,1992,4943700431.073683,HN,North America,1992-HN,1992
Honduras,HND,1993,4926728932.950691,HN,North America,1993-HN,1992
Honduras,HND,1994,4642280682.142518,HN,North America,1994-HN,1992
Honduras,HND,1995,5347445005.213764,HN,North America,1995-HN,1992
Honduras,HND,1996,5215028986.486486,HN,North America,1996-HN,1996
Honduras,HND,1997,5737099650.190114,HN,North America,1997-HN,1996
Honduras,HND,1998,6366340265.878878,HN,North America,1998-HN,1996
Honduras,HND,1999,6414520529.616725,HN,North America,1999-HN,1996
Honduras,HND,2000,7186638029.058749,HN,North America,2000-HN,2000
Honduras,HND,2001,7651162302.345604,HN,North America,2001-HN,2000
Honduras,HND,2002,7858255412.860379,HN,North America,2002-HN,2000
Honduras,HND,2003,8230391346.672281,HN,North America,2003-HN,2000
Honduras,HND,2004,8869299234.337696,HN,North America,2004-HN,2004
Honduras,HND,2005,9757012696.562117,HN,North America,2005-HN,2004
Honduras,HND,2006,10917477066.142908,HN,North America,2006-HN,2004
Honduras,HND,2007,12361257680.562687,HN,North America,2007-HN,2004
Honduras,HND,2008,13881731875.746613,HN,North America,2008-HN,2008
Honduras,HND,2009,14587496229.18111,HN,North America,2009-HN,2008
Honduras,HND,2010,15839344591.984165,HN,North America,2010-HN,2008
Honduras,HND,2011,17710275685.407448,HN,North America,2011-HN,2008
Honduras,HND,2012,18528554397.56951,HN,North America,2012-HN,2012
Honduras,HND,2013,18499729214.904022,HN,North America,2013-HN,2012
Honduras,HND,2014,19756533971.869846,HN,North America,2014-HN,2012
Honduras,HND,2015,20979791685.416042,HN,North America,2015-HN,2012
Honduras,HND,2016,21717604952.183525,HN,North America,2016-HN,2016
Honduras,HND,2017,23136247990.597725,HN,North America,2017-HN,2016
Honduras,HND,2018,24067750760.49897,HN,North America,2018-HN,2016
Honduras,HND,2019,24882225741.811867,HN,North America,2019-HN,2016
Honduras,HND,2020,23352232483.75501,HN,North America,2020-HN,2020
Honduras,HND,2021,28144331506.614887,HN,North America,2021-HN,2020
Honduras,HND,2022,31426041806.798485,HN,North America,2022-HN,2020
Honduras,HND,2023,34400509852.04365,HN,North America,2023-HN,2020
"Hong Kong SAR, China",HKG,1960,1320796651.694569,HK,Asia,1960-HK,1960
"Hong Kong SAR, China",HKG,1961,1383681651.1377556,HK,Asia,1961-HK,1960
"Hong Kong SAR, China",HKG,1962,1612346412.2647462,HK,Asia,1962-HK,1960
"Hong Kong SAR, China",HKG,1963,1935298266,HK,Asia,1963-HK,1960
"Hong Kong SAR, China",HKG,1964,2206466461.264338,HK,Asia,1964-HK,1964
"Hong Kong SAR, China",HKG,1965,2435078534.0314136,HK,Asia,1965-HK,1964
"Hong Kong SAR, China",HKG,1966,2489845016.6489425,HK,Asia,1966-HK,1964
"Hong Kong SAR, China",HKG,1967,2692474989.125707,HK,Asia,1967-HK,1964
"Hong Kong SAR, China",HKG,1968,2716964388.424184,HK,Asia,1968-HK,1968
"Hong Kong SAR, China",HKG,1969,3189740055.1398187,HK,Asia,1969-HK,1968
"Hong Kong SAR, China",HKG,1970,3800766535.6208773,HK,Asia,1970-HK,1968
"Hong Kong SAR, China",HKG,1971,4476001946.014864,HK,Asia,1971-HK,1968
"Hong Kong SAR, China",HKG,1972,5710090213.150349,HK,Asia,1972-HK,1972
"Hong Kong SAR, China",HKG,1973,8030117555.620325,HK,Asia,1973-HK,1972
"Hong Kong SAR, China",HKG,1974,9388695366.845781,HK,Asia,1974-HK,1972
"Hong Kong SAR, China",HKG,1975,10048089558.063587,HK,Asia,1975-HK,1972
"Hong Kong SAR, China",HKG,1976,12876366009,HK,Asia,1976-HK,1976
"Hong Kong SAR, China",HKG,1977,15719433719.43372,HK,Asia,1977-HK,1976
"Hong Kong SAR, China",HKG,1978,18315136409.142666,HK,Asia,1978-HK,1976
"Hong Kong SAR, China",HKG,1979,22526184533.17001,HK,Asia,1979-HK,1976
"Hong Kong SAR, China",HKG,1980,28861857810.65147,HK,Asia,1980-HK,1980
"Hong Kong SAR, China",HKG,1981,31055226088.694305,HK,Asia,1981-HK,1980
"Hong Kong SAR, China",HKG,1982,32291215843.64333,HK,Asia,1982-HK,1980
"Hong Kong SAR, China",HKG,1983,29907227184.178974,HK,Asia,1983-HK,1980
"Hong Kong SAR, China",HKG,1984,33511383985.674088,HK,Asia,1984-HK,1984
"Hong Kong SAR, China",HKG,1985,35699772165.709335,HK,Asia,1985-HK,1984
"Hong Kong SAR, China",HKG,1986,41075396884.89521,HK,Asia,1986-HK,1984
"Hong Kong SAR, China",HKG,1987,50622896162.60058,HK,Asia,1987-HK,1984
"Hong Kong SAR, China",HKG,1988,59707404560.59441,HK,Asia,1988-HK,1988
"Hong Kong SAR, China",HKG,1989,68790219177.97331,HK,Asia,1989-HK,1988
"Hong Kong SAR, China",HKG,1990,76928784620.81581,HK,Asia,1990-HK,1988
"Hong Kong SAR, China",HKG,1991,88959997899.92932,HK,Asia,1991-HK,1988
"Hong Kong SAR, China",HKG,1992,104272507639.28247,HK,Asia,1992-HK,1992
"Hong Kong SAR, China",HKG,1993,120354212475.00026,HK,Asia,1993-HK,1992
"Hong Kong SAR, China",HKG,1994,135811771026.33049,HK,Asia,1994-HK,1992
"Hong Kong SAR, China",HKG,1995,144652295363.66672,HK,Asia,1995-HK,1992
"Hong Kong SAR, China",HKG,1996,159718183550.73416,HK,Asia,1996-HK,1996
"Hong Kong SAR, China",HKG,1997,177353174849.7142,HK,Asia,1997-HK,1996
"Hong Kong SAR, China",HKG,1998,168885443660.07248,HK,Asia,1998-HK,1996
"Hong Kong SAR, China",HKG,1999,165768095391.55655,HK,Asia,1999-HK,1996
"Hong Kong SAR, China",HKG,2000,171668891194.3487,HK,Asia,2000-HK,2000
"Hong Kong SAR, China",HKG,2001,169404327616.60522,HK,Asia,2001-HK,2000
"Hong Kong SAR, China",HKG,2002,166348866131.0282,HK,Asia,2002-HK,2000
"Hong Kong SAR, China",HKG,2003,161385558801.8108,HK,Asia,2003-HK,2000
"Hong Kong SAR, China",HKG,2004,169099768875.1926,HK,Asia,2004-HK,2004
"Hong Kong SAR, China",HKG,2005,181569311742.21292,HK,Asia,2005-HK,2004
"Hong Kong SAR, China",HKG,2006,193535442896.36505,HK,Asia,2006-HK,2004
"Hong Kong SAR, China",HKG,2007,211596944503.79977,HK,Asia,2007-HK,2004
"Hong Kong SAR, China",HKG,2008,219278749139.7337,HK,Asia,2008-HK,2008
"Hong Kong SAR, China",HKG,2009,214047795659.0447,HK,Asia,2009-HK,2008
"Hong Kong SAR, China",HKG,2010,228638668727.29083,HK,Asia,2010-HK,2008
"Hong Kong SAR, China",HKG,2011,248513617677.28674,HK,Asia,2011-HK,2008
"Hong Kong SAR, China",HKG,2012,262628865879.69678,HK,Asia,2012-HK,2012
"Hong Kong SAR, China",HKG,2013,275696879834.9665,HK,Asia,2013-HK,2012
"Hong Kong SAR, China",HKG,2014,291459995978.8927,HK,Asia,2014-HK,2012
"Hong Kong SAR, China",HKG,2015,309385622601.3481,HK,Asia,2015-HK,2012
"Hong Kong SAR, China",HKG,2016,320860317562.5624,HK,Asia,2016-HK,2016
"Hong Kong SAR, China",HKG,2017,341273289534.46594,HK,Asia,2017-HK,2016
"Hong Kong SAR, China",HKG,2018,361731070995.72626,HK,Asia,2018-HK,2016
"Hong Kong SAR, China",HKG,2019,363074545072.3891,HK,Asia,2019-HK,2016
"Hong Kong SAR, China",HKG,2020,344943149590.0583,HK,Asia,2020-HK,2020
"Hong Kong SAR, China",HKG,2021,368954169748.81805,HK,Asia,2021-HK,2020
"Hong Kong SAR, China",HKG,2022,358696261481.1598,HK,Asia,2022-HK,2020
"Hong Kong SAR, China",HKG,2023,382054574298.52905,HK,Asia,2023-HK,2020
Hungary,HUN,1968,4870283626.180433,HU,Europe,1968-HU,1968
Hungary,HUN,1969,5412100260.1730995,HU,Europe,1969-HU,1968
Hungary,HUN,1970,5762071728.1237335,HU,Europe,1970-HU,1968
Hungary,HUN,1971,6271045034.468295,HU,Europe,1971-HU,1968
Hungary,HUN,1972,7355242314.224068,HU,Europe,1972-HU,1972
Hungary,HUN,1973,9108483160.503698,HU,Europe,1973-HU,1972
Hungary,HUN,1974,9983664739,HU,Europe,1974-HU,1972
Hungary,HUN,1975,11383139029.43452,HU,Europe,1975-HU,1972
Hungary,HUN,1976,13192437321.244184,HU,Europe,1976-HU,1976
Hungary,HUN,1977,14735449496.728897,HU,Europe,1977-HU,1976
Hungary,HUN,1978,17230354544.824234,HU,Europe,1978-HU,1976
Hungary,HUN,1979,19894622393.194042,HU,Europe,1979-HU,1976
Hungary,HUN,1980,23041569234.97921,HU,Europe,1980-HU,1980
Hungary,HUN,1981,23628554956.605247,HU,Europe,1981-HU,1980
Hungary,HUN,1982,24062916721.31206,HU,Europe,1982-HU,1980
Hungary,HUN,1983,21838893330.60519,HU,Europe,1983-HU,1980
Hungary,HUN,1984,21173432184.871105,HU,Europe,1984-HU,1984
Hungary,HUN,1985,21440475719.858223,HU,Europe,1985-HU,1984
Hungary,HUN,1986,24697337084.10124,HU,Europe,1986-HU,1984
Hungary,HUN,1987,27143185297,HU,Europe,1987-HU,1984
Hungary,HUN,1988,29702631093.881485,HU,Europe,1988-HU,1988
Hungary,HUN,1989,30323270274.405884,HU,Europe,1989-HU,1988
Hungary,HUN,1990,34365891768.68776,HU,Europe,1990-HU,1988
Hungary,HUN,1991,34753569692.91496,HU,Europe,1991-HU,1988
Hungary,HUN,1992,38730585922.218864,HU,Europe,1992-HU,1992
Hungary,HUN,1993,40124916940.59447,HU,Europe,1993-HU,1992
Hungary,HUN,1994,43166678735.21832,HU,Europe,1994-HU,1992
Hungary,HUN,1995,46425677734.14352,HU,Europe,1995-HU,1992
Hungary,HUN,1996,46658755152,HU,Europe,1996-HU,1996
Hungary,HUN,1997,47296952928.75605,HU,Europe,1997-HU,1996
Hungary,HUN,1998,48706787306.25736,HU,Europe,1998-HU,1996
Hungary,HUN,1999,49073380173.71591,HU,Europe,1999-HU,1996
Hungary,HUN,2000,47218405892.42581,HU,Europe,2000-HU,2000
Hungary,HUN,2001,53749989092.01972,HU,Europe,2001-HU,2000
Hungary,HUN,2002,67608919144.368355,HU,Europe,2002-HU,2000
Hungary,HUN,2003,85285062818.00766,HU,Europe,2003-HU,2000
Hungary,HUN,2004,104120820258.66873,HU,Europe,2004-HU,2004
Hungary,HUN,2005,113211158292.9365,HU,Europe,2005-HU,2004
Hungary,HUN,2006,115715618613.05196,HU,Europe,2006-HU,2004
Hungary,HUN,2007,140186716681.42496,HU,Europe,2007-HU,2004
Hungary,HUN,2008,1.58326E+11,HU,Europe,2008-HU,2008
Hungary,HUN,2009,131069255620.56659,HU,Europe,2009-HU,2008
Hungary,HUN,2010,132175349953.71332,HU,Europe,2010-HU,2008
Hungary,HUN,2011,141942264554.47513,HU,Europe,2011-HU,2008
Hungary,HUN,2012,128814279315.1317,HU,Europe,2012-HU,2012
Hungary,HUN,2013,135684315697.71341,HU,Europe,2013-HU,2012
Hungary,HUN,2014,141033843265.66858,HU,Europe,2014-HU,2012
Hungary,HUN,2015,125174166987.37169,HU,Europe,2015-HU,2012
Hungary,HUN,2016,128609822750.03862,HU,Europe,2016-HU,2016
Hungary,HUN,2017,143112196040.32568,HU,Europe,2017-HU,2016
Hungary,HUN,2018,160565642983.58676,HU,Europe,2018-HU,2016
Hungary,HUN,2019,164020460331.65897,HU,Europe,2019-HU,2016
Hungary,HUN,2020,157288955508.17633,HU,Europe,2020-HU,2020
Hungary,HUN,2021,182109999477.69073,HU,Europe,2021-HU,2020
Hungary,HUN,2022,177006128624.62692,HU,Europe,2022-HU,2020
Hungary,HUN,2023,212388906458.72394,HU,Europe,2023-HU,2020
Iceland,ISL,1960,252169712.04212478,IS,Europe,1960-IS,1960
Iceland,ISL,1961,257703244.55999702,IS,Europe,1961-IS,1960
Iceland,ISL,1962,289200704.3825417,IS,Europe,1962-IS,1960
Iceland,ISL,1963,345175036.09055525,IS,Europe,1963-IS,1960
Iceland,ISL,1964,440797869.28226596,IS,Europe,1964-IS,1964
Iceland,ISL,1965,531569563.88859105,IS,Europe,1965-IS,1964
Iceland,ISL,1966,638349755.2219319,IS,Europe,1966-IS,1964
Iceland,ISL,1967,630567115.7907317,IS,Europe,1967-IS,1964
Iceland,ISL,1968,481532847.5905867,IS,Europe,1968-IS,1968
Iceland,ISL,1969,420945147.6309565,IS,Europe,1969-IS,1968
Iceland,ISL,1970,526704545.45454544,IS,Europe,1970-IS,1968
Iceland,ISL,1971,670251136.3636364,IS,Europe,1971-IS,1968
Iceland,ISL,1972,839652164.0607296,IS,Europe,1972-IS,1972
Iceland,ISL,1973,1154440252.9679353,IS,Europe,1973-IS,1972
Iceland,ISL,1974,1515190595.2976487,IS,Europe,1974-IS,1972
Iceland,ISL,1975,1406875081.327261,IS,Europe,1975-IS,1972
Iceland,ISL,1976,1669488389.965417,IS,Europe,1976-IS,1976
Iceland,ISL,1977,2208509076.2809877,IS,Europe,1977-IS,1976
Iceland,ISL,1978,2511826196,IS,Europe,1978-IS,1976
Iceland,ISL,1979,2853435053.8854227,IS,Europe,1979-IS,1976
Iceland,ISL,1980,3381419251.2923126,IS,Europe,1980-IS,1980
Iceland,ISL,1981,3492997010.049556,IS,Europe,1981-IS,1980
Iceland,ISL,1982,3206626644.537101,IS,Europe,1982-IS,1980
Iceland,ISL,1983,2765950335.7109504,IS,Europe,1983-IS,1980
Iceland,ISL,1984,2864441387.405068,IS,Europe,1984-IS,1984
Iceland,ISL,1985,2984052356.550712,IS,Europe,1985-IS,1984
Iceland,ISL,1986,3989622739.2821174,IS,Europe,1986-IS,1984
Iceland,ISL,1987,5520318404.641495,IS,Europe,1987-IS,1984
Iceland,ISL,1988,6106635816.2458725,IS,Europe,1988-IS,1988
Iceland,ISL,1989,5672569449.070682,IS,Europe,1989-IS,1988
Iceland,ISL,1990,6468736355.556776,IS,Europe,1990-IS,1988
Iceland,ISL,1991,6909730288.170614,IS,Europe,1991-IS,1988
Iceland,ISL,1992,7080981738.056056,IS,Europe,1992-IS,1992
Iceland,ISL,1993,6218581531.643473,IS,Europe,1993-IS,1992
Iceland,ISL,1994,6389460342.786556,IS,Europe,1994-IS,1992
Iceland,ISL,1995,7123633418.197389,IS,Europe,1995-IS,1992
Iceland,ISL,1996,7426082270.676692,IS,Europe,1996-IS,1996
Iceland,ISL,1997,7569672925.337391,IS,Europe,1997-IS,1996
Iceland,ISL,1998,8503693098.622713,IS,Europe,1998-IS,1996
Iceland,ISL,1999,8982047589.489502,IS,Europe,1999-IS,1996
Iceland,ISL,2000,9025660362,IS,Europe,2000-IS,2000
Iceland,ISL,2001,8234846804.605819,IS,Europe,2001-IS,2000
Iceland,ISL,2002,9318395054.859337,IS,Europe,2002-IS,2000
Iceland,ISL,2003,11429333037.84432,IS,Europe,2003-IS,2000
Iceland,ISL,2004,13825302536,IS,Europe,2004-IS,2004
Iceland,ISL,2005,16852963067.049637,IS,Europe,2005-IS,2004
Iceland,ISL,2006,17465318552.294098,IS,Europe,2006-IS,2004
Iceland,ISL,2007,21652505596.75279,IS,Europe,2007-IS,2004
Iceland,ISL,2008,18074622987.01845,IS,Europe,2008-IS,2008
Iceland,ISL,2009,13154414219.206978,IS,Europe,2009-IS,2008
Iceland,ISL,2010,13751161917.739773,IS,Europe,2010-IS,2008
Iceland,ISL,2011,15221622925.931889,IS,Europe,2011-IS,2008
Iceland,ISL,2012,14751508133.544277,IS,Europe,2012-IS,2012
Iceland,ISL,2013,16125060515.31174,IS,Europe,2013-IS,2012
Iceland,ISL,2014,17867662177.89113,IS,Europe,2014-IS,2012
Iceland,ISL,2015,17517210519.091156,IS,Europe,2015-IS,2012
Iceland,ISL,2016,20793168030.952427,IS,Europe,2016-IS,2016
Iceland,ISL,2017,24728285177.460316,IS,Europe,2017-IS,2016
Iceland,ISL,2018,26260850582.06868,IS,Europe,2018-IS,2016
Iceland,ISL,2019,24681343649.29519,IS,Europe,2019-IS,2016
Iceland,ISL,2020,21629953194.065945,IS,Europe,2020-IS,2020
Iceland,ISL,2021,25797870984,IS,Europe,2021-IS,2020
Iceland,ISL,2022,28701830401.683697,IS,Europe,2022-IS,2020
Iceland,ISL,2023,31020032583.197216,IS,Europe,2023-IS,2020
India,IND,1960,37029883876.183876,IN,Asia,1960-IN,1960
India,IND,1961,39232435784.03579,IN,Asia,1961-IN,1960
India,IND,1962,42161481858.08186,IN,Asia,1962-IN,1960
India,IND,1963,48421923459.12346,IN,Asia,1963-IN,1960
India,IND,1964,56480289940.989944,IN,Asia,1964-IN,1964
India,IND,1965,59556105229.00523,IN,Asia,1965-IN,1964
India,IND,1966,45581230504.07104,IN,Asia,1966-IN,1964
India,IND,1967,50134942204,IN,Asia,1967-IN,1964
India,IND,1968,53085455870.666664,IN,Asia,1968-IN,1968
India,IND,1969,58447995017.333336,IN,Asia,1969-IN,1968
India,IND,1970,62422483054.666664,IN,Asia,1970-IN,1968
India,IND,1971,67351404351.83296,IN,Asia,1971-IN,1968
India,IND,1972,71464700666.98688,IN,Asia,1972-IN,1972
India,IND,1973,85517673172.55133,IN,Asia,1973-IN,1972
India,IND,1974,99526597933.63312,IN,Asia,1974-IN,1972
India,IND,1975,98473832017.32423,IN,Asia,1975-IN,1972
India,IND,1976,102716451979.68039,IN,Asia,1976-IN,1976
India,IND,1977,121486641441.3093,IN,Asia,1977-IN,1976
India,IND,1978,137302319828.99506,IN,Asia,1978-IN,1976
India,IND,1979,152995442497.70932,IN,Asia,1979-IN,1976
India,IND,1980,186328579302.06827,IN,Asia,1980-IN,1980
India,IND,1981,193491368445.57254,IN,Asia,1981-IN,1980
India,IND,1982,200715624830.9017,IN,Asia,1982-IN,1980
India,IND,1983,218262146413.1575,IN,Asia,1983-IN,1980
India,IND,1984,212157645177.6516,IN,Asia,1984-IN,1984
India,IND,1985,232511554840.37195,IN,Asia,1985-IN,1984
India,IND,1986,248985994040.5897,IN,Asia,1986-IN,1984
India,IND,1987,279033584092.22345,IN,Asia,1987-IN,1984
India,IND,1988,2.9659E+11,IN,Asia,1988-IN,1988
India,IND,1989,296042052944.6598,IN,Asia,1989-IN,1988
India,IND,1990,320979026420.0351,IN,Asia,1990-IN,1988
India,IND,1991,270105341879.22638,IN,Asia,1991-IN,1988
India,IND,1992,288208070278.0129,IN,Asia,1992-IN,1992
India,IND,1993,279295648982.52924,IN,Asia,1993-IN,1992
India,IND,1994,3.27275E+11,IN,Asia,1994-IN,1992
India,IND,1995,360281909643.48914,IN,Asia,1995-IN,1992
India,IND,1996,392896866204.5158,IN,Asia,1996-IN,1996
India,IND,1997,415867563592.82904,IN,Asia,1997-IN,1996
India,IND,1998,421351317224.9413,IN,Asia,1998-IN,1996
India,IND,1999,458821052615.7898,IN,Asia,1999-IN,1996
India,IND,2000,468395521654.4579,IN,Asia,2000-IN,2000
India,IND,2001,485440139204.17053,IN,Asia,2001-IN,2000
India,IND,2002,514939140318.7556,IN,Asia,2002-IN,2000
India,IND,2003,607700687237.3179,IN,Asia,2003-IN,2000
India,IND,2004,709152728830.7745,IN,Asia,2004-IN,2004
India,IND,2005,820383763511.4454,IN,Asia,2005-IN,2004
India,IND,2006,940259888787.7214,IN,Asia,2006-IN,2004
India,IND,2007,1216736438834.9553,IN,Asia,2007-IN,2004
India,IND,2008,1198895139005.919,IN,Asia,2008-IN,2008
India,IND,2009,1341888016994.8982,IN,Asia,2009-IN,2008
India,IND,2010,1675615519484.959,IN,Asia,2010-IN,2008
India,IND,2011,1823051829895.1328,IN,Asia,2011-IN,2008
India,IND,2012,1827637590410.9526,IN,Asia,2012-IN,2012
India,IND,2013,1856721507621.4607,IN,Asia,2013-IN,2012
India,IND,2014,2039126479155.269,IN,Asia,2014-IN,2012
India,IND,2015,2103588360044.3894,IN,Asia,2015-IN,2012
India,IND,2016,2.2948E+12,IN,Asia,2016-IN,2016
India,IND,2017,2651474262755.592,IN,Asia,2017-IN,2016
India,IND,2018,2.70293E+12,IN,Asia,2018-IN,2016
India,IND,2019,2835606256558.8438,IN,Asia,2019-IN,2016
India,IND,2020,2674851578586.8647,IN,Asia,2020-IN,2020
India,IND,2021,3167270623260.5225,IN,Asia,2021-IN,2020
India,IND,2022,3353470496885.9478,IN,Asia,2022-IN,2020
India,IND,2023,3549918918777.5317,IN,Asia,2023-IN,2020
Indonesia,IDN,1967,5667756628,ID,Asia,1967-ID,1964
Indonesia,IDN,1968,7076465299.811411,ID,Asia,1968-ID,1968
Indonesia,IDN,1969,8337423312.883435,ID,Asia,1969-ID,1968
Indonesia,IDN,1970,9150684932,ID,Asia,1970-ID,1968
Indonesia,IDN,1971,9333536369.945675,ID,Asia,1971-ID,1968
Indonesia,IDN,1972,10997590361.445784,ID,Asia,1972-ID,1972
Indonesia,IDN,1973,16273253012.048193,ID,Asia,1973-ID,1972
Indonesia,IDN,1974,25802409638.55422,ID,Asia,1974-ID,1972
Indonesia,IDN,1975,30463855421.68675,ID,Asia,1975-ID,1972
Indonesia,IDN,1976,37269156626.50603,ID,Asia,1976-ID,1976
Indonesia,IDN,1977,45808915662.650604,ID,Asia,1977-ID,1976
Indonesia,IDN,1978,51455719075.825424,ID,Asia,1978-ID,1976
Indonesia,IDN,1979,51400186342.88893,ID,Asia,1979-ID,1976
Indonesia,IDN,1980,72482337397.44394,ID,Asia,1980-ID,1980
Indonesia,IDN,1981,85518233419.04785,ID,Asia,1981-ID,1980
Indonesia,IDN,1982,90158449294.99205,ID,Asia,1982-ID,1980
Indonesia,IDN,1983,81052283383.71552,ID,Asia,1983-ID,1980
Indonesia,IDN,1984,84853700027.65103,ID,Asia,1984-ID,1984
Indonesia,IDN,1985,85289488375.44347,ID,Asia,1985-ID,1984
Indonesia,IDN,1986,79954072544.52792,ID,Asia,1986-ID,1984
Indonesia,IDN,1987,75929617557.75212,ID,Asia,1987-ID,1984
Indonesia,IDN,1988,84300174485.79732,ID,Asia,1988-ID,1988
Indonesia,IDN,1989,94451427876.66281,ID,Asia,1989-ID,1988
Indonesia,IDN,1990,106140727333.63564,ID,Asia,1990-ID,1988
Indonesia,IDN,1991,116621996217.1334,ID,Asia,1991-ID,1988
Indonesia,IDN,1992,128026966579.96375,ID,Asia,1992-ID,1992
Indonesia,IDN,1993,158006700301.5332,ID,Asia,1993-ID,1992
Indonesia,IDN,1994,176892143931.50528,ID,Asia,1994-ID,1992
Indonesia,IDN,1995,202132028723.11533,ID,Asia,1995-ID,1992
Indonesia,IDN,1996,227369679374.9733,ID,Asia,1996-ID,1996
Indonesia,IDN,1997,2.15749E+11,ID,Asia,1997-ID,1996
Indonesia,IDN,1998,95445547872.71503,ID,Asia,1998-ID,1996
Indonesia,IDN,1999,140001351215.46185,ID,Asia,1999-ID,1996
Indonesia,IDN,2000,165021012077.80963,ID,Asia,2000-ID,2000
Indonesia,IDN,2001,160446947784.90857,ID,Asia,2001-ID,2000
Indonesia,IDN,2002,195660611165.18344,ID,Asia,2002-ID,2000
Indonesia,IDN,2003,234772463823.80835,ID,Asia,2003-ID,2000
Indonesia,IDN,2004,256836875295.4519,ID,Asia,2004-ID,2004
Indonesia,IDN,2005,285868619196.0848,ID,Asia,2005-ID,2004
Indonesia,IDN,2006,364570515618.35693,ID,Asia,2006-ID,2004
Indonesia,IDN,2007,432216737774.86053,ID,Asia,2007-ID,2004
Indonesia,IDN,2008,510228634990.59827,ID,Asia,2008-ID,2008
Indonesia,IDN,2009,539580085616.49194,ID,Asia,2009-ID,2008
Indonesia,IDN,2010,755094157621.9355,ID,Asia,2010-ID,2008
Indonesia,IDN,2011,892969104563.1713,ID,Asia,2011-ID,2008
Indonesia,IDN,2012,917869913332.6486,ID,Asia,2012-ID,2012
Indonesia,IDN,2013,912524136718.0182,ID,Asia,2013-ID,2012
Indonesia,IDN,2014,890814755533.5369,ID,Asia,2014-ID,2012
Indonesia,IDN,2015,860854232686.2139,ID,Asia,2015-ID,2012
Indonesia,IDN,2016,931877364037.6975,ID,Asia,2016-ID,2016
Indonesia,IDN,2017,1015618744159.7339,ID,Asia,2017-ID,2016
Indonesia,IDN,2018,1042271532988.6317,ID,Asia,2018-ID,2016
Indonesia,IDN,2019,1119099871350.1992,ID,Asia,2019-ID,2016
Indonesia,IDN,2020,1059054842698.482,ID,Asia,2020-ID,2020
Indonesia,IDN,2021,1186509691086.7307,ID,Asia,2021-ID,2020
Indonesia,IDN,2022,1319076267310.162,ID,Asia,2022-ID,2020
Indonesia,IDN,2023,1371171152331.155,ID,Asia,2023-ID,2020
"Iran, Islamic Rep.",IRN,1960,4199134389.9036956,IR,Middle East,1960-IR,1960
"Iran, Islamic Rep.",IRN,1961,4426949094.840303,IR,Middle East,1961-IR,1960
"Iran, Islamic Rep.",IRN,1962,4693566416.4834585,IR,Middle East,1962-IR,1960
"Iran, Islamic Rep.",IRN,1963,4928628018.387591,IR,Middle East,1963-IR,1960
"Iran, Islamic Rep.",IRN,1964,5379845647.7013855,IR,Middle East,1964-IR,1964
"Iran, Islamic Rep.",IRN,1965,6197319929.040383,IR,Middle East,1965-IR,1964
"Iran, Islamic Rep.",IRN,1966,6789938671.750944,IR,Middle East,1966-IR,1964
"Iran, Islamic Rep.",IRN,1967,7555383690,IR,Middle East,1967-IR,1964
"Iran, Islamic Rep.",IRN,1968,8623172959.898033,IR,Middle East,1968-IR,1968
"Iran, Islamic Rep.",IRN,1969,9743089607.495869,IR,Middle East,1969-IR,1968
"Iran, Islamic Rep.",IRN,1970,10976245153.589386,IR,Middle East,1970-IR,1968
"Iran, Islamic Rep.",IRN,1971,13731802833,IR,Middle East,1971-IR,1968
"Iran, Islamic Rep.",IRN,1972,17153463263.108646,IR,Middle East,1972-IR,1972
"Iran, Islamic Rep.",IRN,1973,27081698249.508286,IR,Middle East,1973-IR,1972
"Iran, Islamic Rep.",IRN,1974,46209092072.13827,IR,Middle East,1974-IR,1972
"Iran, Islamic Rep.",IRN,1975,51776222350,IR,Middle East,1975-IR,1972
"Iran, Islamic Rep.",IRN,1976,68055295080.75381,IR,Middle East,1976-IR,1976
"Iran, Islamic Rep.",IRN,1977,80600122702,IR,Middle East,1977-IR,1976
"Iran, Islamic Rep.",IRN,1978,77994316621.48138,IR,Middle East,1978-IR,1976
"Iran, Islamic Rep.",IRN,1979,90391877326,IR,Middle East,1979-IR,1976
"Iran, Islamic Rep.",IRN,1980,94362275580,IR,Middle East,1980-IR,1980
"Iran, Islamic Rep.",IRN,1981,100499312749.92252,IR,Middle East,1981-IR,1980
"Iran, Islamic Rep.",IRN,1982,125948756439.48515,IR,Middle East,1982-IR,1980
"Iran, Islamic Rep.",IRN,1983,156365156618.24072,IR,Middle East,1983-IR,1980
"Iran, Islamic Rep.",IRN,1984,162276728619.51862,IR,Middle East,1984-IR,1984
"Iran, Islamic Rep.",IRN,1985,180183629599.68427,IR,Middle East,1985-IR,1984
"Iran, Islamic Rep.",IRN,1986,209094561833.48007,IR,Middle East,1986-IR,1984
"Iran, Islamic Rep.",IRN,1987,134009995923.16888,IR,Middle East,1987-IR,1984
"Iran, Islamic Rep.",IRN,1988,123057861333.90797,IR,Middle East,1988-IR,1988
"Iran, Islamic Rep.",IRN,1989,120496362916.27124,IR,Middle East,1989-IR,1988
"Iran, Islamic Rep.",IRN,1990,124813263926.22499,IR,Middle East,1990-IR,1988
"Iran, Islamic Rep.",IRN,1993,63743623231.23123,IR,Middle East,1993-IR,1992
"Iran, Islamic Rep.",IRN,1994,71841461172,IR,Middle East,1994-IR,1992
"Iran, Islamic Rep.",IRN,1995,96419225744.99268,IR,Middle East,1995-IR,1992
"Iran, Islamic Rep.",IRN,1996,120403931883.34818,IR,Middle East,1996-IR,1996
"Iran, Islamic Rep.",IRN,1997,113919163421.47868,IR,Middle East,1997-IR,1996
"Iran, Islamic Rep.",IRN,1998,110276913362.44542,IR,Middle East,1998-IR,1996
"Iran, Islamic Rep.",IRN,1999,113848450088.68648,IR,Middle East,1999-IR,1996
"Iran, Islamic Rep.",IRN,2000,109591707801.43082,IR,Middle East,2000-IR,2000
"Iran, Islamic Rep.",IRN,2001,126878750295.58344,IR,Middle East,2001-IR,2000
"Iran, Islamic Rep.",IRN,2002,128626917504.39809,IR,Middle East,2002-IR,2000
"Iran, Islamic Rep.",IRN,2003,153544751396.21115,IR,Middle East,2003-IR,2000
"Iran, Islamic Rep.",IRN,2004,190043433963.8662,IR,Middle East,2004-IR,2004
"Iran, Islamic Rep.",IRN,2005,226452138295.7256,IR,Middle East,2005-IR,2004
"Iran, Islamic Rep.",IRN,2006,266298911663.7069,IR,Middle East,2006-IR,2004
"Iran, Islamic Rep.",IRN,2007,349881601462.4392,IR,Middle East,2007-IR,2004
"Iran, Islamic Rep.",IRN,2008,412336172443.79486,IR,Middle East,2008-IR,2008
"Iran, Islamic Rep.",IRN,2009,416397025729.8983,IR,Middle East,2009-IR,2008
"Iran, Islamic Rep.",IRN,2010,486807616876.6958,IR,Middle East,2010-IR,2008
"Iran, Islamic Rep.",IRN,2011,626133112195.9261,IR,Middle East,2011-IR,2008
"Iran, Islamic Rep.",IRN,2012,644035512181.4827,IR,Middle East,2012-IR,2012
"Iran, Islamic Rep.",IRN,2013,492775566425.88055,IR,Middle East,2013-IR,2012
"Iran, Islamic Rep.",IRN,2014,460382791480.42816,IR,Middle East,2014-IR,2012
"Iran, Islamic Rep.",IRN,2015,408212917874.9643,IR,Middle East,2015-IR,2012
"Iran, Islamic Rep.",IRN,2016,457954614593.74615,IR,Middle East,2016-IR,2016
"Iran, Islamic Rep.",IRN,2017,486630147094.4858,IR,Middle East,2017-IR,2016
"Iran, Islamic Rep.",IRN,2018,3.29692E+11,IR,Middle East,2018-IR,2016
"Iran, Islamic Rep.",IRN,2019,283649531542.74054,IR,Middle East,2019-IR,2016
"Iran, Islamic Rep.",IRN,2020,239735486745.38528,IR,Middle East,2020-IR,2020
"Iran, Islamic Rep.",IRN,2021,359096907772.2729,IR,Middle East,2021-IR,2020
"Iran, Islamic Rep.",IRN,2022,413394567603.5518,IR,Middle East,2022-IR,2020
"Iran, Islamic Rep.",IRN,2023,401504514718.7182,IR,Middle East,2023-IR,2020
Iraq,IRQ,1960,1537252191.859759,IQ,Middle East,1960-IQ,1960
Iraq,IRQ,1961,1671960964.5102496,IQ,Middle East,1961-IQ,1960
Iraq,IRQ,1962,1784174541.4830444,IQ,Middle East,1962-IQ,1960
Iraq,IRQ,1963,1805901509.5746913,IQ,Middle East,1963-IQ,1960
Iraq,IRQ,1964,2136408198.4218478,IQ,Middle East,1964-IQ,1964
Iraq,IRQ,1965,2335785505.500707,IQ,Middle East,1965-IQ,1964
Iraq,IRQ,1966,2530306096,IQ,Middle East,1966-IQ,1964
Iraq,IRQ,1967,2551522657.4507833,IQ,Middle East,1967-IQ,1964
Iraq,IRQ,1968,2896598841.3604636,IQ,Middle East,1968-IQ,1968
Iraq,IRQ,1969,3007758796.8964815,IQ,Middle East,1969-IQ,1968
Iraq,IRQ,1970,3281318687.472525,IQ,Middle East,1970-IQ,1968
Iraq,IRQ,1971,3865346534.653437,IQ,Middle East,1971-IQ,1968
Iraq,IRQ,1972,4113848002.4030943,IQ,Middle East,1972-IQ,1972
Iraq,IRQ,1973,5134367778.144569,IQ,Middle East,1973-IQ,1972
Iraq,IRQ,1974,11516762614.290518,IQ,Middle East,1974-IQ,1972
Iraq,IRQ,1975,13458516762.614222,IQ,Middle East,1975-IQ,1972
Iraq,IRQ,1976,17754825601.083576,IQ,Middle East,1976-IQ,1976
Iraq,IRQ,1977,19838130714.52753,IQ,Middle East,1977-IQ,1976
Iraq,IRQ,1978,23762275651.879345,IQ,Middle East,1978-IQ,1976
Iraq,IRQ,1979,37816457839.48527,IQ,Middle East,1979-IQ,1976
Iraq,IRQ,1980,52568999999.99967,IQ,Middle East,1980-IQ,1980
Iraq,IRQ,1981,37822999999.999664,IQ,Middle East,1981-IQ,1980
Iraq,IRQ,1982,42382333333.33301,IQ,Middle East,1982-IQ,1980
Iraq,IRQ,1983,40712903225.80613,IQ,Middle East,1983-IQ,1980
Iraq,IRQ,1984,46938387096.773865,IQ,Middle East,1984-IQ,1984
Iraq,IRQ,1985,48425161290.32226,IQ,Middle East,1985-IQ,1984
Iraq,IRQ,1986,47264516129.03194,IQ,Middle East,1986-IQ,1984
Iraq,IRQ,1987,56774193548.38678,IQ,Middle East,1987-IQ,1984
Iraq,IRQ,1988,62684516129.03193,IQ,Middle East,1988-IQ,1988
Iraq,IRQ,1989,65831935483.87065,IQ,Middle East,1989-IQ,1988
Iraq,IRQ,1990,180408064516.1284,IQ,Middle East,1990-IQ,1988
Iraq,IRQ,1991,407796349.66378486,IQ,Middle East,1991-IQ,1988
Iraq,IRQ,1992,553671957.6719576,IQ,Middle East,1992-IQ,1992
Iraq,IRQ,1993,1031944881.1318939,IQ,Middle East,1993-IQ,1992
Iraq,IRQ,1994,3991349282.7572927,IQ,Middle East,1994-IQ,1992
Iraq,IRQ,1995,12894029888.112158,IQ,Middle East,1995-IQ,1992
Iraq,IRQ,1996,10433698621.342705,IQ,Middle East,1996-IQ,1996
Iraq,IRQ,1997,20764857056.379494,IQ,Middle East,1997-IQ,1996
Iraq,IRQ,1998,20617405044.242462,IQ,Middle East,1998-IQ,1996
Iraq,IRQ,1999,36881601583.81936,IQ,Middle East,1999-IQ,1996
Iraq,IRQ,2000,48364250943.90507,IQ,Middle East,2000-IQ,2000
Iraq,IRQ,2001,36176430128.805725,IQ,Middle East,2001-IQ,2000
Iraq,IRQ,2002,32928454672.42459,IQ,Middle East,2002-IQ,2000
Iraq,IRQ,2003,21921569478.81626,IQ,Middle East,2003-IQ,2000
Iraq,IRQ,2004,36633669269,IQ,Middle East,2004-IQ,2004
Iraq,IRQ,2005,50065104668,IQ,Middle East,2005-IQ,2004
Iraq,IRQ,2006,65147051918.02187,IQ,Middle East,2006-IQ,2004
Iraq,IRQ,2007,88837057319.51791,IQ,Middle East,2007-IQ,2004
Iraq,IRQ,2008,131614434153.50531,IQ,Middle East,2008-IQ,2008
Iraq,IRQ,2009,111657580326.31511,IQ,Middle East,2009-IQ,2008
Iraq,IRQ,2010,138516722649.57266,IQ,Middle East,2010-IQ,2008
Iraq,IRQ,2011,185749664444.44446,IQ,Middle East,2011-IQ,2008
Iraq,IRQ,2012,218002476129.47165,IQ,Middle East,2012-IQ,2012
Iraq,IRQ,2013,234637675128.64493,IQ,Middle East,2013-IQ,2012
Iraq,IRQ,2014,228415656174.95712,IQ,Middle East,2014-IQ,2012
Iraq,IRQ,2015,166774104959.10168,IQ,Middle East,2015-IQ,2012
Iraq,IRQ,2016,166743557747.67148,IQ,Middle East,2016-IQ,2016
Iraq,IRQ,2017,187217660050.6757,IQ,Middle East,2017-IQ,2016
Iraq,IRQ,2018,227367469034.03085,IQ,Middle East,2018-IQ,2016
Iraq,IRQ,2019,233636097800.33844,IQ,Middle East,2019-IQ,2016
Iraq,IRQ,2020,180898797936.27884,IQ,Middle East,2020-IQ,2020
Iraq,IRQ,2021,209691945713.10345,IQ,Middle East,2021-IQ,2020
Iraq,IRQ,2022,286640340965.5172,IQ,Middle East,2022-IQ,2020
Iraq,IRQ,2023,250842782139.46417,IQ,Middle East,2023-IQ,2020
Ireland,IRL,1960,1998550221.8055434,IE,Europe,1960-IE,1960
Ireland,IRL,1961,2151772980,IE,Europe,1961-IE,1960
Ireland,IRL,1962,2329372971.891706,IE,Europe,1962-IE,1960
Ireland,IRL,1963,2505073357.8850775,IE,Europe,1963-IE,1960
Ireland,IRL,1964,2851091646.431651,IE,Europe,1964-IE,1964
Ireland,IRL,1965,3035655793.5247006,IE,Europe,1965-IE,1964
Ireland,IRL,1966,3198820904,IE,Europe,1966-IE,1964
Ireland,IRL,1967,3445739914.7310104,IE,Europe,1967-IE,1964
Ireland,IRL,1968,3378701146.841974,IE,Europe,1968-IE,1968
Ireland,IRL,1969,3902721631.5466347,IE,Europe,1969-IE,1968
Ireland,IRL,1970,4395995085.995086,IE,Europe,1970-IE,1968
Ireland,IRL,1971,5098250287.466462,IE,Europe,1971-IE,1968
Ireland,IRL,1972,6318060582.218726,IE,Europe,1972-IE,1972
Ireland,IRL,1973,7481173065.792012,IE,Europe,1973-IE,1972
Ireland,IRL,1974,7896860614.988031,IE,Europe,1974-IE,1972
Ireland,IRL,1975,9483808362.369339,IE,Europe,1975-IE,1972
Ireland,IRL,1976,9453756015,IE,Europe,1976-IE,1976
Ireland,IRL,1977,11248340431.377937,IE,Europe,1977-IE,1976
Ireland,IRL,1978,14647996073.693748,IE,Europe,1978-IE,1976
Ireland,IRL,1979,18319334300.451324,IE,Europe,1979-IE,1976
Ireland,IRL,1980,21747855640.07121,IE,Europe,1980-IE,1980
Ireland,IRL,1981,20670190138.16707,IE,Europe,1981-IE,1980
Ireland,IRL,1982,21474752962.21775,IE,Europe,1982-IE,1980
Ireland,IRL,1983,20766047763.53137,IE,Europe,1983-IE,1980
Ireland,IRL,1984,20106648454.840363,IE,Europe,1984-IE,1984
Ireland,IRL,1985,21270013325.56009,IE,Europe,1985-IE,1984
Ireland,IRL,1986,28714571852.479866,IE,Europe,1986-IE,1984
Ireland,IRL,1987,33920518492.50936,IE,Europe,1987-IE,1984
Ireland,IRL,1988,37772896220.75585,IE,Europe,1988-IE,1988
Ireland,IRL,1989,39238392677.75421,IE,Europe,1989-IE,1988
Ireland,IRL,1990,49305632408,IE,Europe,1990-IE,1988
Ireland,IRL,1991,49787501584.484726,IE,Europe,1991-IE,1988
Ireland,IRL,1992,55918538121,IE,Europe,1992-IE,1992
Ireland,IRL,1993,52417477613.67601,IE,Europe,1993-IE,1992
Ireland,IRL,1994,57097656065.95995,IE,Europe,1994-IE,1992
Ireland,IRL,1995,69139823232.32323,IE,Europe,1995-IE,1992
Ireland,IRL,1996,75790786290.32259,IE,Europe,1996-IE,1996
Ireland,IRL,1997,82856648758.35721,IE,Europe,1997-IE,1996
Ireland,IRL,1998,90199410115.50969,IE,Europe,1998-IE,1996
Ireland,IRL,1999,98893958262.64384,IE,Europe,1999-IE,1996
Ireland,IRL,2000,100207610429.90924,IE,Europe,2000-IE,2000
Ireland,IRL,2001,109346669229.6954,IE,Europe,2001-IE,2000
Ireland,IRL,2002,128596035288.40102,IE,Europe,2002-IE,2000
Ireland,IRL,2003,164670771259.60202,IE,Europe,2003-IE,2000
Ireland,IRL,2004,194372115041.06497,IE,Europe,2004-IE,2004
Ireland,IRL,2005,211876989655.90652,IE,Europe,2005-IE,2004
Ireland,IRL,2006,232180617162.2785,IE,Europe,2006-IE,2004
Ireland,IRL,2007,270079279419.50046,IE,Europe,2007-IE,2004
Ireland,IRL,2008,275447471451.06323,IE,Europe,2008-IE,2008
Ireland,IRL,2009,236443115853.69476,IE,Europe,2009-IE,2008
Ireland,IRL,2010,221913560882.3671,IE,Europe,2010-IE,2008
Ireland,IRL,2011,239170638711.3137,IE,Europe,2011-IE,2008
Ireland,IRL,2012,225118718207.1563,IE,Europe,2012-IE,2012
Ireland,IRL,2013,238112475390.79556,IE,Europe,2013-IE,2012
Ireland,IRL,2014,259681883575.70575,IE,Europe,2014-IE,2012
Ireland,IRL,2015,292364226871.7561,IE,Europe,2015-IE,2012
Ireland,IRL,2016,298559265006.39764,IE,Europe,2016-IE,2016
Ireland,IRL,2017,337241811320.8959,IE,Europe,2017-IE,2016
Ireland,IRL,2018,386693357874.0562,IE,Europe,2018-IE,2016
Ireland,IRL,2019,398933010007.3562,IE,Europe,2019-IE,2016
Ireland,IRL,2020,428608687830.2393,IE,Europe,2020-IE,2020
Ireland,IRL,2021,5.13392E+11,IE,Europe,2021-IE,2020
Ireland,IRL,2022,533140011838.27637,IE,Europe,2022-IE,2020
Ireland,IRL,2023,545629450403.7351,IE,Europe,2023-IE,2020
Isle of Man,IMN,1995,914762873.6891532,IM,Europe,1995-IM,1992
Isle of Man,IMN,1996,1023005862.7792743,IM,Europe,1996-IM,1996
Isle of Man,IMN,1997,1180968165.4085984,IM,Europe,1997-IM,1996
Isle of Man,IMN,1998,1382605389.3205488,IM,Europe,1998-IM,1996
Isle of Man,IMN,1999,1567402513.6964228,IM,Europe,1999-IM,1996
Isle of Man,IMN,2000,1563667799.6157825,IM,Europe,2000-IM,2000
Isle of Man,IMN,2001,1659131243.7383714,IM,Europe,2001-IM,2000
Isle of Man,IMN,2002,1947332921.747183,IM,Europe,2002-IM,2000
Isle of Man,IMN,2003,2328658227.848101,IM,Europe,2003-IM,2000
Isle of Man,IMN,2004,2822358473.169832,IM,Europe,2004-IM,2004
Isle of Man,IMN,2005,3032411026.949189,IM,Europe,2005-IM,2004
Isle of Man,IMN,2006,3422733202.450104,IM,Europe,2006-IM,2004
Isle of Man,IMN,2007,4466350656,IM,Europe,2007-IM,2004
Isle of Man,IMN,2008,5928791505.351438,IM,Europe,2008-IM,2008
Isle of Man,IMN,2009,5486921247.073229,IM,Europe,2009-IM,2008
Isle of Man,IMN,2010,5920369789.501823,IM,Europe,2010-IM,2008
Isle of Man,IMN,2011,6565667052.797365,IM,Europe,2011-IM,2008
Isle of Man,IMN,2012,6690228371.669086,IM,Europe,2012-IM,2012
Isle of Man,IMN,2013,7001175622.712655,IM,Europe,2013-IM,2012
Isle of Man,IMN,2014,7708454412.321261,IM,Europe,2014-IM,2012
Isle of Man,IMN,2015,7084800892.222841,IM,Europe,2015-IM,2012
Isle of Man,IMN,2016,6846377563.006829,IM,Europe,2016-IM,2016
Isle of Man,IMN,2017,6979788333.502793,IM,Europe,2017-IM,2016
Isle of Man,IMN,2018,7491649455.927165,IM,Europe,2018-IM,2016
Isle of Man,IMN,2019,7314967866.282892,IM,Europe,2019-IM,2016
Isle of Man,IMN,2020,6684225641.0256405,IM,Europe,2020-IM,2020
Isle of Man,IMN,2021,7931193222.064053,IM,Europe,2021-IM,2020
Israel,ISR,1960,3052993636.3971047,IL,Middle East,1960-IL,1960
Israel,ISR,1961,3687339031.645485,IL,Middle East,1961-IL,1960
Israel,ISR,1962,2949160176.729827,IL,Middle East,1962-IL,1960
Israel,ISR,1963,3515690732.782267,IL,Middle East,1963-IL,1960
Israel,ISR,1964,4001288352.2557673,IL,Middle East,1964-IL,1964
Israel,ISR,1965,4304281997.410134,IL,Middle East,1965-IL,1964
Israel,ISR,1966,4676353689.633933,IL,Middle East,1966-IL,1964
Israel,ISR,1967,4735101851.5640335,IL,Middle East,1967-IL,1964
Israel,ISR,1968,5427155199.100301,IL,Middle East,1968-IL,1968
Israel,ISR,1969,6261770752.920234,IL,Middle East,1969-IL,1968
Israel,ISR,1970,7364277925.141301,IL,Middle East,1970-IL,1968
Israel,ISR,1971,7012333173.083149,IL,Middle East,1971-IL,1968
Israel,ISR,1972,9168824838,IL,Middle East,1972-IL,1972
Israel,ISR,1973,11835802404.710299,IL,Middle East,1973-IL,1972
Israel,ISR,1974,17075130883.46275,IL,Middle East,1974-IL,1972
Israel,ISR,1975,16050008787.255636,IL,Middle East,1975-IL,1972
Israel,ISR,1976,15864905769.074125,IL,Middle East,1976-IL,1976
Israel,ISR,1977,18153376715.829597,IL,Middle East,1977-IL,1976
Israel,ISR,1978,17599385989.296295,IL,Middle East,1978-IL,1976
Israel,ISR,1979,22480105812.02824,IL,Middle East,1979-IL,1976
Israel,ISR,1980,25249789919.856667,IL,Middle East,1980-IL,1980
Israel,ISR,1981,26727967129.925526,IL,Middle East,1981-IL,1980
Israel,ISR,1982,29087663989.13959,IL,Middle East,1982-IL,1980
Israel,ISR,1983,32488543974.06726,IL,Middle East,1983-IL,1980
Israel,ISR,1984,30470017330.501568,IL,Middle East,1984-IL,1984
Israel,ISR,1985,28740117286.324795,IL,Middle East,1985-IL,1984
Israel,ISR,1986,35628837312.24015,IL,Middle East,1986-IL,1984
Israel,ISR,1987,42802884824.60686,IL,Middle East,1987-IL,1984
Israel,ISR,1988,52349277417.07393,IL,Middle East,1988-IL,1988
Israel,ISR,1989,52142996978.29931,IL,Middle East,1989-IL,1988
Israel,ISR,1990,61661395508.95943,IL,Middle East,1990-IL,1988
Israel,ISR,1991,70591957101.76035,IL,Middle East,1991-IL,1988
Israel,ISR,1992,79002421132.56517,IL,Middle East,1992-IL,1992
Israel,ISR,1993,79398331245,IL,Middle East,1993-IL,1992
Israel,ISR,1994,90220195074.09152,IL,Middle East,1994-IL,1992
Israel,ISR,1995,104892955202.0722,IL,Middle East,1995-IL,1992
Israel,ISR,1996,114505860826.51878,IL,Middle East,1996-IL,1996
Israel,ISR,1997,118859377862.81673,IL,Middle East,1997-IL,1996
Israel,ISR,1998,120056692192.31073,IL,Middle East,1998-IL,1996
Israel,ISR,1999,120922937410.9235,IL,Middle East,1999-IL,1996
Israel,ISR,2000,136035771711.67194,IL,Middle East,2000-IL,2000
Israel,ISR,2001,134635822098.58049,IL,Middle East,2001-IL,2000
Israel,ISR,2002,125060622862.93216,IL,Middle East,2002-IL,2000
Israel,ISR,2003,131299915899.95828,IL,Middle East,2003-IL,2000
Israel,ISR,2004,139973148371.26282,IL,Middle East,2004-IL,2004
Israel,ISR,2005,147083996033.60297,IL,Middle East,2005-IL,2004
Israel,ISR,2006,158670456932.53735,IL,Middle East,2006-IL,2004
Israel,ISR,2007,184052121662.0822,IL,Middle East,2007-IL,2004
Israel,ISR,2008,220531065217.3913,IL,Middle East,2008-IL,2008
Israel,ISR,2009,211970040942.9596,IL,Middle East,2009-IL,2008
Israel,ISR,2010,238364092298.02286,IL,Middle East,2010-IL,2008
Israel,ISR,2011,266791854430.89716,IL,Middle East,2011-IL,2008
Israel,ISR,2012,262282344091.84918,IL,Middle East,2012-IL,2012
Israel,ISR,2013,297732778479.1286,IL,Middle East,2013-IL,2012
Israel,ISR,2014,314330061977.26337,IL,Middle East,2014-IL,2012
Israel,ISR,2015,303414276832.04004,IL,Middle East,2015-IL,2012
Israel,ISR,2016,3.22103E+11,IL,Middle East,2016-IL,2016
Israel,ISR,2017,358245427458.54095,IL,Middle East,2017-IL,2016
Israel,ISR,2018,376691526553.27637,IL,Middle East,2018-IL,2016
Israel,ISR,2019,4.02471E+11,IL,Middle East,2019-IL,2016
Israel,ISR,2020,413267669231.52216,IL,Middle East,2020-IL,2020
Israel,ISR,2021,488526545878.89136,IL,Middle East,2021-IL,2020
Israel,ISR,2022,525002447652.77344,IL,Middle East,2022-IL,2020
Israel,ISR,2023,509901495702.1033,IL,Middle East,2023-IL,2020
Italy,ITA,1960,41915814948,IT,Europe,1960-IT,1960
Italy,ITA,1961,46542216715,IT,Europe,1961-IT,1960
Italy,ITA,1962,52293346804.62542,IT,Europe,1962-IT,1960
Italy,ITA,1963,59897871868,IT,Europe,1963-IT,1960
Italy,ITA,1964,65569646710.202965,IT,Europe,1964-IT,1964
Italy,ITA,1965,70554398250.33769,IT,Europe,1965-IT,1964
Italy,ITA,1966,76446251295.37439,IT,Europe,1966-IT,1964
Italy,ITA,1967,84207912985.92194,IT,Europe,1967-IT,1964
Italy,ITA,1968,91275077144.66182,IT,Europe,1968-IT,1968
Italy,ITA,1969,100764425165.4865,IT,Europe,1969-IT,1968
Italy,ITA,1970,113395315985.13013,IT,Europe,1970-IT,1968
Italy,ITA,1971,124672365792.75905,IT,Europe,1971-IT,1968
Italy,ITA,1972,145260039840.63745,IT,Europe,1972-IT,1972
Italy,ITA,1973,175492055795.4168,IT,Europe,1973-IT,1972
Italy,ITA,1974,199564489431.3784,IT,Europe,1974-IT,1972
Italy,ITA,1975,227695851126.92764,IT,Europe,1975-IT,1972
Italy,ITA,1976,224717278436.84576,IT,Europe,1976-IT,1976
Italy,ITA,1977,257596313364.0553,IT,Europe,1977-IT,1976
Italy,ITA,1978,315058323066.3929,IT,Europe,1978-IT,1976
Italy,ITA,1979,393677161500.8157,IT,Europe,1979-IT,1976
Italy,ITA,1980,477256775943.92944,IT,Europe,1980-IT,1980
Italy,ITA,1981,430702851303.01483,IT,Europe,1981-IT,1980
Italy,ITA,1982,427272645669.2913,IT,Europe,1982-IT,1980
Italy,ITA,1983,443042373788.88324,IT,Europe,1983-IT,1980
Italy,ITA,1984,437887689001.5429,IT,Europe,1984-IT,1984
Italy,ITA,1985,452217492140.75653,IT,Europe,1985-IT,1984
Italy,ITA,1986,640386352773.0874,IT,Europe,1986-IT,1984
Italy,ITA,1987,805713128174.4846,IT,Europe,1987-IT,1984
Italy,ITA,1988,891608957155.6084,IT,Europe,1988-IT,1988
Italy,ITA,1989,928661332204.3466,IT,Europe,1989-IT,1988
Italy,ITA,1990,1181222653522.9475,IT,Europe,1990-IT,1988
Italy,ITA,1991,1246220156079.288,IT,Europe,1991-IT,1988
Italy,ITA,1992,1320161644933.2288,IT,Europe,1992-IT,1992
Italy,ITA,1993,1064958075550.6337,IT,Europe,1993-IT,1992
Italy,ITA,1994,1099216688280.4995,IT,Europe,1994-IT,1992
Italy,ITA,1995,1174662070605.0159,IT,Europe,1995-IT,1992
Italy,ITA,1996,1312426527795.2063,IT,Europe,1996-IT,1996
Italy,ITA,1997,1241879604365.6206,IT,Europe,1997-IT,1996
Italy,ITA,1998,1270052525928.404,IT,Europe,1998-IT,1996
Italy,ITA,1999,1252446659833.7866,IT,Europe,1999-IT,1996
Italy,ITA,2000,1146676894209.728,IT,Europe,2000-IT,2000
Italy,ITA,2001,1168023426056.3794,IT,Europe,2001-IT,2000
Italy,ITA,2002,1276769338449.2964,IT,Europe,2002-IT,2000
Italy,ITA,2003,1577621707050.5066,IT,Europe,2003-IT,2000
Italy,ITA,2004,1806542968545.5645,IT,Europe,2004-IT,2004
Italy,ITA,2005,1858217147203.7346,IT,Europe,2005-IT,2004
Italy,ITA,2006,1949551719389.6443,IT,Europe,2006-IT,2004
Italy,ITA,2007,2213102482751.458,IT,Europe,2007-IT,2004
Italy,ITA,2008,2408655348718.5933,IT,Europe,2008-IT,2008
Italy,ITA,2009,2199928804118.6313,IT,Europe,2009-IT,2008
Italy,ITA,2010,2136099955236.671,IT,Europe,2010-IT,2008
Italy,ITA,2011,2294994296589.4985,IT,Europe,2011-IT,2008
Italy,ITA,2012,2086957656821.602,IT,Europe,2012-IT,2012
Italy,ITA,2013,2141924094298.5552,IT,Europe,2013-IT,2012
Italy,ITA,2014,2162009615996.5415,IT,Europe,2014-IT,2012
Italy,ITA,2015,1836637711060.546,IT,Europe,2015-IT,2012
Italy,ITA,2016,1877071687633.7788,IT,Europe,2016-IT,2016
Italy,ITA,2017,1961796197354.3564,IT,Europe,2017-IT,2016
Italy,ITA,2018,2091932426266.979,IT,Europe,2018-IT,2016
Italy,ITA,2019,2011302198827.4478,IT,Europe,2019-IT,2016
Italy,ITA,2020,1897461635591.9119,IT,Europe,2020-IT,2020
Italy,ITA,2021,2154875493744.9265,IT,Europe,2021-IT,2020
Italy,ITA,2022,2066972096553.7046,IT,Europe,2022-IT,2020
Italy,ITA,2023,2254851212731.8047,IT,Europe,2023-IT,2020
Jamaica,JAM,1960,699064380.3742479,JM,North America,1960-JM,1960
Jamaica,JAM,1961,748043500.7825997,JM,North America,1961-JM,1960
Jamaica,JAM,1962,777727688.9089245,JM,North America,1962-JM,1960
Jamaica,JAM,1963,826706669.3173323,JM,North America,1963-JM,1960
Jamaica,JAM,1964,897949000.8203996,JM,North America,1964-JM,1964
Jamaica,JAM,1965,972159611.1361556,JM,North America,1965-JM,1964
Jamaica,JAM,1966,1096759561.2961755,JM,North America,1966-JM,1964
Jamaica,JAM,1967,1148014310.825496,JM,North America,1967-JM,1964
Jamaica,JAM,1968,1083839132.9286935,JM,North America,1968-JM,1968
Jamaica,JAM,1969,1191239047.0087624,JM,North America,1969-JM,1968
Jamaica,JAM,1970,1404720441.8881767,JM,North America,1970-JM,1968
Jamaica,JAM,1971,1539861815.8938138,JM,North America,1971-JM,1968
Jamaica,JAM,1972,1875146587.4442966,JM,North America,1972-JM,1972
Jamaica,JAM,1973,1905917553.1914895,JM,North America,1973-JM,1972
Jamaica,JAM,1974,2375122375.122375,JM,North America,1974-JM,1972
Jamaica,JAM,1975,2860442750.4427505,JM,North America,1975-JM,1972
Jamaica,JAM,1976,2966042856.042856,JM,North America,1976-JM,1976
Jamaica,JAM,1977,3249733140,JM,North America,1977-JM,1976
Jamaica,JAM,1978,2644527822,JM,North America,1978-JM,1976
Jamaica,JAM,1979,2425064229,JM,North America,1979-JM,1976
Jamaica,JAM,1980,2679379371.5126133,JM,North America,1980-JM,1980
Jamaica,JAM,1981,2979027966.4537277,JM,North America,1981-JM,1980
Jamaica,JAM,1982,3293496311.9309316,JM,North America,1982-JM,1980
Jamaica,JAM,1983,3619262277.4771156,JM,North America,1983-JM,1980
Jamaica,JAM,1984,2373564549.493203,JM,North America,1984-JM,1984
Jamaica,JAM,1985,2100239018.8246665,JM,North America,1985-JM,1984
Jamaica,JAM,1986,2754549581.924093,JM,North America,1986-JM,1984
Jamaica,JAM,1987,3287007321.5669913,JM,North America,1987-JM,1984
Jamaica,JAM,1988,3828342820.349404,JM,North America,1988-JM,1988
Jamaica,JAM,1989,4404937853,JM,North America,1989-JM,1988
Jamaica,JAM,1990,4592208086.6923485,JM,North America,1990-JM,1988
Jamaica,JAM,1991,4106207649.0554743,JM,North America,1991-JM,1988
Jamaica,JAM,1992,3535460089.807189,JM,North America,1992-JM,1992
Jamaica,JAM,1993,5440075675.740674,JM,North America,1993-JM,1992
Jamaica,JAM,1994,5452558947,JM,North America,1994-JM,1992
Jamaica,JAM,1995,6577520642.822969,JM,North America,1995-JM,1992
Jamaica,JAM,1996,7393891920.803583,JM,North America,1996-JM,1996
Jamaica,JAM,1997,8400041723.548614,JM,North America,1997-JM,1996
Jamaica,JAM,1998,8787195622,JM,North America,1998-JM,1996
Jamaica,JAM,1999,8887057997.362276,JM,North America,1999-JM,1996
Jamaica,JAM,2000,9005064474.930035,JM,North America,2000-JM,2000
Jamaica,JAM,2001,9194727831.073185,JM,North America,2001-JM,2000
Jamaica,JAM,2002,9719009494.847792,JM,North America,2002-JM,2000
Jamaica,JAM,2003,9430234810.785856,JM,North America,2003-JM,2000
Jamaica,JAM,2004,10174664853.947565,JM,North America,2004-JM,2004
Jamaica,JAM,2005,11243865777.713053,JM,North America,2005-JM,2004
Jamaica,JAM,2006,11930179089.885475,JM,North America,2006-JM,2004
Jamaica,JAM,2007,12799600047.184536,JM,North America,2007-JM,2004
Jamaica,JAM,2008,13709401520.032595,JM,North America,2008-JM,2008
Jamaica,JAM,2009,12120458115,JM,North America,2009-JM,2008
Jamaica,JAM,2010,13220549908.249386,JM,North America,2010-JM,2008
Jamaica,JAM,2011,14444661522.146338,JM,North America,2011-JM,2008
Jamaica,JAM,2012,14807086555.528315,JM,North America,2012-JM,2012
Jamaica,JAM,2013,14264205152.61263,JM,North America,2013-JM,2012
Jamaica,JAM,2014,13899217679.92193,JM,North America,2014-JM,2012
Jamaica,JAM,2015,14188936918.003582,JM,North America,2015-JM,2012
Jamaica,JAM,2016,14077096676.621284,JM,North America,2016-JM,2016
Jamaica,JAM,2017,14808985132.772171,JM,North America,2017-JM,2016
Jamaica,JAM,2018,15730792876.265558,JM,North America,2018-JM,2016
Jamaica,JAM,2019,15830766531.147352,JM,North America,2019-JM,2016
Jamaica,JAM,2020,13812421835.736935,JM,North America,2020-JM,2020
Jamaica,JAM,2021,14657586159.431625,JM,North America,2021-JM,2020
Jamaica,JAM,2022,17097760686.777462,JM,North America,2022-JM,2020
Jamaica,JAM,2023,19423355367.23718,JM,North America,2023-JM,2020
Japan,JPN,1960,47419238274.461945,JP,Asia,1960-JP,1960
Japan,JPN,1961,57266758179.58833,JP,Asia,1961-JP,1960
Japan,JPN,1962,64987857541.62556,JP,Asia,1962-JP,1960
Japan,JPN,1963,74379284603,JP,Asia,1963-JP,1960
Japan,JPN,1964,87490590817.98027,JP,Asia,1964-JP,1964
Japan,JPN,1965,97338107605.82361,JP,Asia,1965-JP,1964
Japan,JPN,1966,113046784179.2889,JP,Asia,1966-JP,1964
Japan,JPN,1967,132475614226.51888,JP,Asia,1967-JP,1964
Japan,JPN,1968,156897496759.12778,JP,Asia,1968-JP,1968
Japan,JPN,1969,184298841304.66696,JP,Asia,1969-JP,1968
Japan,JPN,1970,217223652719.44446,JP,Asia,1970-JP,1968
Japan,JPN,1971,245364056622.3629,JP,Asia,1971-JP,1968
Japan,JPN,1972,324933841268.5847,JP,Asia,1972-JP,1972
Japan,JPN,1973,441460582535.9208,JP,Asia,1973-JP,1972
Japan,JPN,1974,490035789970.2995,JP,Asia,1974-JP,1972
Japan,JPN,1975,532861438884.7239,JP,Asia,1975-JP,1972
Japan,JPN,1976,598883902155.6049,JP,Asia,1976-JP,1976
Japan,JPN,1977,737069290927.7122,JP,Asia,1977-JP,1976
Japan,JPN,1978,1035611588216.594,JP,Asia,1978-JP,1976
Japan,JPN,1979,1077910077676.3713,JP,Asia,1979-JP,1976
Japan,JPN,1980,1129377244854.036,JP,Asia,1980-JP,1980
Japan,JPN,1981,1245221410764.1482,JP,Asia,1981-JP,1980
Japan,JPN,1982,1158731426905.8486,JP,Asia,1982-JP,1980
Japan,JPN,1983,1270859919742.9011,JP,Asia,1983-JP,1980
Japan,JPN,1984,1345824500836.7627,JP,Asia,1984-JP,1984
Japan,JPN,1985,1427019759717.4094,JP,Asia,1985-JP,1984
Japan,JPN,1986,2120083812109.9124,JP,Asia,1986-JP,1984
Japan,JPN,1987,2580748422781.091,JP,Asia,1987-JP,1984
Japan,JPN,1988,3125724434400.792,JP,Asia,1988-JP,1988
Japan,JPN,1989,3109455047823.931,JP,Asia,1989-JP,1988
Japan,JPN,1990,3185904656663.8467,JP,Asia,1990-JP,1988
Japan,JPN,1991,3648065760648.876,JP,Asia,1991-JP,1988
Japan,JPN,1992,3980702922117.6567,JP,Asia,1992-JP,1992
Japan,JPN,1993,4536940479038.254,JP,Asia,1993-JP,1992
Japan,JPN,1994,4998797547740.975,JP,Asia,1994-JP,1992
Japan,JPN,1995,5545563663889.704,JP,Asia,1995-JP,1992
Japan,JPN,1996,4923391533851.632,JP,Asia,1996-JP,1996
Japan,JPN,1997,4492448605638.937,JP,Asia,1997-JP,1996
Japan,JPN,1998,4098362709531.2407,JP,Asia,1998-JP,1996
Japan,JPN,1999,4635982224063.884,JP,Asia,1999-JP,1996
Japan,JPN,2000,4968359075956.591,JP,Asia,2000-JP,2000
Japan,JPN,2001,4374711694090.8706,JP,Asia,2001-JP,2000
Japan,JPN,2002,4182846045873.608,JP,Asia,2002-JP,2000
Japan,JPN,2003,4519561645253.529,JP,Asia,2003-JP,2000
Japan,JPN,2004,4893116005656.559,JP,Asia,2004-JP,2004
Japan,JPN,2005,4.83147E+12,JP,Asia,2005-JP,2004
Japan,JPN,2006,4601663122649.921,JP,Asia,2006-JP,2004
Japan,JPN,2007,4579750920354.809,JP,Asia,2007-JP,2004
Japan,JPN,2008,5106679115127.299,JP,Asia,2008-JP,2008
Japan,JPN,2009,5.28949E+12,JP,Asia,2009-JP,2008
Japan,JPN,2010,5759071769013.113,JP,Asia,2010-JP,2008
Japan,JPN,2011,6233147172341.349,JP,Asia,2011-JP,2008
Japan,JPN,2012,6272362996105.034,JP,Asia,2012-JP,2012
Japan,JPN,2013,5212328181166.185,JP,Asia,2013-JP,2012
Japan,JPN,2014,4896994405353.292,JP,Asia,2014-JP,2012
Japan,JPN,2015,4.44493E+12,JP,Asia,2015-JP,2012
Japan,JPN,2016,5.00368E+12,JP,Asia,2016-JP,2016
Japan,JPN,2017,4930837369151.422,JP,Asia,2017-JP,2016
Japan,JPN,2018,5040880939324.859,JP,Asia,2018-JP,2016
Japan,JPN,2019,5117993853016.508,JP,Asia,2019-JP,2016
Japan,JPN,2020,5055587093501.588,JP,Asia,2020-JP,2020
Japan,JPN,2021,5034620784584.983,JP,Asia,2021-JP,2020
Japan,JPN,2022,4.25641E+12,JP,Asia,2022-JP,2020
Japan,JPN,2023,4212945159781.403,JP,Asia,2023-JP,2020
Jordan,JOR,1965,599759760.1,JO,Middle East,1965-JO,1964
Jordan,JOR,1966,657999736.8001053,JO,Middle East,1966-JO,1964
Jordan,JOR,1967,631679747.3,JO,Middle East,1967-JO,1964
Jordan,JOR,1968,561119775.5520898,JO,Middle East,1968-JO,1968
Jordan,JOR,1969,698879720.4481119,JO,Middle East,1969-JO,1968
Jordan,JOR,1970,639519744.1921023,JO,Middle East,1970-JO,1968
Jordan,JOR,1971,678159728.7361085,JO,Middle East,1971-JO,1968
Jordan,JOR,1972,788479684.6081262,JO,Middle East,1972-JO,1972
Jordan,JOR,1973,943783839.7180518,JO,Middle East,1973-JO,1972
Jordan,JOR,1974,1197483948.6854687,JO,Middle East,1974-JO,1972
Jordan,JOR,1975,1363073497.7735527,JO,Middle East,1975-JO,1972
Jordan,JOR,1976,1708521219.4600327,JO,Middle East,1976-JO,1976
Jordan,JOR,1977,2096778602.1678457,JO,Middle East,1977-JO,1976
Jordan,JOR,1978,2602208588.9570556,JO,Middle East,1978-JO,1976
Jordan,JOR,1979,3271368780.6534743,JO,Middle East,1979-JO,1976
Jordan,JOR,1980,3910044474,JO,Middle East,1980-JO,1980
Jordan,JOR,1981,4383944702.859582,JO,Middle East,1981-JO,1980
Jordan,JOR,1982,4681240992.703381,JO,Middle East,1982-JO,1980
Jordan,JOR,1983,4920692190.9556875,JO,Middle East,1983-JO,1980
Jordan,JOR,1984,4967162160.404718,JO,Middle East,1984-JO,1984
Jordan,JOR,1985,4993601520.430789,JO,Middle East,1985-JO,1984
Jordan,JOR,1986,6402050484.904248,JO,Middle East,1986-JO,1984
Jordan,JOR,1987,6756209762.482309,JO,Middle East,1987-JO,1984
Jordan,JOR,1988,6277451829.053252,JO,Middle East,1988-JO,1988
Jordan,JOR,1989,4221373673.804684,JO,Middle East,1989-JO,1988
Jordan,JOR,1990,4160087507.8347235,JO,Middle East,1990-JO,1988
Jordan,JOR,1991,4344467193.250948,JO,Middle East,1991-JO,1988
Jordan,JOR,1992,5310833193.590049,JO,Middle East,1992-JO,1992
Jordan,JOR,1993,5606400221.692687,JO,Middle East,1993-JO,1992
Jordan,JOR,1994,6236295978.245313,JO,Middle East,1994-JO,1992
Jordan,JOR,1995,6727597032,JO,Middle East,1995-JO,1992
Jordan,JOR,1996,6927503526.093089,JO,Middle East,1996-JO,1996
Jordan,JOR,1997,7245839210.1551485,JO,Middle East,1997-JO,1996
Jordan,JOR,1998,7912270803.949224,JO,Middle East,1998-JO,1996
Jordan,JOR,1999,8149929478.138224,JO,Middle East,1999-JO,1996
Jordan,JOR,2000,8460789844.851905,JO,Middle East,2000-JO,2000
Jordan,JOR,2001,8975814652.819601,JO,Middle East,2001-JO,2000
Jordan,JOR,2002,9582510578.279266,JO,Middle East,2002-JO,2000
Jordan,JOR,2003,10195627644.569817,JO,Middle East,2003-JO,2000
Jordan,JOR,2004,11411706629.055008,JO,Middle East,2004-JO,2004
Jordan,JOR,2005,12588998589.562765,JO,Middle East,2005-JO,2004
Jordan,JOR,2006,15056981664.315939,JO,Middle East,2006-JO,2004
Jordan,JOR,2007,17110437235.543018,JO,Middle East,2007-JO,2004
Jordan,JOR,2008,22658715989.330204,JO,Middle East,2008-JO,2008
Jordan,JOR,2009,24537876056.338028,JO,Middle East,2009-JO,2008
Jordan,JOR,2010,27133804225.352116,JO,Middle East,2010-JO,2008
Jordan,JOR,2011,29524149154.92958,JO,Middle East,2011-JO,2008
Jordan,JOR,2012,31634561690.140846,JO,Middle East,2012-JO,2012
Jordan,JOR,2013,34454440140.84507,JO,Middle East,2013-JO,2012
Jordan,JOR,2014,36847643521.12676,JO,Middle East,2014-JO,2012
Jordan,JOR,2015,38587017887.323944,JO,Middle East,2015-JO,2012
Jordan,JOR,2016,39892551126.76057,JO,Middle East,2016-JO,2016
Jordan,JOR,2017,41608435915.49296,JO,Middle East,2017-JO,2016
Jordan,JOR,2018,43370860704.22536,JO,Middle East,2018-JO,2016
Jordan,JOR,2019,44502816901.408455,JO,Middle East,2019-JO,2016
Jordan,JOR,2020,43700383098.59155,JO,Middle East,2020-JO,2020
Jordan,JOR,2021,46296100140.84507,JO,Middle East,2021-JO,2020
Jordan,JOR,2022,48653381830.985916,JO,Middle East,2022-JO,2020
Jordan,JOR,2023,50813642348.674644,JO,Middle East,2023-JO,2020
Kazakhstan,KAZ,1990,26932016269.61069,KZ,Middle East,1990-KZ,1988
Kazakhstan,KAZ,1991,24923076923.076923,KZ,Middle East,1991-KZ,1988
Kazakhstan,KAZ,1992,24917355371.900826,KZ,Middle East,1992-KZ,1992
Kazakhstan,KAZ,1993,23409260879.94272,KZ,Middle East,1993-KZ,1992
Kazakhstan,KAZ,1994,21250792886.105423,KZ,Middle East,1994-KZ,1992
Kazakhstan,KAZ,1995,20374302652.381878,KZ,Middle East,1995-KZ,1992
Kazakhstan,KAZ,1996,21035357936.879593,KZ,Middle East,1996-KZ,1996
Kazakhstan,KAZ,1997,22165932062.96603,KZ,Middle East,1997-KZ,1996
Kazakhstan,KAZ,1998,22135245507.36557,KZ,Middle East,1998-KZ,1996
Kazakhstan,KAZ,1999,16870817181.779896,KZ,Middle East,1999-KZ,1996
Kazakhstan,KAZ,2000,18291990662.035625,KZ,Middle East,2000-KZ,2000
Kazakhstan,KAZ,2001,22152689179.881508,KZ,Middle East,2001-KZ,2000
Kazakhstan,KAZ,2002,24636598527.443718,KZ,Middle East,2002-KZ,2000
Kazakhstan,KAZ,2003,30833692900.109074,KZ,Middle East,2003-KZ,2000
Kazakhstan,KAZ,2004,43151647002.60963,KZ,Middle East,2004-KZ,2004
Kazakhstan,KAZ,2005,57123671733.89525,KZ,Middle East,2005-KZ,2004
Kazakhstan,KAZ,2006,81003864630.01804,KZ,Middle East,2006-KZ,2004
Kazakhstan,KAZ,2007,104849915058.37578,KZ,Middle East,2007-KZ,2004
Kazakhstan,KAZ,2008,133441648851.9825,KZ,Middle East,2008-KZ,2008
Kazakhstan,KAZ,2009,115308686941.38017,KZ,Middle East,2009-KZ,2008
Kazakhstan,KAZ,2010,148047348240.64334,KZ,Middle East,2010-KZ,2008
Kazakhstan,KAZ,2011,192626464617.07117,KZ,Middle East,2011-KZ,2008
Kazakhstan,KAZ,2012,207998568865.78925,KZ,Middle East,2012-KZ,2012
Kazakhstan,KAZ,2013,236634603409.08856,KZ,Middle East,2013-KZ,2012
Kazakhstan,KAZ,2014,221415613595.46927,KZ,Middle East,2014-KZ,2012
Kazakhstan,KAZ,2015,184388404706.04178,KZ,Middle East,2015-KZ,2012
Kazakhstan,KAZ,2016,137278320084.17114,KZ,Middle East,2016-KZ,2016
Kazakhstan,KAZ,2017,166805788827.23325,KZ,Middle East,2017-KZ,2016
Kazakhstan,KAZ,2018,179339977690.48486,KZ,Middle East,2018-KZ,2016
Kazakhstan,KAZ,2019,181667184854.50052,KZ,Middle East,2019-KZ,2016
Kazakhstan,KAZ,2020,171082365861.4229,KZ,Middle East,2020-KZ,2020
Kazakhstan,KAZ,2021,197112255360.61234,KZ,Middle East,2021-KZ,2020
Kazakhstan,KAZ,2022,225496328925.4941,KZ,Middle East,2022-KZ,2020
Kazakhstan,KAZ,2023,261421121085.57208,KZ,Middle East,2023-KZ,2020
Kenya,KEN,1960,791265459.4938163,KE,Africa,1960-KE,1960
Kenya,KEN,1961,792959472.8162109,KE,Africa,1961-KE,1960
Kenya,KEN,1962,868111400.7554398,KE,Africa,1962-KE,1960
Kenya,KEN,1963,926589349.3642603,KE,Africa,1963-KE,1960
Kenya,KEN,1964,998759334.4962662,KE,Africa,1964-KE,1964
Kenya,KEN,1965,997919320.8322717,KE,Africa,1965-KE,1964
Kenya,KEN,1966,1164519674.1921303,KE,Africa,1966-KE,1964
Kenya,KEN,1967,1232559506.9761972,KE,Africa,1967-KE,1964
Kenya,KEN,1968,1353295458.6818166,KE,Africa,1968-KE,1968
Kenya,KEN,1969,1458379416.6482334,KE,Africa,1969-KE,1968
Kenya,KEN,1970,1603447358.6210566,KE,Africa,1970-KE,1968
Kenya,KEN,1971,1778391288.6434846,KE,Africa,1971-KE,1968
Kenya,KEN,1972,2107279157.0883372,KE,Africa,1972-KE,1972
Kenya,KEN,1973,2509001324.3459115,KE,Africa,1973-KE,1972
Kenya,KEN,1974,2969958812.016475,KE,Africa,1974-KE,1972
Kenya,KEN,1975,3259345083.2628255,KE,Africa,1975-KE,1972
Kenya,KEN,1976,3474542391.6999164,KE,Africa,1976-KE,1976
Kenya,KEN,1977,4494378764.320108,KE,Africa,1977-KE,1976
Kenya,KEN,1978,5303735110.551515,KE,Africa,1978-KE,1976
Kenya,KEN,1979,6234391113.464339,KE,Africa,1979-KE,1976
Kenya,KEN,1980,7265315820.207766,KE,Africa,1980-KE,1980
Kenya,KEN,1981,6854491705.883771,KE,Africa,1981-KE,1980
Kenya,KEN,1982,6431579356.959255,KE,Africa,1982-KE,1980
Kenya,KEN,1983,5979198313.760933,KE,Africa,1983-KE,1980
Kenya,KEN,1984,6191437070.184111,KE,Africa,1984-KE,1984
Kenya,KEN,1985,6135034213.789982,KE,Africa,1985-KE,1984
Kenya,KEN,1986,7239126568.140921,KE,Africa,1986-KE,1984
Kenya,KEN,1987,7970820369.294901,KE,Africa,1987-KE,1984
Kenya,KEN,1988,8355380879.129548,KE,Africa,1988-KE,1988
Kenya,KEN,1989,8283114514.170809,KE,Africa,1989-KE,1988
Kenya,KEN,1990,8572359038.169579,KE,Africa,1990-KE,1988
Kenya,KEN,1991,8151488783.190641,KE,Africa,1991-KE,1988
Kenya,KEN,1992,8209120763.049552,KE,Africa,1992-KE,1992
Kenya,KEN,1993,5751786642.558715,KE,Africa,1993-KE,1992
Kenya,KEN,1994,7148148564.042385,KE,Africa,1994-KE,1992
Kenya,KEN,1995,9046320255.405067,KE,Africa,1995-KE,1992
Kenya,KEN,1996,12045865396.132324,KE,Africa,1996-KE,1996
Kenya,KEN,1997,13115764358.284557,KE,Africa,1997-KE,1996
Kenya,KEN,1998,14093998843.733383,KE,Africa,1998-KE,1996
Kenya,KEN,1999,12896010459.371077,KE,Africa,1999-KE,1996
Kenya,KEN,2000,12705350097.80436,KE,Africa,2000-KE,2000
Kenya,KEN,2001,12986007425.878052,KE,Africa,2001-KE,2000
Kenya,KEN,2002,13147736898.517572,KE,Africa,2002-KE,2000
Kenya,KEN,2003,14904517649.847567,KE,Africa,2003-KE,2000
Kenya,KEN,2004,16095337093.836597,KE,Africa,2004-KE,2004
Kenya,KEN,2005,18737895512.737766,KE,Africa,2005-KE,2004
Kenya,KEN,2006,25825512284.289078,KE,Africa,2006-KE,2004
Kenya,KEN,2007,31958195182.240604,KE,Africa,2007-KE,2004
Kenya,KEN,2008,35895153327.849686,KE,Africa,2008-KE,2008
Kenya,KEN,2009,42347217912.91757,KE,Africa,2009-KE,2008
Kenya,KEN,2010,45405615063.75513,KE,Africa,2010-KE,2008
Kenya,KEN,2011,46869473150.60999,KE,Africa,2011-KE,2008
Kenya,KEN,2012,56396704671.57766,KE,Africa,2012-KE,2012
Kenya,KEN,2013,61671440407.83867,KE,Africa,2013-KE,2012
Kenya,KEN,2014,68285796514.28962,KE,Africa,2014-KE,2012
Kenya,KEN,2015,70120446897,KE,Africa,2015-KE,2012
Kenya,KEN,2016,74815144163.89308,KE,Africa,2016-KE,2016
Kenya,KEN,2017,82036510877.25989,KE,Africa,2017-KE,2016
Kenya,KEN,2018,92202979985,KE,Africa,2018-KE,2016
Kenya,KEN,2019,100378436207.37134,KE,Africa,2019-KE,2016
Kenya,KEN,2020,1.00658E+11,KE,Africa,2020-KE,2020
Kenya,KEN,2021,109703658904.99373,KE,Africa,2021-KE,2020
Kenya,KEN,2022,113419826113.90314,KE,Africa,2022-KE,2020
Kenya,KEN,2023,107440575838.04752,KE,Africa,2023-KE,2020
Kiribati,KIR,1970,14295279.544693673,KI,Oceania,1970-KI,1968
Kiribati,KIR,1971,15278632.47863248,KI,Oceania,1971-KI,1968
Kiribati,KIR,1972,18936526.946107786,KI,Oceania,1972-KI,1972
Kiribati,KIR,1973,31710657.72578114,KI,Oceania,1973-KI,1972
Kiribati,KIR,1974,85637174.37,KI,Oceania,1974-KI,1972
Kiribati,KIR,1975,55083908.14679442,KI,Oceania,1975-KI,1972
Kiribati,KIR,1976,41110421.320715055,KI,Oceania,1976-KI,1976
Kiribati,KIR,1977,38746985.279849194,KI,Oceania,1977-KI,1976
Kiribati,KIR,1978,45212147.98908956,KI,Oceania,1978-KI,1976
Kiribati,KIR,1979,42618212.22143854,KI,Oceania,1979-KI,1976
Kiribati,KIR,1980,33020436.234121725,KI,Oceania,1980-KI,1980
Kiribati,KIR,1981,35623380.42897445,KI,Oceania,1981-KI,1980
Kiribati,KIR,1982,32458871.060177732,KI,Oceania,1982-KI,1980
Kiribati,KIR,1983,30630216.708783217,KI,Oceania,1983-KI,1980
Kiribati,KIR,1984,34224966.85004813,KI,Oceania,1984-KI,1984
Kiribati,KIR,1985,25839883.511011634,KI,Oceania,1985-KI,1984
Kiribati,KIR,1986,26069971.804322805,KI,Oceania,1986-KI,1984
Kiribati,KIR,1987,29408057.80783935,KI,Oceania,1987-KI,1984
Kiribati,KIR,1988,38284001.66,KI,Oceania,1988-KI,1988
Kiribati,KIR,1989,37956756.18398589,KI,Oceania,1989-KI,1988
Kiribati,KIR,1990,36688453.36312124,KI,Oceania,1990-KI,1988
Kiribati,KIR,1991,41285104.02288286,KI,Oceania,1991-KI,1988
Kiribati,KIR,1992,61689952.17559898,KI,Oceania,1992-KI,1992
Kiribati,KIR,1993,59161135.893809155,KI,Oceania,1993-KI,1992
Kiribati,KIR,1994,67263705.16270871,KI,Oceania,1994-KI,1992
Kiribati,KIR,1995,68938269.11572957,KI,Oceania,1995-KI,1992
Kiribati,KIR,1996,81385876.26373093,KI,Oceania,1996-KI,1996
Kiribati,KIR,1997,80155561.16314626,KI,Oceania,1997-KI,1996
Kiribati,KIR,1998,74756820.46050201,KI,Oceania,1998-KI,1996
Kiribati,KIR,1999,77421852.32,KI,Oceania,1999-KI,1996
Kiribati,KIR,2000,74790109.38488324,KI,Oceania,2000-KI,2000
Kiribati,KIR,2001,65168750.85986546,KI,Oceania,2001-KI,2000
Kiribati,KIR,2002,74977058.64998916,KI,Oceania,2002-KI,2000
Kiribati,KIR,2003,95984600.95699242,KI,Oceania,2003-KI,2000
Kiribati,KIR,2004,104430807.97086526,KI,Oceania,2004-KI,2004
Kiribati,KIR,2005,113786233.08766197,KI,Oceania,2005-KI,2004
Kiribati,KIR,2006,112201076.37730587,KI,Oceania,2006-KI,2004
Kiribati,KIR,2007,138066995.12665346,KI,Oceania,2007-KI,2004
Kiribati,KIR,2008,146790160.52971956,KI,Oceania,2008-KI,2008
Kiribati,KIR,2009,140384919.85190952,KI,Oceania,2009-KI,2008
Kiribati,KIR,2010,165113529.31086197,KI,Oceania,2010-KI,2008
Kiribati,KIR,2011,195984787.45449802,KI,Oceania,2011-KI,2008
Kiribati,KIR,2012,207081997.22303042,KI,Oceania,2012-KI,2012
Kiribati,KIR,2013,201768028.5525895,KI,Oceania,2013-KI,2012
Kiribati,KIR,2014,200114840.7,KI,Oceania,2014-KI,2012
Kiribati,KIR,2015,191572320.42912197,KI,Oceania,2015-KI,2012
Kiribati,KIR,2016,206658568.82250705,KI,Oceania,2016-KI,2016
Kiribati,KIR,2017,223029864.54193038,KI,Oceania,2017-KI,2016
Kiribati,KIR,2018,233859230.19219792,KI,Oceania,2018-KI,2016
Kiribati,KIR,2019,216891541.02135062,KI,Oceania,2019-KI,2016
Kiribati,KIR,2020,222973879.71109742,KI,Oceania,2020-KI,2020
Kiribati,KIR,2021,289207526.3066171,KI,Oceania,2021-KI,2020
Kiribati,KIR,2022,270520731.5990411,KI,Oceania,2022-KI,2020
Kiribati,KIR,2023,279034355.10842144,KI,Oceania,2023-KI,2020
"Korea, Rep.",KOR,1960,3958811881.188119,KR,Asia,1960-KR,1960
"Korea, Rep.",KOR,1961,2417628736.526548,KR,Asia,1961-KR,1960
"Korea, Rep.",KOR,1962,2814615384.6153846,KR,Asia,1962-KR,1960
"Korea, Rep.",KOR,1963,3988461538.4615383,KR,Asia,1963-KR,1960
"Korea, Rep.",KOR,1964,3459019942.7907934,KR,Asia,1964-KR,1964
"Korea, Rep.",KOR,1965,3120861498.9144177,KR,Asia,1965-KR,1964
"Korea, Rep.",KOR,1966,3929055143.5020967,KR,Asia,1966-KR,1964
"Korea, Rep.",KOR,1967,4855892445.826819,KR,Asia,1967-KR,1964
"Korea, Rep.",KOR,1968,6119394892,KR,Asia,1968-KR,1968
"Korea, Rep.",KOR,1969,7678698837.593455,KR,Asia,1969-KR,1968
"Korea, Rep.",KOR,1970,9005144969.116661,KR,Asia,1970-KR,1968
"Korea, Rep.",KOR,1971,9903571248.532684,KR,Asia,1971-KR,1968
"Korea, Rep.",KOR,1972,10862211760.825178,KR,Asia,1972-KR,1972
"Korea, Rep.",KOR,1973,13876472208.26784,KR,Asia,1973-KR,1972
"Korea, Rep.",KOR,1974,19543973941.368076,KR,Asia,1974-KR,1972
"Korea, Rep.",KOR,1975,21784297520.661156,KR,Asia,1975-KR,1972
"Korea, Rep.",KOR,1976,29902479338.842976,KR,Asia,1976-KR,1976
"Korea, Rep.",KOR,1977,38446487603.305786,KR,Asia,1977-KR,1976
"Korea, Rep.",KOR,1978,51972107438.016525,KR,Asia,1978-KR,1976
"Korea, Rep.",KOR,1979,66946900826.44628,KR,Asia,1979-KR,1976
"Korea, Rep.",KOR,1980,65398377597.51083,KR,Asia,1980-KR,1980
"Korea, Rep.",KOR,1981,72933533011.77058,KR,Asia,1981-KR,1980
"Korea, Rep.",KOR,1982,78358416171.48886,KR,Asia,1982-KR,1980
"Korea, Rep.",KOR,1983,87760553261.92787,KR,Asia,1983-KR,1980
"Korea, Rep.",KOR,1984,97510744119.11623,KR,Asia,1984-KR,1984
"Korea, Rep.",KOR,1985,101296177099.37703,KR,Asia,1985-KR,1984
"Korea, Rep.",KOR,1986,116836246284.83249,KR,Asia,1986-KR,1984
"Korea, Rep.",KOR,1987,147948709376.43414,KR,Asia,1987-KR,1984
"Korea, Rep.",KOR,1988,199591287824.77655,KR,Asia,1988-KR,1988
"Korea, Rep.",KOR,1989,246928837311.40607,KR,Asia,1989-KR,1988
"Korea, Rep.",KOR,1990,283365844161.0921,KR,Asia,1990-KR,1988
"Korea, Rep.",KOR,1991,330647042837.3337,KR,Asia,1991-KR,1988
"Korea, Rep.",KOR,1992,355524903068.05554,KR,Asia,1992-KR,1992
"Korea, Rep.",KOR,1993,392665710525.41095,KR,Asia,1993-KR,1992
"Korea, Rep.",KOR,1994,463619823515.1643,KR,Asia,1994-KR,1992
"Korea, Rep.",KOR,1995,566581003128.2037,KR,Asia,1995-KR,1992
"Korea, Rep.",KOR,1996,6.10167E+11,KR,Asia,1996-KR,1996
"Korea, Rep.",KOR,1997,569755022973.0349,KR,Asia,1997-KR,1996
"Korea, Rep.",KOR,1998,3.83332E+11,KR,Asia,1998-KR,1996
"Korea, Rep.",KOR,1999,497514040642.26215,KR,Asia,1999-KR,1996
"Korea, Rep.",KOR,2000,5.76179E+11,KR,Asia,2000-KR,2000
"Korea, Rep.",KOR,2001,547656279894.58673,KR,Asia,2001-KR,2000
"Korea, Rep.",KOR,2002,627246933729.6177,KR,Asia,2002-KR,2000
"Korea, Rep.",KOR,2003,702714855193.9042,KR,Asia,2003-KR,2000
"Korea, Rep.",KOR,2004,793175561887.0269,KR,Asia,2004-KR,2004
"Korea, Rep.",KOR,2005,934901071332.9838,KR,Asia,2005-KR,2004
"Korea, Rep.",KOR,2006,1053216909887.5618,KR,Asia,2006-KR,2004
"Korea, Rep.",KOR,2007,1172614086539.8635,KR,Asia,2007-KR,2004
"Korea, Rep.",KOR,2008,1047339010225.2472,KR,Asia,2008-KR,2008
"Korea, Rep.",KOR,2009,943941876218.7433,KR,Asia,2009-KR,2008
"Korea, Rep.",KOR,2010,1143672241149.7156,KR,Asia,2010-KR,2008
"Korea, Rep.",KOR,2011,1253289537500.8132,KR,Asia,2011-KR,2008
"Korea, Rep.",KOR,2012,1278046536287.0134,KR,Asia,2012-KR,2012
"Korea, Rep.",KOR,2013,1370632955321.2036,KR,Asia,2013-KR,2012
"Korea, Rep.",KOR,2014,1484488526271.7983,KR,Asia,2014-KR,2012
"Korea, Rep.",KOR,2015,1466038936206.4277,KR,Asia,2015-KR,2012
"Korea, Rep.",KOR,2016,1499679823909.6116,KR,Asia,2016-KR,2016
"Korea, Rep.",KOR,2017,1623074183501.9038,KR,Asia,2017-KR,2016
"Korea, Rep.",KOR,2018,1725373496825.426,KR,Asia,2018-KR,2016
"Korea, Rep.",KOR,2019,1651422932447.768,KR,Asia,2019-KR,2016
"Korea, Rep.",KOR,2020,1644312831906.1692,KR,Asia,2020-KR,2020
"Korea, Rep.",KOR,2021,1818432106880.0369,KR,Asia,2021-KR,2020
"Korea, Rep.",KOR,2022,1673916511799.7087,KR,Asia,2022-KR,2020
"Korea, Rep.",KOR,2023,1712792854202.3687,KR,Asia,2023-KR,2020
Kosovo,XKX,2008,5181776768.712465,KO,Europe,2008-KO,2008
Kosovo,XKX,2009,5015894692.970269,KO,Europe,2009-KO,2008
Kosovo,XKX,2010,5343950556.071849,KO,Europe,2010-KO,2008
Kosovo,XKX,2011,6341613609.979761,KO,Europe,2011-KO,2008
Kosovo,XKX,2012,6163484245,KO,Europe,2012-KO,2012
Kosovo,XKX,2013,6735328609.659405,KO,Europe,2013-KO,2012
Kosovo,XKX,2014,7074394734.884315,KO,Europe,2014-KO,2012
Kosovo,XKX,2015,6295848422.715734,KO,Europe,2015-KO,2012
Kosovo,XKX,2016,6682677289.989938,KO,Europe,2016-KO,2016
Kosovo,XKX,2017,7180764703.357184,KO,Europe,2017-KO,2016
Kosovo,XKX,2018,7878759714.823217,KO,Europe,2018-KO,2016
Kosovo,XKX,2019,7899737577.472862,KO,Europe,2019-KO,2016
Kosovo,XKX,2020,7717145217.812473,KO,Europe,2020-KO,2020
Kosovo,XKX,2021,9413403724.018988,KO,Europe,2021-KO,2020
Kosovo,XKX,2022,9354903062,KO,Europe,2022-KO,2020
Kosovo,XKX,2023,10438351483.167696,KO,Europe,2023-KO,2020
Kuwait,KWT,1962,1828107502.799552,KW,Middle East,1962-KW,1960
Kuwait,KWT,1963,1900895856.6629338,KW,Middle East,1963-KW,1960
Kuwait,KWT,1964,2071668533.0347145,KW,Middle East,1964-KW,1964
Kuwait,KWT,1965,2097199161.1203356,KW,Middle East,1965-KW,1964
Kuwait,KWT,1966,2391199043.520383,KW,Middle East,1966-KW,1964
Kuwait,KWT,1967,2441599023.3603907,KW,Middle East,1967-KW,1964
Kuwait,KWT,1968,2662798934.880426,KW,Middle East,1968-KW,1968
Kuwait,KWT,1969,2769198892.320443,KW,Middle East,1969-KW,1968
Kuwait,KWT,1970,2873638851,KW,Middle East,1970-KW,1968
Kuwait,KWT,1971,3880392195.4068823,KW,Middle East,1971-KW,1968
Kuwait,KWT,1972,4450537925,KW,Middle East,1972-KW,1972
Kuwait,KWT,1973,5408804607.312896,KW,Middle East,1973-KW,1972
Kuwait,KWT,1974,13006948296.270523,KW,Middle East,1974-KW,1972
Kuwait,KWT,1975,12022811620.78667,KW,Middle East,1975-KW,1972
Kuwait,KWT,1976,13132252801.937159,KW,Middle East,1976-KW,1976
Kuwait,KWT,1977,14137406740.50655,KW,Middle East,1977-KW,1976
Kuwait,KWT,1978,15503557496.191643,KW,Middle East,1978-KW,1976
Kuwait,KWT,1979,24749063922.47961,KW,Middle East,1979-KW,1976
Kuwait,KWT,1980,28638868355.919598,KW,Middle East,1980-KW,1980
Kuwait,KWT,1981,25058020338.253494,KW,Middle East,1981-KW,1980
Kuwait,KWT,1982,21577153356.419174,KW,Middle East,1982-KW,1980
Kuwait,KWT,1983,20871081080.15384,KW,Middle East,1983-KW,1980
Kuwait,KWT,1984,21700082752.936886,KW,Middle East,1984-KW,1984
Kuwait,KWT,1985,21445970613.759464,KW,Middle East,1985-KW,1984
Kuwait,KWT,1986,17903989745.177998,KW,Middle East,1986-KW,1984
Kuwait,KWT,1987,22368704133.666832,KW,Middle East,1987-KW,1984
Kuwait,KWT,1988,20690322153,KW,Middle East,1988-KW,1988
Kuwait,KWT,1989,24313855653.399323,KW,Middle East,1989-KW,1988
Kuwait,KWT,1990,18427777777.77778,KW,Middle East,1990-KW,1988
Kuwait,KWT,1991,11009993703.147371,KW,Middle East,1991-KW,1988
Kuwait,KWT,1992,19858555214.723927,KW,Middle East,1992-KW,1992
Kuwait,KWT,1993,23941391390.728477,KW,Middle East,1993-KW,1992
Kuwait,KWT,1994,24848483838.38384,KW,Middle East,1994-KW,1992
Kuwait,KWT,1995,27186980646.544792,KW,Middle East,1995-KW,1992
Kuwait,KWT,1996,31492373308.751575,KW,Middle East,1996-KW,1996
Kuwait,KWT,1997,30350190704.436146,KW,Middle East,1997-KW,1996
Kuwait,KWT,1998,25943705784.29957,KW,Middle East,1998-KW,1996
Kuwait,KWT,1999,30122365849.251846,KW,Middle East,1999-KW,1996
Kuwait,KWT,2000,37718743480,KW,Middle East,2000-KW,2000
Kuwait,KWT,2001,34889559869.832596,KW,Middle East,2001-KW,2000
Kuwait,KWT,2002,38135788413.82759,KW,Middle East,2002-KW,2000
Kuwait,KWT,2003,47874582231.58799,KW,Middle East,2003-KW,2000
Kuwait,KWT,2004,59439090600.61079,KW,Middle East,2004-KW,2004
Kuwait,KWT,2005,80798630136.98631,KW,Middle East,2005-KW,2004
Kuwait,KWT,2006,101557330723.42303,KW,Middle East,2006-KW,2004
Kuwait,KWT,2007,114634043361.69223,KW,Middle East,2007-KW,2004
Kuwait,KWT,2008,147379737229.75284,KW,Middle East,2008-KW,2008
Kuwait,KWT,2009,105968691905.4155,KW,Middle East,2009-KW,2008
Kuwait,KWT,2010,115416245238.47812,KW,Middle East,2010-KW,2008
Kuwait,KWT,2011,154039231299.1275,KW,Middle East,2011-KW,2008
Kuwait,KWT,2012,174047695598.6865,KW,Middle East,2012-KW,2012
Kuwait,KWT,2013,174168116687.21497,KW,Middle East,2013-KW,2012
Kuwait,KWT,2014,162650450784.68552,KW,Middle East,2014-KW,2012
Kuwait,KWT,2015,114585555830.91621,KW,Middle East,2015-KW,2012
Kuwait,KWT,2016,109406674087.94687,KW,Middle East,2016-KW,2016
Kuwait,KWT,2017,120687539675.51738,KW,Middle East,2017-KW,2016
Kuwait,KWT,2018,138202535962.40082,KW,Middle East,2018-KW,2016
Kuwait,KWT,2019,138696321087.86374,KW,Middle East,2019-KW,2016
Kuwait,KWT,2020,107512998447.02074,KW,Middle East,2020-KW,2020
Kuwait,KWT,2021,141777271268.69412,KW,Middle East,2021-KW,2020
Kuwait,KWT,2022,182809482400.92438,KW,Middle East,2022-KW,2020
Kuwait,KWT,2023,161772221950.94162,KW,Middle East,2023-KW,2020
Kyrgyz Republic,KGZ,1990,2675000000,KG,Middle East,1990-KG,1988
Kyrgyz Republic,KGZ,1991,2569444444.4444447,KG,Middle East,1991-KG,1988
Kyrgyz Republic,KGZ,1992,2316562500,KG,Middle East,1992-KG,1992
Kyrgyz Republic,KGZ,1993,2028295454.5454545,KG,Middle East,1993-KG,1992
Kyrgyz Republic,KGZ,1994,1681006993.0069928,KG,Middle East,1994-KG,1992
Kyrgyz Republic,KGZ,1995,1661018518.5185184,KG,Middle East,1995-KG,1992
Kyrgyz Republic,KGZ,1996,1827570586.1678448,KG,Middle East,1996-KG,1996
Kyrgyz Republic,KGZ,1997,1767864035.7194295,KG,Middle East,1997-KG,1996
Kyrgyz Republic,KGZ,1998,1645963749.8314617,KG,Middle East,1998-KG,1996
Kyrgyz Republic,KGZ,1999,1249061487.0145676,KG,Middle East,1999-KG,1996
Kyrgyz Republic,KGZ,2000,1369688498.0677826,KG,Middle East,2000-KG,2000
Kyrgyz Republic,KGZ,2001,1525116370.279392,KG,Middle East,2001-KG,2000
Kyrgyz Republic,KGZ,2002,1605643104.730212,KG,Middle East,2002-KG,2000
Kyrgyz Republic,KGZ,2003,1919008090.4964125,KG,Middle East,2003-KG,2000
Kyrgyz Republic,KGZ,2004,2211534585.003399,KG,Middle East,2004-KG,2004
Kyrgyz Republic,KGZ,2005,2460246766.4140053,KG,Middle East,2005-KG,2004
Kyrgyz Republic,KGZ,2006,2834168889.4201913,KG,Middle East,2006-KG,2004
Kyrgyz Republic,KGZ,2007,3802570552.561046,KG,Middle East,2007-KG,2004
Kyrgyz Republic,KGZ,2008,5139958909.179356,KG,Middle East,2008-KG,2008
Kyrgyz Republic,KGZ,2009,4690061380.602529,KG,Middle East,2009-KG,2008
Kyrgyz Republic,KGZ,2010,4794361863.013527,KG,Middle East,2010-KG,2008
Kyrgyz Republic,KGZ,2011,6197765984.284684,KG,Middle East,2011-KG,2008
Kyrgyz Republic,KGZ,2012,6605142884.362147,KG,Middle East,2012-KG,2012
Kyrgyz Republic,KGZ,2013,7335033800.590564,KG,Middle East,2013-KG,2012
Kyrgyz Republic,KGZ,2014,7468102412.682374,KG,Middle East,2014-KG,2012
Kyrgyz Republic,KGZ,2015,6678177511.663131,KG,Middle East,2015-KG,2012
Kyrgyz Republic,KGZ,2016,6813095379.118702,KG,Middle East,2016-KG,2016
Kyrgyz Republic,KGZ,2017,7702938379,KG,Middle East,2017-KG,2016
Kyrgyz Republic,KGZ,2018,8271106235.415524,KG,Middle East,2018-KG,2016
Kyrgyz Republic,KGZ,2019,9371275264.367346,KG,Middle East,2019-KG,2016
Kyrgyz Republic,KGZ,2020,8270468614.240511,KG,Middle East,2020-KG,2020
Kyrgyz Republic,KGZ,2021,9249133946.265314,KG,Middle East,2021-KG,2020
Kyrgyz Republic,KGZ,2022,12134931017.946526,KG,Middle East,2022-KG,2020
Kyrgyz Republic,KGZ,2023,13987627908.838139,KG,Middle East,2023-KG,2020
Lao PDR,LAO,1984,1757142855.9183671,LA,Asia,1984-LA,1984
Lao PDR,LAO,1985,2366666615.5555553,LA,Asia,1985-LA,1984
Lao PDR,LAO,1986,1776842097.1634347,LA,Asia,1986-LA,1984
Lao PDR,LAO,1987,1087273103.6963859,LA,Asia,1987-LA,1984
Lao PDR,LAO,1988,598961269.2978786,LA,Asia,1988-LA,1988
Lao PDR,LAO,1989,714046821.1,LA,Asia,1989-LA,1988
Lao PDR,LAO,1990,865559879.4004065,LA,Asia,1990-LA,1988
Lao PDR,LAO,1991,1028087972.3108478,LA,Asia,1991-LA,1988
Lao PDR,LAO,1992,1127806944.6151268,LA,Asia,1992-LA,1992
Lao PDR,LAO,1993,1327748689.8809426,LA,Asia,1993-LA,1992
Lao PDR,LAO,1994,1543606345.1168365,LA,Asia,1994-LA,1992
Lao PDR,LAO,1995,1763536304.5396364,LA,Asia,1995-LA,1992
Lao PDR,LAO,1996,1873671550.3463552,LA,Asia,1996-LA,1996
Lao PDR,LAO,1997,1747011857.3310688,LA,Asia,1997-LA,1996
Lao PDR,LAO,1998,1280177838.7190535,LA,Asia,1998-LA,1996
Lao PDR,LAO,1999,1454430642.449592,LA,Asia,1999-LA,1996
Lao PDR,LAO,2000,1731198022.4676313,LA,Asia,2000-LA,2000
Lao PDR,LAO,2001,1768619058.3464744,LA,Asia,2001-LA,2000
Lao PDR,LAO,2002,1758176653.0774584,LA,Asia,2002-LA,2000
Lao PDR,LAO,2003,2023324407.2841384,LA,Asia,2003-LA,2000
Lao PDR,LAO,2004,2366398119.863208,LA,Asia,2004-LA,2004
Lao PDR,LAO,2005,2735558734.737903,LA,Asia,2005-LA,2004
Lao PDR,LAO,2006,3455030060.978498,LA,Asia,2006-LA,2004
Lao PDR,LAO,2007,4223152739.0405164,LA,Asia,2007-LA,2004
Lao PDR,LAO,2008,5446433157.401138,LA,Asia,2008-LA,2008
Lao PDR,LAO,2009,5836137329.633054,LA,Asia,2009-LA,2008
Lao PDR,LAO,2010,7131771014.704564,LA,Asia,2010-LA,2008
Lao PDR,LAO,2011,8750104617.173029,LA,Asia,2011-LA,2008
Lao PDR,LAO,2012,10192846339.40287,LA,Asia,2012-LA,2012
Lao PDR,LAO,2013,11983252626.545183,LA,Asia,2013-LA,2012
Lao PDR,LAO,2014,13279245886.385435,LA,Asia,2014-LA,2012
Lao PDR,LAO,2015,14426380125.648829,LA,Asia,2015-LA,2012
Lao PDR,LAO,2016,15912501722.614256,LA,Asia,2016-LA,2016
Lao PDR,LAO,2017,17071155481.49936,LA,Asia,2017-LA,2016
Lao PDR,LAO,2018,18141641089.796326,LA,Asia,2018-LA,2016
Lao PDR,LAO,2019,18740561512.555496,LA,Asia,2019-LA,2016
Lao PDR,LAO,2020,18981805250.242397,LA,Asia,2020-LA,2020
Lao PDR,LAO,2021,18827148530.934723,LA,Asia,2021-LA,2020
Lao PDR,LAO,2022,15468785203.753174,LA,Asia,2022-LA,2020
Lao PDR,LAO,2023,15843155731.25518,LA,Asia,2023-LA,2020
Latvia,LVA,1995,5789128636.6229315,LV,Europe,1995-LV,1992
Latvia,LVA,1996,5975248851.454824,LV,Europe,1996-LV,1996
Latvia,LVA,1997,6527926445.681104,LV,Europe,1997-LV,1996
Latvia,LVA,1998,7166275467.651614,LV,Europe,1998-LV,1996
Latvia,LVA,1999,7533788134,LV,Europe,1999-LV,1996
Latvia,LVA,2000,7958852838.933951,LV,Europe,2000-LV,2000
Latvia,LVA,2001,8362398701.589434,LV,Europe,2001-LV,2000
Latvia,LVA,2002,9557031605.275124,LV,Europe,2002-LV,2000
Latvia,LVA,2003,11771975156.80728,LV,Europe,2003-LV,2000
Latvia,LVA,2004,14435700533.368023,LV,Europe,2004-LV,2004
Latvia,LVA,2005,17003459863.098942,LV,Europe,2005-LV,2004
Latvia,LVA,2006,21570076498.620518,LV,Europe,2006-LV,2004
Latvia,LVA,2007,31054350977.97839,LV,Europe,2007-LV,2004
Latvia,LVA,2008,35854274229,LV,Europe,2008-LV,2008
Latvia,LVA,2009,26410909090.90909,LV,Europe,2009-LV,2008
Latvia,LVA,2010,23956163076.55748,LV,Europe,2010-LV,2008
Latvia,LVA,2011,27474380566.26504,LV,Europe,2011-LV,2008
Latvia,LVA,2012,28169902669.378365,LV,Europe,2012-LV,2012
Latvia,LVA,2013,30204783461.84881,LV,Europe,2013-LV,2012
Latvia,LVA,2014,31386896487.040672,LV,Europe,2014-LV,2012
Latvia,LVA,2015,27263090547.061707,LV,Europe,2015-LV,2012
Latvia,LVA,2016,28083597512.484116,LV,Europe,2016-LV,2016
Latvia,LVA,2017,30483806017.831818,LV,Europe,2017-LV,2016
Latvia,LVA,2018,34429023435.02115,LV,Europe,2018-LV,2016
Latvia,LVA,2019,34225547537.074455,LV,Europe,2019-LV,2016
Latvia,LVA,2020,34390910339,LV,Europe,2020-LV,2020
Latvia,LVA,2021,39443126174.43347,LV,Europe,2021-LV,2020
Latvia,LVA,2022,40422521943.44179,LV,Europe,2022-LV,2020
Latvia,LVA,2023,43627078481.28705,LV,Europe,2023-LV,2020
Lebanon,LBN,1988,3313540067.9324584,LB,Middle East,1988-LB,1988
Lebanon,LBN,1989,2717998687.710016,LB,Middle East,1989-LB,1988
Lebanon,LBN,1990,2838485353.9618664,LB,Middle East,1990-LB,1988
Lebanon,LBN,1991,4690415092.536633,LB,Middle East,1991-LB,1988
Lebanon,LBN,1992,5843579160.901219,LB,Middle East,1992-LB,1992
Lebanon,LBN,1993,7941744492.235954,LB,Middle East,1993-LB,1992
Lebanon,LBN,1994,9599127050.175585,LB,Middle East,1994-LB,1992
Lebanon,LBN,1995,11718795528.555569,LB,Middle East,1995-LB,1992
Lebanon,LBN,1996,13690217333.587883,LB,Middle East,1996-LB,1996
Lebanon,LBN,1997,15751867489.444624,LB,Middle East,1997-LB,1996
Lebanon,LBN,1998,17247179005.521946,LB,Middle East,1998-LB,1996
Lebanon,LBN,1999,17391056369.226524,LB,Middle East,1999-LB,1996
Lebanon,LBN,2000,17260364842.454395,LB,Middle East,2000-LB,2000
Lebanon,LBN,2001,17649751243.781094,LB,Middle East,2001-LB,2000
Lebanon,LBN,2002,19152238805.97015,LB,Middle East,2002-LB,2000
Lebanon,LBN,2003,20082918739.63516,LB,Middle East,2003-LB,2000
Lebanon,LBN,2004,21159827992.039803,LB,Middle East,2004-LB,2004
Lebanon,LBN,2005,21497336498.839138,LB,Middle East,2005-LB,2004
Lebanon,LBN,2006,22022709851.40962,LB,Middle East,2006-LB,2004
Lebanon,LBN,2007,24827355014.925373,LB,Middle East,2007-LB,2004
Lebanon,LBN,2008,29118916105.472637,LB,Middle East,2008-LB,2008
Lebanon,LBN,2009,35399582928.68988,LB,Middle East,2009-LB,2008
Lebanon,LBN,2010,38443907042.12272,LB,Middle East,2010-LB,2008
Lebanon,LBN,2011,39927125962,LB,Middle East,2011-LB,2008
Lebanon,LBN,2012,44016799515.75456,LB,Middle East,2012-LB,2012
Lebanon,LBN,2013,46880103080.597015,LB,Middle East,2013-LB,2012
Lebanon,LBN,2014,48095213746.600334,LB,Middle East,2014-LB,2012
Lebanon,LBN,2015,49929337836.81592,LB,Middle East,2015-LB,2012
Lebanon,LBN,2016,51147308774.12936,LB,Middle East,2016-LB,2016
Lebanon,LBN,2017,53027680685.90382,LB,Middle East,2017-LB,2016
Lebanon,LBN,2018,54901519155.55556,LB,Middle East,2018-LB,2016
Lebanon,LBN,2019,51605959131.27413,LB,Middle East,2019-LB,2016
Lebanon,LBN,2020,31712128253.796097,LB,Middle East,2020-LB,2020
Lebanon,LBN,2021,23131941556.784348,LB,Middle East,2021-LB,2020
Lebanon,LBN,2022,20992421948.808086,LB,Middle East,2022-LB,2020
Lesotho,LSO,1960,34579986.16800553,LS,Africa,1960-LS,1960
Lesotho,LSO,1961,35699985.72000571,LS,Africa,1961-LS,1960
Lesotho,LSO,1962,41859983.256006695,LS,Africa,1962-LS,1960
Lesotho,LSO,1963,47039981.184007525,LS,Africa,1963-LS,1960
Lesotho,LSO,1964,51939979.224008314,LS,Africa,1964-LS,1964
Lesotho,LSO,1965,54879978.048008785,LS,Africa,1965-LS,1964
Lesotho,LSO,1966,56699977.320009075,LS,Africa,1966-LS,1964
Lesotho,LSO,1967,59261976.29520948,LS,Africa,1967-LS,1964
Lesotho,LSO,1968,61445975.421609834,LS,Africa,1968-LS,1968
Lesotho,LSO,1969,65967973.61281056,LS,Africa,1969-LS,1968
Lesotho,LSO,1970,68739972.5,LS,Africa,1970-LS,1968
Lesotho,LSO,1971,76480285.00441125,LS,Africa,1971-LS,1968
Lesotho,LSO,1972,80913200.42928225,LS,Africa,1972-LS,1972
Lesotho,LSO,1973,121188715.75986478,LS,Africa,1973-LS,1972
Lesotho,LSO,1974,150851316.52727023,LS,Africa,1974-LS,1972
Lesotho,LSO,1975,149558895.91458103,LS,Africa,1975-LS,1972
Lesotho,LSO,1976,147660036.91500923,LS,Africa,1976-LS,1976
Lesotho,LSO,1977,193315048.32876208,LS,Africa,1977-LS,1976
Lesotho,LSO,1978,266570066.64251664,LS,Africa,1978-LS,1976
Lesotho,LSO,1979,290134592.5230071,LS,Africa,1979-LS,1976
Lesotho,LSO,1980,431542536.7,LS,Africa,1980-LS,1980
Lesotho,LSO,1981,434188034.18803424,LS,Africa,1981-LS,1980
Lesotho,LSO,1982,348741683.67384535,LS,Africa,1982-LS,1980
Lesotho,LSO,1983,386699308.8591688,LS,Africa,1983-LS,1980
Lesotho,LSO,1984,333163670.28022534,LS,Africa,1984-LS,1984
Lesotho,LSO,1985,268629925.8528049,LS,Africa,1985-LS,1984
Lesotho,LSO,1986,318858422.9892623,LS,Africa,1986-LS,1984
Lesotho,LSO,1987,402768324.48197055,LS,Africa,1987-LS,1984
Lesotho,LSO,1988,470395800.6006682,LS,Africa,1988-LS,1988
Lesotho,LSO,1989,495409232.6275786,LS,Africa,1989-LS,1988
Lesotho,LSO,1990,596410263.7438493,LS,Africa,1990-LS,1988
Lesotho,LSO,1991,704325366.7183932,LS,Africa,1991-LS,1988
Lesotho,LSO,1992,831029861.7047461,LS,Africa,1992-LS,1992
Lesotho,LSO,1993,835582062.4761685,LS,Africa,1993-LS,1992
Lesotho,LSO,1994,878250945.2804694,LS,Africa,1994-LS,1992
Lesotho,LSO,1995,1001894000.2784605,LS,Africa,1995-LS,1992
Lesotho,LSO,1996,946112492.8,LS,Africa,1996-LS,1996
Lesotho,LSO,1997,998004258.7156752,LS,Africa,1997-LS,1996
Lesotho,LSO,1998,928460893.1089647,LS,Africa,1998-LS,1996
Lesotho,LSO,1999,912773681.0506419,LS,Africa,1999-LS,1996
Lesotho,LSO,2000,887291687.9207957,LS,Africa,2000-LS,2000
Lesotho,LSO,2001,825706961.2386893,LS,Africa,2001-LS,2000
Lesotho,LSO,2002,775777238.5581402,LS,Africa,2002-LS,2000
Lesotho,LSO,2003,1157825434.789707,LS,Africa,2003-LS,2000
Lesotho,LSO,2004,1511236655.5204656,LS,Africa,2004-LS,2004
Lesotho,LSO,2005,1682343527.492213,LS,Africa,2005-LS,2004
Lesotho,LSO,2006,1800092563.754615,LS,Africa,2006-LS,2004
Lesotho,LSO,2007,1682131784.5136483,LS,Africa,2007-LS,2004
Lesotho,LSO,2008,1766902709.1993523,LS,Africa,2008-LS,2008
Lesotho,LSO,2009,1740894964.8051126,LS,Africa,2009-LS,2008
Lesotho,LSO,2010,2234754241.919178,LS,Africa,2010-LS,2008
Lesotho,LSO,2011,2579409619.967217,LS,Africa,2011-LS,2008
Lesotho,LSO,2012,2477702216.268875,LS,Africa,2012-LS,2012
Lesotho,LSO,2013,2367112931.642001,LS,Africa,2013-LS,2012
Lesotho,LSO,2014,2441063054.057919,LS,Africa,2014-LS,2012
Lesotho,LSO,2015,2359686724.538286,LS,Africa,2015-LS,2012
Lesotho,LSO,2016,2114426453.7069674,LS,Africa,2016-LS,2016
Lesotho,LSO,2017,2306741674.0550013,LS,Africa,2017-LS,2016
Lesotho,LSO,2018,2556247291.9978547,LS,Africa,2018-LS,2016
Lesotho,LSO,2019,2390702295.827774,LS,Africa,2019-LS,2016
Lesotho,LSO,2020,2053338465.244617,LS,Africa,2020-LS,2020
Lesotho,LSO,2021,2406780518.528112,LS,Africa,2021-LS,2020
Lesotho,LSO,2022,2289355249.401483,LS,Africa,2022-LS,2020
Lesotho,LSO,2023,2046039024.4585402,LS,Africa,2023-LS,2020
Liberia,LBR,1960,190495600,LR,Africa,1960-LR,1960
Liberia,LBR,1961,183920900,LR,Africa,1961-LR,1960
Liberia,LBR,1962,191861800,LR,Africa,1962-LR,1960
Liberia,LBR,1963,200229599.99999902,LR,Africa,1963-LR,1960
Liberia,LBR,1964,218929099.99999902,LR,Africa,1964-LR,1964
Liberia,LBR,1965,229260800,LR,Africa,1965-LR,1964
Liberia,LBR,1966,244459500,LR,Africa,1966-LR,1964
Liberia,LBR,1967,261024299.99999902,LR,Africa,1967-LR,1964
Liberia,LBR,1968,276820699.99999905,LR,Africa,1968-LR,1968
Liberia,LBR,1969,306961800,LR,Africa,1969-LR,1968
Liberia,LBR,1970,323099699.99999905,LR,Africa,1970-LR,1968
Liberia,LBR,1971,341543100,LR,Africa,1971-LR,1968
Liberia,LBR,1972,368098000,LR,Africa,1972-LR,1972
Liberia,LBR,1973,386968300,LR,Africa,1973-LR,1972
Liberia,LBR,1974,486954999.99999905,LR,Africa,1974-LR,1972
Liberia,LBR,1975,577549300,LR,Africa,1975-LR,1972
Liberia,LBR,1976,596675700,LR,Africa,1976-LR,1976
Liberia,LBR,1977,673010600,LR,Africa,1977-LR,1976
Liberia,LBR,1978,717240400,LR,Africa,1978-LR,1976
Liberia,LBR,1979,814067900,LR,Africa,1979-LR,1976
Liberia,LBR,1980,854711500,LR,Africa,1980-LR,1980
Liberia,LBR,1981,846514500,LR,Africa,1981-LR,1980
Liberia,LBR,1982,863933200,LR,Africa,1982-LR,1980
Liberia,LBR,1983,823374900,LR,Africa,1983-LR,1980
Liberia,LBR,1984,848478300,LR,Africa,1984-LR,1984
Liberia,LBR,1985,851296100,LR,Africa,1985-LR,1984
Liberia,LBR,1986,840964400,LR,Africa,1986-LR,1984
Liberia,LBR,1987,972800000,LR,Africa,1987-LR,1984
Liberia,LBR,1988,1038300000,LR,Africa,1988-LR,1988
Liberia,LBR,1989,786300000,LR,Africa,1989-LR,1988
Liberia,LBR,1990,384400000,LR,Africa,1990-LR,1988
Liberia,LBR,1991,348000000,LR,Africa,1991-LR,1988
Liberia,LBR,1992,223500000,LR,Africa,1992-LR,1992
Liberia,LBR,1993,160400000,LR,Africa,1993-LR,1992
Liberia,LBR,1994,132199999.99999999,LR,Africa,1994-LR,1992
Liberia,LBR,1995,134800000,LR,Africa,1995-LR,1992
Liberia,LBR,1996,159400000,LR,Africa,1996-LR,1996
Liberia,LBR,1997,295900000,LR,Africa,1997-LR,1996
Liberia,LBR,1998,359600000,LR,Africa,1998-LR,1996
Liberia,LBR,1999,441800000,LR,Africa,1999-LR,1996
Liberia,LBR,2000,874000000,LR,Africa,2000-LR,2000
Liberia,LBR,2001,906000000,LR,Africa,2001-LR,2000
Liberia,LBR,2002,927000000,LR,Africa,2002-LR,2000
Liberia,LBR,2003,748000000,LR,Africa,2003-LR,2000
Liberia,LBR,2004,897000000,LR,Africa,2004-LR,2004
Liberia,LBR,2005,949000000,LR,Africa,2005-LR,2004
Liberia,LBR,2006,1119000000,LR,Africa,2006-LR,2004
Liberia,LBR,2007,1373000000,LR,Africa,2007-LR,2004
Liberia,LBR,2008,1726000000,LR,Africa,2008-LR,2008
Liberia,LBR,2009,1768000000,LR,Africa,2009-LR,2008
Liberia,LBR,2010,1998000000,LR,Africa,2010-LR,2008
Liberia,LBR,2011,2398000000,LR,Africa,2011-LR,2008
Liberia,LBR,2012,2791614000,LR,Africa,2012-LR,2012
Liberia,LBR,2013,3177198100,LR,Africa,2013-LR,2012
Liberia,LBR,2014,3225652000,LR,Africa,2014-LR,2012
Liberia,LBR,2015,3227075700,LR,Africa,2015-LR,2012
Liberia,LBR,2016,3398419600,LR,Africa,2016-LR,2016
Liberia,LBR,2017,3390703400,LR,Africa,2017-LR,2016
Liberia,LBR,2018,3422754800,LR,Africa,2018-LR,2016
Liberia,LBR,2019,3319596500,LR,Africa,2019-LR,2016
Liberia,LBR,2020,3176126340,LR,Africa,2020-LR,2020
Liberia,LBR,2021,3513049520,LR,Africa,2021-LR,2020
Liberia,LBR,2022,4001047000,LR,Africa,2022-LR,2020
Liberia,LBR,2023,4332000000,LR,Africa,2023-LR,2020
Libya,LBY,1960,401644248.8258345,LY,Africa,1960-LY,1960
Libya,LBY,1961,443905611.5536942,LY,Africa,1961-LY,1960
Libya,LBY,1962,619725784.7344817,LY,Africa,1962-LY,1960
Libya,LBY,1963,892327911.0880151,LY,Africa,1963-LY,1960
Libya,LBY,1964,1341395422.267036,LY,Africa,1964-LY,1964
Libya,LBY,1965,1804979679.2824948,LY,Africa,1965-LY,1964
Libya,LBY,1966,2312438534.6052895,LY,Africa,1966-LY,1964
Libya,LBY,1967,2726986913.0912633,LY,Africa,1967-LY,1964
Libya,LBY,1968,3850623095.570402,LY,Africa,1968-LY,1968
Libya,LBY,1969,4380987480.449372,LY,Africa,1969-LY,1968
Libya,LBY,1970,4601649450.001371,LY,Africa,1970-LY,1968
Libya,LBY,1971,5260185125.606411,LY,Africa,1971-LY,1968
Libya,LBY,1972,6299395544.716475,LY,Africa,1972-LY,1972
Libya,LBY,1973,8625889430.825327,LY,Africa,1973-LY,1972
Libya,LBY,1974,15112543717.696274,LY,Africa,1974-LY,1972
Libya,LBY,1975,14710912456.966402,LY,Africa,1975-LY,1972
Libya,LBY,1976,19096943016.359512,LY,Africa,1976-LY,1976
Libya,LBY,1977,22428297108.211826,LY,Africa,1977-LY,1976
Libya,LBY,1978,22136422642.119602,LY,Africa,1978-LY,1976
Libya,LBY,1979,30536429497.973866,LY,Africa,1979-LY,1976
Libya,LBY,1980,40953924948.99798,LY,Africa,1980-LY,1980
Libya,LBY,1981,36374353879.63297,LY,Africa,1981-LY,1980
Libya,LBY,1982,33760146991.755833,LY,Africa,1982-LY,1980
Libya,LBY,1983,33200520139.865597,LY,Africa,1983-LY,1980
Libya,LBY,1984,29476109151.85227,LY,Africa,1984-LY,1984
Libya,LBY,1985,31530566323.50788,LY,Africa,1985-LY,1984
Libya,LBY,1986,24180400960.62138,LY,Africa,1986-LY,1984
Libya,LBY,1987,26697659335.91487,LY,Africa,1987-LY,1984
Libya,LBY,1988,24308959591.723656,LY,Africa,1988-LY,1988
Libya,LBY,1989,25156707900.18164,LY,Africa,1989-LY,1988
Libya,LBY,1990,28904183602.48184,LY,Africa,1990-LY,1988
Libya,LBY,1991,31991821264.711754,LY,Africa,1991-LY,1988
Libya,LBY,1992,33887047909.27463,LY,Africa,1992-LY,1992
Libya,LBY,1993,30660051910.503666,LY,Africa,1993-LY,1992
Libya,LBY,1994,28610549763.468513,LY,Africa,1994-LY,1992
Libya,LBY,1995,25541379186.645782,LY,Africa,1995-LY,1992
Libya,LBY,1996,27884615384.615383,LY,Africa,1996-LY,1996
Libya,LBY,1997,30700897874.870354,LY,Africa,1997-LY,1996
Libya,LBY,1998,27251301398.28134,LY,Africa,1998-LY,1996
Libya,LBY,1999,35975860857.11637,LY,Africa,1999-LY,1996
Libya,LBY,2000,38270954138.11281,LY,Africa,2000-LY,2000
Libya,LBY,2001,34112093927.253975,LY,Africa,2001-LY,2000
Libya,LBY,2002,20481889763.779526,LY,Africa,2002-LY,2000
Libya,LBY,2003,26265625000,LY,Africa,2003-LY,2000
Libya,LBY,2004,33122307692.30769,LY,Africa,2004-LY,2004
Libya,LBY,2005,47334691241.49238,LY,Africa,2005-LY,2004
Libya,LBY,2006,60094231606.642044,LY,Africa,2006-LY,2004
Libya,LBY,2007,68032978390.600685,LY,Africa,2007-LY,2004
Libya,LBY,2008,86710767415.13712,LY,Africa,2008-LY,2008
Libya,LBY,2009,60808562033.41912,LY,Africa,2009-LY,2008
Libya,LBY,2010,75380825062,LY,Africa,2010-LY,2008
Libya,LBY,2011,48169263294.10074,LY,Africa,2011-LY,2008
Libya,LBY,2012,92540938129.13145,LY,Africa,2012-LY,2012
Libya,LBY,2013,75351107029.06049,LY,Africa,2013-LY,2012
Libya,LBY,2014,57372355592.02202,LY,Africa,2014-LY,2012
Libya,LBY,2015,48717501321.30524,LY,Africa,2015-LY,2012
Libya,LBY,2016,49912073701.298004,LY,Africa,2016-LY,2016
Libya,LBY,2017,67157452181.77383,LY,Africa,2017-LY,2016
Libya,LBY,2018,76686029772.14833,LY,Africa,2018-LY,2016
Libya,LBY,2019,72081962263.17938,LY,Africa,2019-LY,2016
Libya,LBY,2020,65688454971.56625,LY,Africa,2020-LY,2020
Libya,LBY,2021,47786789103.81721,LY,Africa,2021-LY,2020
Libya,LBY,2022,55938727098.017426,LY,Africa,2022-LY,2020
Libya,LBY,2023,50491722446,LY,Africa,2023-LY,2020
Liechtenstein,LIE,1970,90099360.84,LI,Europe,1970-LI,1968
Liechtenstein,LIE,1971,104889795.33384584,LI,Europe,1971-LI,1968
Liechtenstein,LIE,1972,124940289.32382013,LI,Europe,1972-LI,1972
Liechtenstein,LIE,1973,165928881.5555197,LI,Europe,1973-LI,1972
Liechtenstein,LIE,1974,193980464.8821012,LI,Europe,1974-LI,1972
Liechtenstein,LIE,1975,246389101.8536131,LI,Europe,1975-LI,1972
Liechtenstein,LIE,1976,272489300.46782696,LI,Europe,1976-LI,1976
Liechtenstein,LIE,1977,303493119.4807626,LI,Europe,1977-LI,1976
Liechtenstein,LIE,1978,436912067.78428715,LI,Europe,1978-LI,1976
Liechtenstein,LIE,1979,503173104.39188683,LI,Europe,1979-LI,1976
Liechtenstein,LIE,1980,534699362.8961609,LI,Europe,1980-LI,1980
Liechtenstein,LIE,1981,511647750.1244755,LI,Europe,1981-LI,1980
Liechtenstein,LIE,1982,522096760.2910935,LI,Europe,1982-LI,1980
Liechtenstein,LIE,1983,524023624.8905505,LI,Europe,1983-LI,1980
Liechtenstein,LIE,1984,502620991.85294354,LI,Europe,1984-LI,1984
Liechtenstein,LIE,1985,529073612.4535789,LI,Europe,1985-LI,1984
Liechtenstein,LIE,1986,779357802.5000597,LI,Europe,1986-LI,1984
Liechtenstein,LIE,1987,1052848995.9710084,LI,Europe,1987-LI,1984
Liechtenstein,LIE,1988,1161757671.017563,LI,Europe,1988-LI,1988
Liechtenstein,LIE,1989,1119983801.2133808,LI,Europe,1989-LI,1988
Liechtenstein,LIE,1990,1421509216.3742354,LI,Europe,1990-LI,1988
Liechtenstein,LIE,1991,1484160302.149524,LI,Europe,1991-LI,1988
Liechtenstein,LIE,1992,1631177029.4506257,LI,Europe,1992-LI,1992
Liechtenstein,LIE,1993,1673085244.6878996,LI,Europe,1993-LI,1992
Liechtenstein,LIE,1994,1948129622.7513213,LI,Europe,1994-LI,1992
Liechtenstein,LIE,1995,2428525060.6992655,LI,Europe,1995-LI,1992
Liechtenstein,LIE,1996,2504012993.4223833,LI,Europe,1996-LI,1996
Liechtenstein,LIE,1997,2298389802.888832,LI,Europe,1997-LI,1996
Liechtenstein,LIE,1998,2479699106.022639,LI,Europe,1998-LI,1996
Liechtenstein,LIE,1999,2664105901.188626,LI,Europe,1999-LI,1996
Liechtenstein,LIE,2000,2483889858.323124,LI,Europe,2000-LI,2000
Liechtenstein,LIE,2001,2491800558.7767353,LI,Europe,2001-LI,2000
Liechtenstein,LIE,2002,2688618747.381476,LI,Europe,2002-LI,2000
Liechtenstein,LIE,2003,3070803051.4216375,LI,Europe,2003-LI,2000
Liechtenstein,LIE,2004,3454373797.744424,LI,Europe,2004-LI,2004
Liechtenstein,LIE,2005,3659319116.880572,LI,Europe,2005-LI,2004
Liechtenstein,LIE,2006,4000102086.1463513,LI,Europe,2006-LI,2004
Liechtenstein,LIE,2007,4601429897.214683,LI,Europe,2007-LI,2004
Liechtenstein,LIE,2008,5081479840.087157,LI,Europe,2008-LI,2008
Liechtenstein,LIE,2009,4504375348.070381,LI,Europe,2009-LI,2008
Liechtenstein,LIE,2010,5082337238.447185,LI,Europe,2010-LI,2008
Liechtenstein,LIE,2011,5739706004.896165,LI,Europe,2011-LI,2008
Liechtenstein,LIE,2012,5456102482.286143,LI,Europe,2012-LI,2012
Liechtenstein,LIE,2013,6391708310.677266,LI,Europe,2013-LI,2012
Liechtenstein,LIE,2014,6657526979.7227745,LI,Europe,2014-LI,2012
Liechtenstein,LIE,2015,6268515276.174405,LI,Europe,2015-LI,2012
Liechtenstein,LIE,2016,6237302034,LI,Europe,2016-LI,2016
Liechtenstein,LIE,2017,6474308717.852892,LI,Europe,2017-LI,2016
Liechtenstein,LIE,2018,6692620691.841458,LI,Europe,2018-LI,2016
Liechtenstein,LIE,2019,6436467007.119318,LI,Europe,2019-LI,2016
Liechtenstein,LIE,2020,6405870210,LI,Europe,2020-LI,2020
Liechtenstein,LIE,2021,7710380085.922573,LI,Europe,2021-LI,2020
Liechtenstein,LIE,2022,7364654515.139836,LI,Europe,2022-LI,2020
Lithuania,LTU,1995,7867140395.3370495,LT,Europe,1995-LT,1992
Lithuania,LTU,1996,8382519637.462235,LT,Europe,1996-LT,1996
Lithuania,LTU,1997,10118631851.532152,LT,Europe,1997-LT,1996
Lithuania,LTU,1998,11239547690.979713,LT,Europe,1998-LT,1996
Lithuania,LTU,1999,10971583944.75615,LT,Europe,1999-LT,1996
Lithuania,LTU,2000,11524776866.637894,LT,Europe,2000-LT,2000
Lithuania,LTU,2001,12237388001.72637,LT,Europe,2001-LT,2000
Lithuania,LTU,2002,14259781159.011929,LT,Europe,2002-LT,2000
Lithuania,LTU,2003,18781721376.198536,LT,Europe,2003-LT,2000
Lithuania,LTU,2004,22627507451.564827,LT,Europe,2004-LT,2004
Lithuania,LTU,2005,26097677571.837296,LT,Europe,2005-LT,2004
Lithuania,LTU,2006,30183575103.52616,LT,Europe,2006-LT,2004
Lithuania,LTU,2007,39697891351.94308,LT,Europe,2007-LT,2004
Lithuania,LTU,2008,47797551587.88233,LT,Europe,2008-LT,2008
Lithuania,LTU,2009,37388122046.14957,LT,Europe,2009-LT,2008
Lithuania,LTU,2010,37128694028.24299,LT,Europe,2010-LT,2008
Lithuania,LTU,2011,43535051482.386894,LT,Europe,2011-LT,2008
Lithuania,LTU,2012,42927454291,LT,Europe,2012-LT,2012
Lithuania,LTU,2013,46523420074.437225,LT,Europe,2013-LT,2012
Lithuania,LTU,2014,48533659592.17279,LT,Europe,2014-LT,2012
Lithuania,LTU,2015,41435533340.38826,LT,Europe,2015-LT,2012
Lithuania,LTU,2016,43047309305.73629,LT,Europe,2016-LT,2016
Lithuania,LTU,2017,47758736931.78008,LT,Europe,2017-LT,2016
Lithuania,LTU,2018,53751411409.444664,LT,Europe,2018-LT,2016
Lithuania,LTU,2019,54808531641.411674,LT,Europe,2019-LT,2016
Lithuania,LTU,2020,56964942999.365135,LT,Europe,2020-LT,2020
Lithuania,LTU,2021,66798933785.77024,LT,Europe,2021-LT,2020
Lithuania,LTU,2022,71013953448.20845,LT,Europe,2022-LT,2020
Lithuania,LTU,2023,77836396962.77196,LT,Europe,2023-LT,2020
Luxembourg,LUX,1960,709941874.0443548,LU,Europe,1960-LU,1960
Luxembourg,LUX,1961,710163719.4069166,LU,Europe,1961-LU,1960
Luxembourg,LUX,1962,747846862.2096734,LU,Europe,1962-LU,1960
Luxembourg,LUX,1963,797902154.2381222,LU,Europe,1963-LU,1960
Luxembourg,LUX,1964,910877686.2685845,LU,Europe,1964-LU,1964
Luxembourg,LUX,1965,929477284.7880019,LU,Europe,1965-LU,1964
Luxembourg,LUX,1966,976717015.4614539,LU,Europe,1966-LU,1964
Luxembourg,LUX,1967,983052314.9302673,LU,Europe,1967-LU,1964
Luxembourg,LUX,1968,1075561622.813214,LU,Europe,1968-LU,1968
Luxembourg,LUX,1969,1245432991.3427086,LU,Europe,1969-LU,1968
Luxembourg,LUX,1970,1457768455.0221863,LU,Europe,1970-LU,1968
Luxembourg,LUX,1971,1518773421.3784564,LU,Europe,1971-LU,1968
Luxembourg,LUX,1972,1901697369.626982,LU,Europe,1972-LU,1972
Luxembourg,LUX,1973,2609875802.1113644,LU,Europe,1973-LU,1972
Luxembourg,LUX,1974,3183637116.818558,LU,Europe,1974-LU,1972
Luxembourg,LUX,1975,3123333333.3333335,LU,Europe,1975-LU,1972
Luxembourg,LUX,1976,3423586206.896552,LU,Europe,1976-LU,1976
Luxembourg,LUX,1977,3789321328.0810356,LU,Europe,1977-LU,1976
Luxembourg,LUX,1978,4718539771.999488,LU,Europe,1978-LU,1976
Luxembourg,LUX,1979,5516982663.731425,LU,Europe,1979-LU,1976
Luxembourg,LUX,1980,6019805490.412471,LU,Europe,1980-LU,1980
Luxembourg,LUX,1981,5053665797.479357,LU,Europe,1981-LU,1980
Luxembourg,LUX,1982,4602316793.219142,LU,Europe,1982-LU,1980
Luxembourg,LUX,1983,4524217751,LU,Europe,1983-LU,1980
Luxembourg,LUX,1984,4438435492.879085,LU,Europe,1984-LU,1984
Luxembourg,LUX,1985,4577211767.103744,LU,Europe,1985-LU,1984
Luxembourg,LUX,1986,6685595088,LU,Europe,1986-LU,1984
Luxembourg,LUX,1987,8320902215.0189085,LU,Europe,1987-LU,1984
Luxembourg,LUX,1988,9418167855.183764,LU,Europe,1988-LU,1988
Luxembourg,LUX,1989,10037674037.674038,LU,Europe,1989-LU,1988
Luxembourg,LUX,1990,12778792853.693867,LU,Europe,1990-LU,1988
Luxembourg,LUX,1991,13834219728.29297,LU,Europe,1991-LU,1988
Luxembourg,LUX,1992,15518702634.880802,LU,Europe,1992-LU,1992
Luxembourg,LUX,1993,15925521222.014925,LU,Europe,1993-LU,1992
Luxembourg,LUX,1994,17701798890.76441,LU,Europe,1994-LU,1992
Luxembourg,LUX,1995,20853093870,LU,Europe,1995-LU,1992
Luxembourg,LUX,1996,20895314657.980457,LU,Europe,1996-LU,1996
Luxembourg,LUX,1997,19563836265.223274,LU,Europe,1997-LU,1996
Luxembourg,LUX,1998,20150053345.187817,LU,Europe,1998-LU,1996
Luxembourg,LUX,1999,21899317598.841362,LU,Europe,1999-LU,1996
Luxembourg,LUX,2000,21230182989.303574,LU,Europe,2000-LU,2000
Luxembourg,LUX,2001,21387533703.232704,LU,Europe,2001-LU,2000
Luxembourg,LUX,2002,23649833332.16553,LU,Europe,2002-LU,2000
Luxembourg,LUX,2003,29667268248.130527,LU,Europe,2003-LU,2000
Luxembourg,LUX,2004,35064843792.89932,LU,Europe,2004-LU,2004
Luxembourg,LUX,2005,37672280120.47936,LU,Europe,2005-LU,2004
Luxembourg,LUX,2006,42910146296.064644,LU,Europe,2006-LU,2004
Luxembourg,LUX,2007,51587401415.787224,LU,Europe,2007-LU,2004
Luxembourg,LUX,2008,58844277701.525764,LU,Europe,2008-LU,2008
Luxembourg,LUX,2009,54467289897.55817,LU,Europe,2009-LU,2008
Luxembourg,LUX,2010,56213985987.41678,LU,Europe,2010-LU,2008
Luxembourg,LUX,2011,61696281326.245255,LU,Europe,2011-LU,2008
Luxembourg,LUX,2012,59776383527.36017,LU,Europe,2012-LU,2012
Luxembourg,LUX,2013,65203276466.976265,LU,Europe,2013-LU,2012
Luxembourg,LUX,2014,68804811897.64447,LU,Europe,2014-LU,2012
Luxembourg,LUX,2015,60071584216.13747,LU,Europe,2015-LU,2012
Luxembourg,LUX,2016,62216885435.94879,LU,Europe,2016-LU,2016
Luxembourg,LUX,2017,65712180342.98364,LU,Europe,2017-LU,2016
Luxembourg,LUX,2018,71000359760.46112,LU,Europe,2018-LU,2016
Luxembourg,LUX,2019,69890505324,LU,Europe,2019-LU,2016
Luxembourg,LUX,2020,73699366700.21344,LU,Europe,2020-LU,2020
Luxembourg,LUX,2021,85584105993.87459,LU,Europe,2021-LU,2020
Luxembourg,LUX,2022,81641807865.75908,LU,Europe,2022-LU,2020
Luxembourg,LUX,2023,85755006124,LU,Europe,2023-LU,2020
"Macao SAR, China",MAC,1982,1142497718.7791579,MO,Asia,1982-MO,1980
"Macao SAR, China",MAC,1983,1133013235.1004472,MO,Asia,1983-MO,1980
"Macao SAR, China",MAC,1984,1304361353.2702372,MO,Asia,1984-MO,1984
"Macao SAR, China",MAC,1985,1362072159.945152,MO,Asia,1985-MO,1984
"Macao SAR, China",MAC,1986,1532105070.1858118,MO,Asia,1986-MO,1984
"Macao SAR, China",MAC,1987,1957724829.3592057,MO,Asia,1987-MO,1984
"Macao SAR, China",MAC,1988,2288761822.5125713,MO,Asia,1988-MO,1988
"Macao SAR, China",MAC,1989,2705665492,MO,Asia,1989-MO,1988
"Macao SAR, China",MAC,1990,3246481233.243968,MO,Asia,1990-MO,1988
"Macao SAR, China",MAC,1991,3765249711.0909824,MO,Asia,1991-MO,1988
"Macao SAR, China",MAC,1992,4914365189.049843,MO,Asia,1992-MO,1992
"Macao SAR, China",MAC,1993,5665606115,MO,Asia,1993-MO,1992
"Macao SAR, China",MAC,1994,6311207779.924407,MO,Asia,1994-MO,1992
"Macao SAR, China",MAC,1995,7046147736.916709,MO,Asia,1995-MO,1992
"Macao SAR, China",MAC,1996,7176892950.3916445,MO,Asia,1996-MO,1996
"Macao SAR, China",MAC,1997,7267570892.702111,MO,Asia,1997-MO,1996
"Macao SAR, China",MAC,1998,6797792190.196806,MO,Asia,1998-MO,1996
"Macao SAR, China",MAC,1999,6547670439.259995,MO,Asia,1999-MO,1996
"Macao SAR, China",MAC,2000,6774193548.387096,MO,Asia,2000-MO,2000
"Macao SAR, China",MAC,2001,6860272608.452106,MO,Asia,2001-MO,2000
"Macao SAR, China",MAC,2002,7371692774.434043,MO,Asia,2002-MO,2000
"Macao SAR, China",MAC,2003,8246479565.942477,MO,Asia,2003-MO,2000
"Macao SAR, China",MAC,2004,10643253553.184044,MO,Asia,2004-MO,2004
"Macao SAR, China",MAC,2005,12160056122.375738,MO,Asia,2005-MO,2004
"Macao SAR, China",MAC,2006,14874098691.908167,MO,Asia,2006-MO,2004
"Macao SAR, China",MAC,2007,18439981612.40859,MO,Asia,2007-MO,2004
"Macao SAR, China",MAC,2008,21027018332.66626,MO,Asia,2008-MO,2008
"Macao SAR, China",MAC,2009,21587786905.849907,MO,Asia,2009-MO,2008
"Macao SAR, China",MAC,2010,28241798491.593018,MO,Asia,2010-MO,2008
"Macao SAR, China",MAC,2011,36845888757.188644,MO,Asia,2011-MO,2008
"Macao SAR, China",MAC,2012,43189721376.98464,MO,Asia,2012-MO,2012
"Macao SAR, China",MAC,2013,51536595089.27929,MO,Asia,2013-MO,2012
"Macao SAR, China",MAC,2014,54902831793.50177,MO,Asia,2014-MO,2012
"Macao SAR, China",MAC,2015,45048190598.32485,MO,Asia,2015-MO,2012
"Macao SAR, China",MAC,2016,45070808688.96109,MO,Asia,2016-MO,2016
"Macao SAR, China",MAC,2017,50383871120.87327,MO,Asia,2017-MO,2016
"Macao SAR, China",MAC,2018,55190661339.77958,MO,Asia,2018-MO,2016
"Macao SAR, China",MAC,2019,55082293844.10078,MO,Asia,2019-MO,2016
"Macao SAR, China",MAC,2020,25343525935.835773,MO,Asia,2020-MO,2020
"Macao SAR, China",MAC,2021,30969334705.051456,MO,Asia,2021-MO,2020
"Macao SAR, China",MAC,2022,24464719190.061607,MO,Asia,2022-MO,2020
"Macao SAR, China",MAC,2023,47061843715.85648,MO,Asia,2023-MO,2020
Madagascar,MDG,1960,673081724.7511678,MG,Africa,1960-MG,1960
Madagascar,MDG,1961,699161944.5580972,MG,Africa,1961-MG,1960
Madagascar,MDG,1962,739286907.5927778,MG,Africa,1962-MG,1960
Madagascar,MDG,1963,759345863.7326667,MG,Africa,1963-MG,1960
Madagascar,MDG,1964,802482183.7287778,MG,Africa,1964-MG,1964
Madagascar,MDG,1965,833563473,MG,Africa,1965-MG,1964
Madagascar,MDG,1966,900264584.5908293,MG,Africa,1966-MG,1964
Madagascar,MDG,1967,956436932.1,MG,Africa,1967-MG,1964
Madagascar,MDG,1968,1031669637.3955349,MG,Africa,1968-MG,1968
Madagascar,MDG,1969,1056391055.5961725,MG,Africa,1969-MG,1968
Madagascar,MDG,1970,1111859570.882523,MG,Africa,1970-MG,1968
Madagascar,MDG,1971,1199507631.0760274,MG,Africa,1971-MG,1968
Madagascar,MDG,1972,1341590690.4136515,MG,Africa,1972-MG,1972
Madagascar,MDG,1973,1653062335.0028615,MG,Africa,1973-MG,1972
Madagascar,MDG,1974,1917508190.0468938,MG,Africa,1974-MG,1972
Madagascar,MDG,1975,2283049215.3533945,MG,Africa,1975-MG,1972
Madagascar,MDG,1976,2181844178.553396,MG,Africa,1976-MG,1976
Madagascar,MDG,1977,2358930406.068901,MG,Africa,1977-MG,1976
Madagascar,MDG,1978,2669755115.1093483,MG,Africa,1978-MG,1976
Madagascar,MDG,1979,3463565854,MG,Africa,1979-MG,1976
Madagascar,MDG,1980,5201818347.7988205,MG,Africa,1980-MG,1980
Madagascar,MDG,1981,4759333998.367463,MG,Africa,1981-MG,1980
Madagascar,MDG,1982,4784977325.958034,MG,Africa,1982-MG,1980
Madagascar,MDG,1983,4686457031.226905,MG,Africa,1983-MG,1980
Madagascar,MDG,1984,3905938480.8611917,MG,Africa,1984-MG,1984
Madagascar,MDG,1985,3802557894.8719015,MG,Africa,1985-MG,1984
Madagascar,MDG,1986,4347989788.092567,MG,Africa,1986-MG,1984
Madagascar,MDG,1987,3212900555.8090987,MG,Africa,1987-MG,1984
Madagascar,MDG,1988,3189456965.048204,MG,Africa,1988-MG,1988
Madagascar,MDG,1989,3175638332.6447086,MG,Africa,1989-MG,1988
Madagascar,MDG,1990,3931334875.0137587,MG,Africa,1990-MG,1988
Madagascar,MDG,1991,3254713056.021707,MG,Africa,1991-MG,1988
Madagascar,MDG,1992,3714966678,MG,Africa,1992-MG,1992
Madagascar,MDG,1993,4063298919.2868047,MG,Africa,1993-MG,1992
Madagascar,MDG,1994,3522227092.2283926,MG,Africa,1994-MG,1992
Madagascar,MDG,1995,3838100903.7497377,MG,Africa,1995-MG,1992
Madagascar,MDG,1996,4931861038.707632,MG,Africa,1996-MG,1996
Madagascar,MDG,1997,4262965420,MG,Africa,1997-MG,1996
Madagascar,MDG,1998,4401967632.737184,MG,Africa,1998-MG,1996
Madagascar,MDG,1999,4277903780.2913055,MG,Africa,1999-MG,1996
Madagascar,MDG,2000,4629247204,MG,Africa,2000-MG,2000
Madagascar,MDG,2001,5438332601.907981,MG,Africa,2001-MG,2000
Madagascar,MDG,2002,5351701663.408074,MG,Africa,2002-MG,2000
Madagascar,MDG,2003,6372498889.665848,MG,Africa,2003-MG,2000
Madagascar,MDG,2004,5064732626.293891,MG,Africa,2004-MG,2004
Madagascar,MDG,2005,5859269753,MG,Africa,2005-MG,2004
Madagascar,MDG,2006,6395712490.943041,MG,Africa,2006-MG,2004
Madagascar,MDG,2007,8524620889.577468,MG,Africa,2007-MG,2004
Madagascar,MDG,2008,10725137723.654873,MG,Africa,2008-MG,2008
Madagascar,MDG,2009,9616879409.437893,MG,Africa,2009-MG,2008
Madagascar,MDG,2010,9982711338,MG,Africa,2010-MG,2008
Madagascar,MDG,2011,11551819617.874023,MG,Africa,2011-MG,2008
Madagascar,MDG,2012,11578975061.947945,MG,Africa,2012-MG,2012
Madagascar,MDG,2013,12423555455.38532,MG,Africa,2013-MG,2012
Madagascar,MDG,2014,12522957399.228104,MG,Africa,2014-MG,2012
Madagascar,MDG,2015,11323020701.301685,MG,Africa,2015-MG,2012
Madagascar,MDG,2016,11848613858.441998,MG,Africa,2016-MG,2016
Madagascar,MDG,2017,13176313593.550934,MG,Africa,2017-MG,2016
Madagascar,MDG,2018,13760033282.292511,MG,Africa,2018-MG,2016
Madagascar,MDG,2019,14104664678.506332,MG,Africa,2019-MG,2016
Madagascar,MDG,2020,13051441203.947355,MG,Africa,2020-MG,2020
Madagascar,MDG,2021,14554754116.542673,MG,Africa,2021-MG,2020
Madagascar,MDG,2022,15302510500.052753,MG,Africa,2022-MG,2020
Madagascar,MDG,2023,16031702914.91953,MG,Africa,2023-MG,2020
Malawi,MWI,1980,1801156774.708495,MW,Africa,1980-MW,1980
Malawi,MWI,1981,1801193909.523947,MW,Africa,1981-MW,1980
Malawi,MWI,1982,1717379494.5269628,MW,Africa,1982-MW,1980
Malawi,MWI,1983,1780148049.6777647,MW,Africa,1983-MW,1980
Malawi,MWI,1984,1758028656.1238236,MW,Africa,1984-MW,1984
Malawi,MWI,1985,1646442272.939863,MW,Africa,1985-MW,1984
Malawi,MWI,1986,1722586299.3647482,MW,Africa,1986-MW,1984
Malawi,MWI,1987,1721711808.5076308,MW,Africa,1987-MW,1984
Malawi,MWI,1988,2008189508.2730966,MW,Africa,1988-MW,1988
Malawi,MWI,1989,2314205129.4928546,MW,Africa,1989-MW,1988
Malawi,MWI,1990,2737087861.6088676,MW,Africa,1990-MW,1988
Malawi,MWI,1991,3206783830.4177947,MW,Africa,1991-MW,1988
Malawi,MWI,1992,2618837835.025081,MW,Africa,1992-MW,1992
Malawi,MWI,1993,3013392657.999109,MW,Africa,1993-MW,1992
Malawi,MWI,1994,1719864761.306281,MW,Africa,1994-MW,1992
Malawi,MWI,1995,2033701497.9708502,MW,Africa,1995-MW,1992
Malawi,MWI,1996,3319573749.611898,MW,Africa,1996-MW,1996
Malawi,MWI,1997,3875785863.383234,MW,Africa,1997-MW,1996
Malawi,MWI,1998,2547609590.069837,MW,Africa,1998-MW,1996
Malawi,MWI,1999,2584478924.0608053,MW,Africa,1999-MW,1996
Malawi,MWI,2000,2537307580.328084,MW,Africa,2000-MW,2000
Malawi,MWI,2001,2498008664.669095,MW,Africa,2001-MW,2000
Malawi,MWI,2002,5087328437.873696,MW,Africa,2002-MW,2000
Malawi,MWI,2003,4669789300.356621,MW,Africa,2003-MW,2000
Malawi,MWI,2004,5058726350.488958,MW,Africa,2004-MW,2004
Malawi,MWI,2005,5320409651.475436,MW,Africa,2005-MW,2004
Malawi,MWI,2006,5818279739.143541,MW,Africa,2006-MW,2004
Malawi,MWI,2007,6451210219.116831,MW,Africa,2007-MW,2004
Malawi,MWI,2008,7743617352,MW,Africa,2008-MW,2008
Malawi,MWI,2009,9009887946.820395,MW,Africa,2009-MW,2008
Malawi,MWI,2010,10128323010.604923,MW,Africa,2010-MW,2008
Malawi,MWI,2011,11648142958.365147,MW,Africa,2011-MW,2008
Malawi,MWI,2012,8773203178,MW,Africa,2012-MW,2012
Malawi,MWI,2013,8031571927.620549,MW,Africa,2013-MW,2012
Malawi,MWI,2014,8801326169,MW,Africa,2014-MW,2012
Malawi,MWI,2015,9219474379.315342,MW,Africa,2015-MW,2012
Malawi,MWI,2016,7909868618,MW,Africa,2016-MW,2016
Malawi,MWI,2017,8943543677.188993,MW,Africa,2017-MW,2016
Malawi,MWI,2018,9880675786,MW,Africa,2018-MW,2016
Malawi,MWI,2019,11077305329.641691,MW,Africa,2019-MW,2016
Malawi,MWI,2020,12041250083.882847,MW,Africa,2020-MW,2020
Malawi,MWI,2021,12580922008.209608,MW,Africa,2021-MW,2020
Malawi,MWI,2022,13129458325.73793,MW,Africa,2022-MW,2020
Malawi,MWI,2023,14084341062.367504,MW,Africa,2023-MW,2020
Malaysia,MYS,1960,1916229477.1365664,MY,Asia,1960-MY,1960
Malaysia,MYS,1961,1901856122.7223134,MY,Asia,1961-MY,1960
Malaysia,MYS,1962,2001489602.1847498,MY,Asia,1962-MY,1960
Malaysia,MYS,1963,2510110348.161844,MY,Asia,1963-MY,1960
Malaysia,MYS,1964,2674423922.4884195,MY,Asia,1964-MY,1964
Malaysia,MYS,1965,2956337669.295248,MY,Asia,1965-MY,1964
Malaysia,MYS,1966,3143517943.826318,MY,Asia,1966-MY,1964
Malaysia,MYS,1967,3188924677.089526,MY,Asia,1967-MY,1964
Malaysia,MYS,1968,3330371551.2116084,MY,Asia,1968-MY,1968
Malaysia,MYS,1969,3664552041.3429937,MY,Asia,1969-MY,1968
Malaysia,MYS,1970,3864145667.4136453,MY,Asia,1970-MY,1968
Malaysia,MYS,1971,4244395955.783583,MY,Asia,1971-MY,1968
Malaysia,MYS,1972,5043347250.418151,MY,Asia,1972-MY,1972
Malaysia,MYS,1973,7662902677.9026985,MY,Asia,1973-MY,1972
Malaysia,MYS,1974,9496204301.749805,MY,Asia,1974-MY,1972
Malaysia,MYS,1975,9298800799.467022,MY,Asia,1975-MY,1972
Malaysia,MYS,1976,11050234598.624868,MY,Asia,1976-MY,1976
Malaysia,MYS,1977,13139488632.554647,MY,Asia,1977-MY,1976
Malaysia,MYS,1978,16358079862.109583,MY,Asia,1978-MY,1976
Malaysia,MYS,1979,21213264962.01407,MY,Asia,1979-MY,1976
Malaysia,MYS,1980,24488224677.210487,MY,Asia,1980-MY,1980
Malaysia,MYS,1981,25004285791.78647,MY,Asia,1981-MY,1980
Malaysia,MYS,1982,26804493635.329742,MY,Asia,1982-MY,1980
Malaysia,MYS,1983,30347442110.93161,MY,Asia,1983-MY,1980
Malaysia,MYS,1984,33942897422.04654,MY,Asia,1984-MY,1984
Malaysia,MYS,1985,31199633352.959793,MY,Asia,1985-MY,1984
Malaysia,MYS,1986,27734111399.75254,MY,Asia,1986-MY,1984
Malaysia,MYS,1987,32181210157.967136,MY,Asia,1987-MY,1984
Malaysia,MYS,1988,35272109220.198845,MY,Asia,1988-MY,1988
Malaysia,MYS,1989,38847965292.91852,MY,Asia,1989-MY,1988
Malaysia,MYS,1990,44024585239.61366,MY,Asia,1990-MY,1988
Malaysia,MYS,1991,49143148094.26826,MY,Asia,1991-MY,1988
Malaysia,MYS,1992,59167550162.955986,MY,Asia,1992-MY,1992
Malaysia,MYS,1993,66894966968.973564,MY,Asia,1993-MY,1992
Malaysia,MYS,1994,74478356957.78082,MY,Asia,1994-MY,1992
Malaysia,MYS,1995,88705342902.71132,MY,Asia,1995-MY,1992
Malaysia,MYS,1996,100855393910.48573,MY,Asia,1996-MY,1996
Malaysia,MYS,1997,100005323301.8667,MY,Asia,1997-MY,1996
Malaysia,MYS,1998,72167498981,MY,Asia,1998-MY,1996
Malaysia,MYS,1999,79148421052.63158,MY,Asia,1999-MY,1996
Malaysia,MYS,2000,93789736842.10527,MY,Asia,2000-MY,2000
Malaysia,MYS,2001,92783947368.42105,MY,Asia,2001-MY,2000
Malaysia,MYS,2002,100845526315.78947,MY,Asia,2002-MY,2000
Malaysia,MYS,2003,110202368421.05264,MY,Asia,2003-MY,2000
Malaysia,MYS,2004,124749473684.21053,MY,Asia,2004-MY,2004
Malaysia,MYS,2005,143534405818.50137,MY,Asia,2005-MY,2004
Malaysia,MYS,2006,162692258307.0555,MY,Asia,2006-MY,2004
Malaysia,MYS,2007,193549569477.73267,MY,Asia,2007-MY,2004
Malaysia,MYS,2008,230811614370.38364,MY,Asia,2008-MY,2008
Malaysia,MYS,2009,202257453036.6409,MY,Asia,2009-MY,2008
Malaysia,MYS,2010,255017638455.5897,MY,Asia,2010-MY,2008
Malaysia,MYS,2011,297951668674.83466,MY,Asia,2011-MY,2008
Malaysia,MYS,2012,314443047642.11096,MY,Asia,2012-MY,2012
Malaysia,MYS,2013,323276235524.41534,MY,Asia,2013-MY,2012
Malaysia,MYS,2014,338066095097.2544,MY,Asia,2014-MY,2012
Malaysia,MYS,2015,301355266964.9473,MY,Asia,2015-MY,2012
Malaysia,MYS,2016,301256033870.33356,MY,Asia,2016-MY,2016
Malaysia,MYS,2017,319109094160.3431,MY,Asia,2017-MY,2016
Malaysia,MYS,2018,358788845712.5297,MY,Asia,2018-MY,2016
Malaysia,MYS,2019,365177721021.5161,MY,Asia,2019-MY,2016
Malaysia,MYS,2020,337456163961.2112,MY,Asia,2020-MY,2020
Malaysia,MYS,2021,373832428055.4486,MY,Asia,2021-MY,2020
Malaysia,MYS,2022,407027451714.61597,MY,Asia,2022-MY,2020
Malaysia,MYS,2023,399648828546.5043,MY,Asia,2023-MY,2020
Maldives,MDV,1970,19328038.31591198,MV,Asia,1970-MV,1968
Maldives,MDV,1971,21566403.997693654,MV,Asia,1971-MV,1968
Maldives,MDV,1972,25177137.549540274,MV,Asia,1972-MV,1972
Maldives,MDV,1973,30862041.535875935,MV,Asia,1973-MV,1972
Maldives,MDV,1974,39120171.22383537,MV,Asia,1974-MV,1972
Maldives,MDV,1975,24540877.57275261,MV,Asia,1975-MV,1972
Maldives,MDV,1976,22399467.14872548,MV,Asia,1976-MV,1976
Maldives,MDV,1977,20853788.76341243,MV,Asia,1977-MV,1976
Maldives,MDV,1978,24369109.151717834,MV,Asia,1978-MV,1976
Maldives,MDV,1979,38523364.51033378,MV,Asia,1979-MV,1976
Maldives,MDV,1980,42463576.16,MV,Asia,1980-MV,1980
Maldives,MDV,1981,44781456.95364238,MV,Asia,1981-MV,1980
Maldives,MDV,1982,47911340.18347938,MV,Asia,1982-MV,1980
Maldives,MDV,1983,57829787.234042555,MV,Asia,1983-MV,1980
Maldives,MDV,1984,109503546.09929079,MV,Asia,1984-MV,1984
Maldives,MDV,1985,127190757.95998873,MV,Asia,1985-MV,1984
Maldives,MDV,1986,141882254.2301776,MV,Asia,1986-MV,1984
Maldives,MDV,1987,141223029.38306406,MV,Asia,1987-MV,1984
Maldives,MDV,1988,168514513.37507114,MV,Asia,1988-MV,1988
Maldives,MDV,1989,189514434.24399954,MV,Asia,1989-MV,1988
Maldives,MDV,1990,215043969.84924623,MV,Asia,1990-MV,1988
Maldives,MDV,1991,244396761.92333952,MV,Asia,1991-MV,1988
Maldives,MDV,1992,284875809.03963387,MV,Asia,1992-MV,1992
Maldives,MDV,1993,322417837.16197103,MV,Asia,1993-MV,1992
Maldives,MDV,1994,356014932.1364607,MV,Asia,1994-MV,1992
Maldives,MDV,1995,398988954.9702634,MV,Asia,1995-MV,1992
Maldives,MDV,1996,450382327.9524214,MV,Asia,1996-MV,1996
Maldives,MDV,1997,508223602.3789295,MV,Asia,1997-MV,1996
Maldives,MDV,1998,540096397.6210705,MV,Asia,1998-MV,1996
Maldives,MDV,1999,589239753.6108751,MV,Asia,1999-MV,1996
Maldives,MDV,2000,624337145.3,MV,Asia,2000-MV,2000
Maldives,MDV,2001,870031676.7987932,MV,Asia,2001-MV,2000
Maldives,MDV,2002,897031250,MV,Asia,2002-MV,2000
Maldives,MDV,2003,1052121055,MV,Asia,2003-MV,2000
Maldives,MDV,2004,1226829563,MV,Asia,2004-MV,2004
Maldives,MDV,2005,1163362438,MV,Asia,2005-MV,2004
Maldives,MDV,2006,1575200391,MV,Asia,2006-MV,2004
Maldives,MDV,2007,1868383461,MV,Asia,2007-MV,2004
Maldives,MDV,2008,2271646188,MV,Asia,2008-MV,2008
Maldives,MDV,2009,2345294875,MV,Asia,2009-MV,2008
Maldives,MDV,2010,2588176055,MV,Asia,2010-MV,2008
Maldives,MDV,2011,2774350240.0491767,MV,Asia,2011-MV,2008
Maldives,MDV,2012,2886163997.205307,MV,Asia,2012-MV,2012
Maldives,MDV,2013,3295009237.5010657,MV,Asia,2013-MV,2012
Maldives,MDV,2014,3697353039.200426,MV,Asia,2014-MV,2012
Maldives,MDV,2015,4129505319.129205,MV,Asia,2015-MV,2012
Maldives,MDV,2016,4409942623.855379,MV,Asia,2016-MV,2016
Maldives,MDV,2017,4816426256.529144,MV,Asia,2017-MV,2016
Maldives,MDV,2018,5404344162.698884,MV,Asia,2018-MV,2016
Maldives,MDV,2019,5726094799.377091,MV,Asia,2019-MV,2016
Maldives,MDV,2020,3712604583.366653,MV,Asia,2020-MV,2020
Maldives,MDV,2021,5254366312.276479,MV,Asia,2021-MV,2020
Maldives,MDV,2022,6170638746.313763,MV,Asia,2022-MV,2020
Maldives,MDV,2023,6600000000,MV,Asia,2023-MV,2020
Mali,MLI,1967,275494477.5860977,ML,Africa,1967-ML,1964
Mali,MLI,1968,343771972.9938551,ML,Africa,1968-ML,1968
Mali,MLI,1969,339913867.0927846,ML,Africa,1969-ML,1968
Mali,MLI,1970,359772315.10219795,ML,Africa,1970-ML,1968
Mali,MLI,1971,395218628.92069393,ML,Africa,1971-ML,1968
Mali,MLI,1972,486617280.25554913,ML,Africa,1972-ML,1972
Mali,MLI,1973,563683703.3047045,ML,Africa,1973-ML,1972
Mali,MLI,1974,538747339.9560328,ML,Africa,1974-ML,1972
Mali,MLI,1975,830710615.1799542,ML,Africa,1975-ML,1972
Mali,MLI,1976,939228017.2477903,ML,Africa,1976-ML,1976
Mali,MLI,1977,1049838548.109189,ML,Africa,1977-ML,1976
Mali,MLI,1978,1222702572.8469892,ML,Africa,1978-ML,1976
Mali,MLI,1979,1595422955.6443255,ML,Africa,1979-ML,1976
Mali,MLI,1980,1759691186.3999336,ML,Africa,1980-ML,1980
Mali,MLI,1981,1538972424.3663468,ML,Africa,1981-ML,1980
Mali,MLI,1982,1333754224.999486,ML,Africa,1982-ML,1980
Mali,MLI,1983,1297765325.9027262,ML,Africa,1983-ML,1980
Mali,MLI,1984,1232932104.0727642,ML,Africa,1984-ML,1984
Mali,MLI,1985,1392196048,ML,Africa,1985-ML,1984
Mali,MLI,1986,1852163453.1532562,ML,Africa,1986-ML,1984
Mali,MLI,1987,2090629986.9764266,ML,Africa,1987-ML,1984
Mali,MLI,1988,2169040603.193938,ML,Africa,1988-ML,1988
Mali,MLI,1989,2181821909.278918,ML,Africa,1989-ML,1988
Mali,MLI,1990,2681912148.6984205,ML,Africa,1990-ML,1988
Mali,MLI,1991,2724131458.2621584,ML,Africa,1991-ML,1988
Mali,MLI,1992,2830673378.1300616,ML,Africa,1992-ML,1992
Mali,MLI,1993,2818281085.0864587,ML,Africa,1993-ML,1992
Mali,MLI,1994,2081846497.7464817,ML,Africa,1994-ML,1992
Mali,MLI,1995,2706425157.3939652,ML,Africa,1995-ML,1992
Mali,MLI,1996,2780422049.2120423,ML,Africa,1996-ML,1996
Mali,MLI,1997,2697105823.466098,ML,Africa,1997-ML,1996
Mali,MLI,1998,2920358710.5064645,ML,Africa,1998-ML,1996
Mali,MLI,1999,3440724709.5925837,ML,Africa,1999-ML,1996
Mali,MLI,2000,2961484953.8644366,ML,Africa,2000-ML,2000
Mali,MLI,2001,3468337942.320635,ML,Africa,2001-ML,2000
Mali,MLI,2002,3908121307.019565,ML,Africa,2002-ML,2000
Mali,MLI,2003,4714071979.688353,ML,Africa,2003-ML,2000
Mali,MLI,2004,5454249125.729661,ML,Africa,2004-ML,2004
Mali,MLI,2005,6247515888.145334,ML,Africa,2005-ML,2004
Mali,MLI,2006,6905934217.909009,ML,Africa,2006-ML,2004
Mali,MLI,2007,8156468826.126453,ML,Africa,2007-ML,2004
Mali,MLI,2008,9838403100.505545,ML,Africa,2008-ML,2008
Mali,MLI,2009,10231962390.211864,ML,Africa,2009-ML,2008
Mali,MLI,2010,10689168016.261272,ML,Africa,2010-ML,2008
Mali,MLI,2011,12995112690,ML,Africa,2011-ML,2008
Mali,MLI,2012,12442035339.104927,ML,Africa,2012-ML,2012
Mali,MLI,2013,13242690786.093815,ML,Africa,2013-ML,2012
Mali,MLI,2014,14364937124.072668,ML,Africa,2014-ML,2012
Mali,MLI,2015,13104764378.325953,ML,Africa,2015-ML,2012
Mali,MLI,2016,14026048335.704683,ML,Africa,2016-ML,2016
Mali,MLI,2017,15365713048.199303,ML,Africa,2017-ML,2016
Mali,MLI,2018,17070867589.905489,ML,Africa,2018-ML,2016
Mali,MLI,2019,17280250810.032135,ML,Africa,2019-ML,2016
Mali,MLI,2020,17465392764.370636,ML,Africa,2020-ML,2020
Mali,MLI,2021,19309463508.037678,ML,Africa,2021-ML,2020
Mali,MLI,2022,18780322204,ML,Africa,2022-ML,2020
Mali,MLI,2023,20904898296.250145,ML,Africa,2023-ML,2020
Malta,MLT,1970,250721821.55367813,MT,Europe,1970-MT,1968
Malta,MLT,1971,264579879.7848782,MT,Europe,1971-MT,1968
Malta,MLT,1972,295118249.3249325,MT,Europe,1972-MT,1972
Malta,MLT,1973,345602025.37539285,MT,Europe,1973-MT,1972
Malta,MLT,1974,376094108.4753313,MT,Europe,1974-MT,1972
Malta,MLT,1975,474620439.5849604,MT,Europe,1975-MT,1972
Malta,MLT,1976,527936988.79127544,MT,Europe,1976-MT,1976
Malta,MLT,1977,625573345.5321745,MT,Europe,1977-MT,1976
Malta,MLT,1978,793675169.8785785,MT,Europe,1978-MT,1976
Malta,MLT,1979,1001300838.3233533,MT,Europe,1979-MT,1976
Malta,MLT,1980,1250242107.8796918,MT,Europe,1980-MT,1980
Malta,MLT,1981,1243469360.5683837,MT,Europe,1981-MT,1980
Malta,MLT,1982,1234518125,MT,Europe,1982-MT,1980
Malta,MLT,1983,1165771369.0062542,MT,Europe,1983-MT,1980
Malta,MLT,1984,1101828568.7680416,MT,Europe,1984-MT,1984
Malta,MLT,1985,1117835285.5051246,MT,Europe,1985-MT,1984
Malta,MLT,1986,1435079200.349574,MT,Europe,1986-MT,1984
Malta,MLT,1987,1751247763.4194832,MT,Europe,1987-MT,1984
Malta,MLT,1988,2019474244.1935902,MT,Europe,1988-MT,1988
Malta,MLT,1989,2118574772.1113575,MT,Europe,1989-MT,1988
Malta,MLT,1990,2547163582.331487,MT,Europe,1990-MT,1988
Malta,MLT,1991,2750041434.262948,MT,Europe,1991-MT,1988
Malta,MLT,1992,3021910216.718266,MT,Europe,1992-MT,1992
Malta,MLT,1993,2709178326.7827063,MT,Europe,1993-MT,1992
Malta,MLT,1994,2998570146.540952,MT,Europe,1994-MT,1992
Malta,MLT,1995,3720400048.638132,MT,Europe,1995-MT,1992
Malta,MLT,1996,3822882324.916627,MT,Europe,1996-MT,1996
Malta,MLT,1997,3793418974.5300856,MT,Europe,1997-MT,1996
Malta,MLT,1998,4010571333.849044,MT,Europe,1998-MT,1996
Malta,MLT,1999,4121350624.192854,MT,Europe,1999-MT,1996
Malta,MLT,2000,4069515556.7869196,MT,Europe,2000-MT,2000
Malta,MLT,2001,4088368961.758361,MT,Europe,2001-MT,2000
Malta,MLT,2002,4470446352.325691,MT,Europe,2002-MT,2000
Malta,MLT,2003,5448415539.812484,MT,Europe,2003-MT,2000
Malta,MLT,2004,6098092511.830045,MT,Europe,2004-MT,2004
Malta,MLT,2005,6416184235.838403,MT,Europe,2005-MT,2004
Malta,MLT,2006,6778324087.138176,MT,Europe,2006-MT,2004
Malta,MLT,2007,7925371458.805269,MT,Europe,2007-MT,2004
Malta,MLT,2008,9090406749.526703,MT,Europe,2008-MT,2008
Malta,MLT,2009,8696366868.922756,MT,Europe,2009-MT,2008
Malta,MLT,2010,9035824366.008041,MT,Europe,2010-MT,2008
Malta,MLT,2011,9638728635.014296,MT,Europe,2011-MT,2008
Malta,MLT,2012,9461776291.799128,MT,Europe,2012-MT,2012
Malta,MLT,2013,10551030596.75582,MT,Europe,2013-MT,2012
Malta,MLT,2014,11625848974.805069,MT,Europe,2014-MT,2012
Malta,MLT,2015,11091483659.615578,MT,Europe,2015-MT,2012
Malta,MLT,2016,11668015565.80819,MT,Europe,2016-MT,2016
Malta,MLT,2017,13484541925.771402,MT,Europe,2017-MT,2016
Malta,MLT,2018,15404393365.207321,MT,Europe,2018-MT,2016
Malta,MLT,2019,16004563885.753899,MT,Europe,2019-MT,2016
Malta,MLT,2020,15249999048.02971,MT,Europe,2020-MT,2020
Malta,MLT,2021,18123718946.600567,MT,Europe,2021-MT,2020
Malta,MLT,2022,18357069272.768166,MT,Europe,2022-MT,2020
Malta,MLT,2023,20956999452.431664,MT,Europe,2023-MT,2020
Marshall Islands,MHL,1970,8408486.051,MH,Oceania,1970-MH,1968
Marshall Islands,MHL,1971,9116810.275,MH,Oceania,1971-MH,1968
Marshall Islands,MHL,1972,9973652.288,MH,Oceania,1972-MH,1972
Marshall Islands,MHL,1973,11607365.81,MH,Oceania,1973-MH,1972
Marshall Islands,MHL,1974,15217532.225142399,MH,Oceania,1974-MH,1972
Marshall Islands,MHL,1975,16691300.765216902,MH,Oceania,1975-MH,1972
Marshall Islands,MHL,1976,18153647.070050903,MH,Oceania,1976-MH,1976
Marshall Islands,MHL,1977,20210069.486863103,MH,Oceania,1977-MH,1976
Marshall Islands,MHL,1978,22209369.83,MH,Oceania,1978-MH,1976
Marshall Islands,MHL,1979,25545346.13,MH,Oceania,1979-MH,1976
Marshall Islands,MHL,1980,26710652.89,MH,Oceania,1980-MH,1980
Marshall Islands,MHL,1981,31020000,MH,Oceania,1981-MH,1980
Marshall Islands,MHL,1982,34918000,MH,Oceania,1982-MH,1980
Marshall Islands,MHL,1983,41749000,MH,Oceania,1983-MH,1980
Marshall Islands,MHL,1984,45144000,MH,Oceania,1984-MH,1984
Marshall Islands,MHL,1985,43879000,MH,Oceania,1985-MH,1984
Marshall Islands,MHL,1986,55989000,MH,Oceania,1986-MH,1984
Marshall Islands,MHL,1987,62983000,MH,Oceania,1987-MH,1984
Marshall Islands,MHL,1988,70688000,MH,Oceania,1988-MH,1988
Marshall Islands,MHL,1989,72798000,MH,Oceania,1989-MH,1988
Marshall Islands,MHL,1990,78476000,MH,Oceania,1990-MH,1988
Marshall Islands,MHL,1991,82507000,MH,Oceania,1991-MH,1988
Marshall Islands,MHL,1992,91063000,MH,Oceania,1992-MH,1992
Marshall Islands,MHL,1993,99461000,MH,Oceania,1993-MH,1992
Marshall Islands,MHL,1994,108071000,MH,Oceania,1994-MH,1992
Marshall Islands,MHL,1995,120230000,MH,Oceania,1995-MH,1992
Marshall Islands,MHL,1996,110858000,MH,Oceania,1996-MH,1996
Marshall Islands,MHL,1997,109884681.7,MH,Oceania,1997-MH,1996
Marshall Islands,MHL,1998,112070114.13574201,MH,Oceania,1998-MH,1996
Marshall Islands,MHL,1999,113352058.4,MH,Oceania,1999-MH,1996
Marshall Islands,MHL,2000,114838470.5,MH,Oceania,2000-MH,2000
Marshall Islands,MHL,2001,122406127.92968799,MH,Oceania,2001-MH,2000
Marshall Islands,MHL,2002,131959976.2,MH,Oceania,2002-MH,2000
Marshall Islands,MHL,2003,131128479,MH,Oceania,2003-MH,2000
Marshall Islands,MHL,2004,132791854.9,MH,Oceania,2004-MH,2004
Marshall Islands,MHL,2005,137815414.4,MH,Oceania,2005-MH,2004
Marshall Islands,MHL,2006,142922515.86914098,MH,Oceania,2006-MH,2004
Marshall Islands,MHL,2007,150104705.8,MH,Oceania,2007-MH,2004
Marshall Islands,MHL,2008,146208160.40039098,MH,Oceania,2008-MH,2008
Marshall Islands,MHL,2009,150886459.4,MH,Oceania,2009-MH,2008
Marshall Islands,MHL,2010,160629516.6,MH,Oceania,2010-MH,2008
Marshall Islands,MHL,2011,172044509.9,MH,Oceania,2011-MH,2008
Marshall Islands,MHL,2012,180302078.2,MH,Oceania,2012-MH,2012
Marshall Islands,MHL,2013,185817016.6,MH,Oceania,2013-MH,2012
Marshall Islands,MHL,2014,185446395.87402302,MH,Oceania,2014-MH,2012
Marshall Islands,MHL,2015,183222930.9,MH,Oceania,2015-MH,2012
Marshall Islands,MHL,2016,200900711.1,MH,Oceania,2016-MH,2016
Marshall Islands,MHL,2017,212935714.7,MH,Oceania,2017-MH,2016
Marshall Islands,MHL,2018,219430038.45214802,MH,Oceania,2018-MH,2016
Marshall Islands,MHL,2019,231996704.1,MH,Oceania,2019-MH,2016
Marshall Islands,MHL,2020,240751144.4,MH,Oceania,2020-MH,2020
Marshall Islands,MHL,2021,257784881.6,MH,Oceania,2021-MH,2020
Marshall Islands,MHL,2022,258774475.1,MH,Oceania,2022-MH,2020
Marshall Islands,MHL,2023,284000000,MH,Oceania,2023-MH,2020
Mauritania,MRT,1961,159213430.2452648,MR,Africa,1961-MR,1960
Mauritania,MRT,1962,164271557.5620859,MR,Africa,1962-MR,1960
Mauritania,MRT,1963,168186297.20410672,MR,Africa,1963-MR,1960
Mauritania,MRT,1964,224495743.78401747,MR,Africa,1964-MR,1964
Mauritania,MRT,1965,255340475.01808292,MR,Africa,1965-MR,1964
Mauritania,MRT,1966,266533605.16557553,MR,Africa,1966-MR,1964
Mauritania,MRT,1967,282615310.21628356,MR,Africa,1967-MR,1964
Mauritania,MRT,1968,311395937.24193543,MR,Africa,1968-MR,1968
Mauritania,MRT,1969,295062308.4939481,MR,Africa,1969-MR,1968
Mauritania,MRT,1970,309405316.0586872,MR,Africa,1970-MR,1968
Mauritania,MRT,1971,335568907.08802116,MR,Africa,1971-MR,1968
Mauritania,MRT,1972,391669449.25113916,MR,Africa,1972-MR,1972
Mauritania,MRT,1973,493237876.2954636,MR,Africa,1973-MR,1972
Mauritania,MRT,1974,613010552.4787171,MR,Africa,1974-MR,1972
Mauritania,MRT,1975,703377837.4522233,MR,Africa,1975-MR,1972
Mauritania,MRT,1976,775045516.8500019,MR,Africa,1976-MR,1976
Mauritania,MRT,1977,799030017.1452087,MR,Africa,1977-MR,1976
Mauritania,MRT,1978,804629876.7614405,MR,Africa,1978-MR,1976
Mauritania,MRT,1979,951900945.2,MR,Africa,1979-MR,1976
Mauritania,MRT,1980,1047925105.5885252,MR,Africa,1980-MR,1980
Mauritania,MRT,1981,1105494681.673345,MR,Africa,1981-MR,1980
Mauritania,MRT,1982,1108776652.7838864,MR,Africa,1982-MR,1980
Mauritania,MRT,1983,1165171263.3824146,MR,Africa,1983-MR,1980
Mauritania,MRT,1984,1074373230.2843754,MR,Africa,1984-MR,1984
Mauritania,MRT,1985,1009723326.3151066,MR,Africa,1985-MR,1984
Mauritania,MRT,1986,1186628778.5142858,MR,Africa,1986-MR,1984
Mauritania,MRT,1987,1344664724.6628344,MR,Africa,1987-MR,1984
Mauritania,MRT,1988,1414951290.066825,MR,Africa,1988-MR,1988
Mauritania,MRT,1989,1450647019.1809852,MR,Africa,1989-MR,1988
Mauritania,MRT,1990,1506914407.8204668,MR,Africa,1990-MR,1988
Mauritania,MRT,1991,2133692696.7485716,MR,Africa,1991-MR,1988
Mauritania,MRT,1992,2164298425.4841185,MR,Africa,1992-MR,1992
Mauritania,MRT,1993,1847353211.3474987,MR,Africa,1993-MR,1992
Mauritania,MRT,1994,1944876755.0070808,MR,Africa,1994-MR,1992
Mauritania,MRT,1995,2091726101.430141,MR,Africa,1995-MR,1992
Mauritania,MRT,1996,2132087009.2894218,MR,Africa,1996-MR,1996
Mauritania,MRT,1997,2071996564.0529583,MR,Africa,1997-MR,1996
Mauritania,MRT,1998,2032347664.9499302,MR,Africa,1998-MR,1996
Mauritania,MRT,1999,1985922775.5335116,MR,Africa,1999-MR,1996
Mauritania,MRT,2000,1779520886.4701493,MR,Africa,2000-MR,2000
Mauritania,MRT,2001,1746063557.6135542,MR,Africa,2001-MR,2000
Mauritania,MRT,2002,1777057481.2604308,MR,Africa,2002-MR,2000
Mauritania,MRT,2003,2051147606.736874,MR,Africa,2003-MR,2000
Mauritania,MRT,2004,2362501023.2424912,MR,Africa,2004-MR,2004
Mauritania,MRT,2005,2936019526,MR,Africa,2005-MR,2004
Mauritania,MRT,2006,3919577285.927029,MR,Africa,2006-MR,2004
Mauritania,MRT,2007,4346212355.029747,MR,Africa,2007-MR,2004
Mauritania,MRT,2008,5206437193.804133,MR,Africa,2008-MR,2008
Mauritania,MRT,2009,4714595547.751017,MR,Africa,2009-MR,2008
Mauritania,MRT,2010,5628878797.982574,MR,Africa,2010-MR,2008
Mauritania,MRT,2011,6764627745.903299,MR,Africa,2011-MR,2008
Mauritania,MRT,2012,6728208836.221428,MR,Africa,2012-MR,2012
Mauritania,MRT,2013,7223071097,MR,Africa,2013-MR,2012
Mauritania,MRT,2014,6592537781.815179,MR,Africa,2014-MR,2012
Mauritania,MRT,2015,6166863896.686766,MR,Africa,2015-MR,2012
Mauritania,MRT,2016,6398747592.131846,MR,Africa,2016-MR,2016
Mauritania,MRT,2017,6800135898.288272,MR,Africa,2017-MR,2016
Mauritania,MRT,2018,7473550557.073785,MR,Africa,2018-MR,2016
Mauritania,MRT,2019,7894764885.823116,MR,Africa,2019-MR,2016
Mauritania,MRT,2020,8260752385.230893,MR,Africa,2020-MR,2020
Mauritania,MRT,2021,9222536364.012722,MR,Africa,2021-MR,2020
Mauritania,MRT,2022,9744039514.556463,MR,Africa,2022-MR,2020
Mauritania,MRT,2023,10452577062.75806,MR,Africa,2023-MR,2020
Mauritius,MUS,1960,162089563.92380205,MU,Africa,1960-MU,1960
Mauritius,MUS,1961,191757729.41388333,MU,Africa,1961-MU,1960
Mauritius,MUS,1962,197738207.75797078,MU,Africa,1962-MU,1960
Mauritius,MUS,1963,253839557.94553646,MU,Africa,1963-MU,1960
Mauritius,MUS,1964,218914569.0989437,MU,Africa,1964-MU,1964
Mauritius,MUS,1965,230024160.5683362,MU,Africa,1965-MU,1964
Mauritius,MUS,1966,227534083.47925827,MU,Africa,1966-MU,1964
Mauritius,MUS,1967,238439290.89780983,MU,Africa,1967-MU,1964
Mauritius,MUS,1968,206576630.61297262,MU,Africa,1968-MU,1968
Mauritius,MUS,1969,221553612.91858226,MU,Africa,1969-MU,1968
Mauritius,MUS,1970,224125805.0088326,MU,Africa,1970-MU,1968
Mauritius,MUS,1971,251437337.9093905,MU,Africa,1971-MU,1968
Mauritius,MUS,1972,318664899.7305043,MU,Africa,1972-MU,1972
Mauritius,MUS,1973,404285775.1284814,MU,Africa,1973-MU,1972
Mauritius,MUS,1974,669894029.5720309,MU,Africa,1974-MU,1972
Mauritius,MUS,1975,673311287.1,MU,Africa,1975-MU,1972
Mauritius,MUS,1976,713510051.5546002,MU,Africa,1976-MU,1976
Mauritius,MUS,1977,834722972.1949514,MU,Africa,1977-MU,1976
Mauritius,MUS,1978,1029040323.2899554,MU,Africa,1978-MU,1976
Mauritius,MUS,1979,1227446632.2103174,MU,Africa,1979-MU,1976
Mauritius,MUS,1980,1147027924.1166265,MU,Africa,1980-MU,1980
Mauritius,MUS,1981,1157769443.6056924,MU,Africa,1981-MU,1980
Mauritius,MUS,1982,1092923635.5440536,MU,Africa,1982-MU,1980
Mauritius,MUS,1983,1104956573.1060035,MU,Africa,1983-MU,1980
Mauritius,MUS,1984,1054564759.0394739,MU,Africa,1984-MU,1984
Mauritius,MUS,1985,1090611324.6556206,MU,Africa,1985-MU,1984
Mauritius,MUS,1986,1482601552.398748,MU,Africa,1986-MU,1984
Mauritius,MUS,1987,1906174437.990624,MU,Africa,1987-MU,1984
Mauritius,MUS,1988,2163252449.1287475,MU,Africa,1988-MU,1988
Mauritius,MUS,1989,2211312823.204433,MU,Africa,1989-MU,1988
Mauritius,MUS,1990,2689212760.181847,MU,Africa,1990-MU,1988
Mauritius,MUS,1991,2895354736.1833158,MU,Africa,1991-MU,1988
Mauritius,MUS,1992,3267677814.2398405,MU,Africa,1992-MU,1992
Mauritius,MUS,1993,3307302125.875275,MU,Africa,1993-MU,1992
Mauritius,MUS,1994,3606050873.0138974,MU,Africa,1994-MU,1992
Mauritius,MUS,1995,4094741652.3004847,MU,Africa,1995-MU,1992
Mauritius,MUS,1996,4481489762,MU,Africa,1996-MU,1996
Mauritius,MUS,1997,4243755307.5523887,MU,Africa,1997-MU,1996
Mauritius,MUS,1998,4225813976.3635945,MU,Africa,1998-MU,1996
Mauritius,MUS,1999,4402193195.469448,MU,Africa,1999-MU,1996
Mauritius,MUS,2000,4726108622.476615,MU,Africa,2000-MU,2000
Mauritius,MUS,2001,4675755867.176569,MU,Africa,2001-MU,2000
Mauritius,MUS,2002,4906494249.382551,MU,Africa,2002-MU,2000
Mauritius,MUS,2003,5894873920,MU,Africa,2003-MU,2000
Mauritius,MUS,2004,6667418752.073067,MU,Africa,2004-MU,2004
Mauritius,MUS,2005,6576108447.475309,MU,Africa,2005-MU,2004
Mauritius,MUS,2006,7028810680.890765,MU,Africa,2006-MU,2004
Mauritius,MUS,2007,8150150209,MU,Africa,2007-MU,2004
Mauritius,MUS,2008,9990356673.734972,MU,Africa,2008-MU,2008
Mauritius,MUS,2009,9128843109.155876,MU,Africa,2009-MU,2008
Mauritius,MUS,2010,10003670690.349657,MU,Africa,2010-MU,2008
Mauritius,MUS,2011,11518413429.968351,MU,Africa,2011-MU,2008
Mauritius,MUS,2012,11668696396.788656,MU,Africa,2012-MU,2012
Mauritius,MUS,2013,12292974141.40443,MU,Africa,2013-MU,2012
Mauritius,MUS,2014,13074129952.053152,MU,Africa,2014-MU,2012
Mauritius,MUS,2015,12007291045.648907,MU,Africa,2015-MU,2012
Mauritius,MUS,2016,12594155464.413633,MU,Africa,2016-MU,2016
Mauritius,MUS,2017,13713506130.608124,MU,Africa,2017-MU,2016
Mauritius,MUS,2018,14735695930.972702,MU,Africa,2018-MU,2016
Mauritius,MUS,2019,14436346979.63554,MU,Africa,2019-MU,2016
Mauritius,MUS,2020,11408106446.31438,MU,Africa,2020-MU,2020
Mauritius,MUS,2021,11484348766.043383,MU,Africa,2021-MU,2020
Mauritius,MUS,2022,12927979286.045298,MU,Africa,2022-MU,2020
Mauritius,MUS,2023,14397127281.382942,MU,Africa,2023-MU,2020
Mexico,MEX,1960,13040000000,MX,North America,1960-MX,1960
Mexico,MEX,1961,14160000000,MX,North America,1961-MX,1960
Mexico,MEX,1962,15200000000,MX,North America,1962-MX,1960
Mexico,MEX,1963,16960000000,MX,North America,1963-MX,1960
Mexico,MEX,1964,20080000000,MX,North America,1964-MX,1964
Mexico,MEX,1965,21840000000,MX,North America,1965-MX,1964
Mexico,MEX,1966,24320000000,MX,North America,1966-MX,1964
Mexico,MEX,1967,26560000000,MX,North America,1967-MX,1964
Mexico,MEX,1968,29360000000,MX,North America,1968-MX,1968
Mexico,MEX,1969,32480000000,MX,North America,1969-MX,1968
Mexico,MEX,1970,35520000000,MX,North America,1970-MX,1968
Mexico,MEX,1971,39200000000,MX,North America,1971-MX,1968
Mexico,MEX,1972,45200000000,MX,North America,1972-MX,1972
Mexico,MEX,1973,55280000000,MX,North America,1973-MX,1972
Mexico,MEX,1974,72000000000,MX,North America,1974-MX,1972
Mexico,MEX,1975,88000000000,MX,North America,1975-MX,1972
Mexico,MEX,1976,88875923765.07196,MX,North America,1976-MX,1976
Mexico,MEX,1977,81912018783.50241,MX,North America,1977-MX,1976
Mexico,MEX,1978,102648570299.11714,MX,North America,1978-MX,1976
Mexico,MEX,1979,134531900898.92567,MX,North America,1979-MX,1976
Mexico,MEX,1980,205577055465.99277,MX,North America,1980-MX,1980
Mexico,MEX,1981,263797827860.4936,MX,North America,1981-MX,1980
Mexico,MEX,1982,184602611609.5174,MX,North America,1982-MX,1980
Mexico,MEX,1983,156167000432.99414,MX,North America,1983-MX,1980
Mexico,MEX,1984,184230754105.39362,MX,North America,1984-MX,1984
Mexico,MEX,1985,195241069482.0767,MX,North America,1985-MX,1984
Mexico,MEX,1986,134556034672.99146,MX,North America,1986-MX,1984
Mexico,MEX,1987,147542558208.8881,MX,North America,1987-MX,1984
Mexico,MEX,1988,181611150496.7874,MX,North America,1988-MX,1988
Mexico,MEX,1989,221403098266.76956,MX,North America,1989-MX,1988
Mexico,MEX,1990,261253675692.83783,MX,North America,1990-MX,1988
Mexico,MEX,1991,313139656145.7446,MX,North America,1991-MX,1988
Mexico,MEX,1992,363157832923.73444,MX,North America,1992-MX,1992
Mexico,MEX,1993,530160763983.50635,MX,North America,1993-MX,1992
Mexico,MEX,1994,553618247900.7395,MX,North America,1994-MX,1992
Mexico,MEX,1995,380157469866.8494,MX,North America,1995-MX,1992
Mexico,MEX,1996,432157945024.4281,MX,North America,1996-MX,1996
Mexico,MEX,1997,523449530464.25696,MX,North America,1997-MX,1996
Mexico,MEX,1998,557461102630.6578,MX,North America,1998-MX,1996
Mexico,MEX,1999,6.31249E+11,MX,North America,1999-MX,1996
Mexico,MEX,2000,742061329643.3695,MX,North America,2000-MX,2000
Mexico,MEX,2001,796064590656.1759,MX,North America,2001-MX,2000
Mexico,MEX,2002,810666116505.4778,MX,North America,2002-MX,2000
Mexico,MEX,2003,765549967703.2732,MX,North America,2003-MX,2000
Mexico,MEX,2004,819459227375.0225,MX,North America,2004-MX,2004
Mexico,MEX,2005,917571853529.1045,MX,North America,2005-MX,2004
Mexico,MEX,2006,1020265057882.007,MX,North America,2006-MX,2004
Mexico,MEX,2007,1102355554971.9478,MX,North America,2007-MX,2004
Mexico,MEX,2008,1161553459715.1033,MX,North America,2008-MX,2008
Mexico,MEX,2009,943437415024.6328,MX,North America,2009-MX,2008
Mexico,MEX,2010,1105424238731.0928,MX,North America,2010-MX,2008
Mexico,MEX,2011,1229013703416.7583,MX,North America,2011-MX,2008
Mexico,MEX,2012,1255110424817.7866,MX,North America,2012-MX,2012
Mexico,MEX,2013,1327436290282.6748,MX,North America,2013-MX,2012
Mexico,MEX,2014,1364507717614.1343,MX,North America,2014-MX,2012
Mexico,MEX,2015,1213294467716.8804,MX,North America,2015-MX,2012
Mexico,MEX,2016,1112233497452.6975,MX,North America,2016-MX,2016
Mexico,MEX,2017,1.19072E+12,MX,North America,2017-MX,2016
Mexico,MEX,2018,1256300182879.7263,MX,North America,2018-MX,2016
Mexico,MEX,2019,1305211135822.6147,MX,North America,2019-MX,2016
Mexico,MEX,2020,1120832412468.8489,MX,North America,2020-MX,2020
Mexico,MEX,2021,1313069763986.597,MX,North America,2021-MX,2020
Mexico,MEX,2022,1463323889036.5598,MX,North America,2022-MX,2020
Mexico,MEX,2023,1788886821046.8132,MX,North America,2023-MX,2020
"Micronesia, Fed. Sts.",FSM,1970,19885925.98,FM,Oceania,1970-FM,1968
"Micronesia, Fed. Sts.",FSM,1971,21783157.57,FM,Oceania,1971-FM,1968
"Micronesia, Fed. Sts.",FSM,1972,25100928.16,FM,Oceania,1972-FM,1972
"Micronesia, Fed. Sts.",FSM,1973,34821467.35529409,FM,Oceania,1973-FM,1972
"Micronesia, Fed. Sts.",FSM,1974,46095174.938235305,FM,Oceania,1974-FM,1972
"Micronesia, Fed. Sts.",FSM,1975,46119184.11,FM,Oceania,1975-FM,1972
"Micronesia, Fed. Sts.",FSM,1976,46813192.58,FM,Oceania,1976-FM,1976
"Micronesia, Fed. Sts.",FSM,1977,47305559.69,FM,Oceania,1977-FM,1976
"Micronesia, Fed. Sts.",FSM,1978,53656834.28,FM,Oceania,1978-FM,1976
"Micronesia, Fed. Sts.",FSM,1979,60270778.33,FM,Oceania,1979-FM,1976
"Micronesia, Fed. Sts.",FSM,1980,64186644.25352939,FM,Oceania,1980-FM,1980
"Micronesia, Fed. Sts.",FSM,1981,76472529.41,FM,Oceania,1981-FM,1980
"Micronesia, Fed. Sts.",FSM,1982,80055705.88,FM,Oceania,1982-FM,1980
"Micronesia, Fed. Sts.",FSM,1983,84110352.94,FM,Oceania,1983-FM,1980
"Micronesia, Fed. Sts.",FSM,1984,84676117.65,FM,Oceania,1984-FM,1984
"Micronesia, Fed. Sts.",FSM,1985,101931941.2,FM,Oceania,1985-FM,1984
"Micronesia, Fed. Sts.",FSM,1986,112210000,FM,Oceania,1986-FM,1984
"Micronesia, Fed. Sts.",FSM,1987,116700000,FM,Oceania,1987-FM,1984
"Micronesia, Fed. Sts.",FSM,1988,124700000,FM,Oceania,1988-FM,1988
"Micronesia, Fed. Sts.",FSM,1989,135200000,FM,Oceania,1989-FM,1988
"Micronesia, Fed. Sts.",FSM,1990,147200000,FM,Oceania,1990-FM,1988
"Micronesia, Fed. Sts.",FSM,1991,166200000,FM,Oceania,1991-FM,1988
"Micronesia, Fed. Sts.",FSM,1992,178100000,FM,Oceania,1992-FM,1992
"Micronesia, Fed. Sts.",FSM,1993,198400000,FM,Oceania,1993-FM,1992
"Micronesia, Fed. Sts.",FSM,1994,202500000,FM,Oceania,1994-FM,1992
"Micronesia, Fed. Sts.",FSM,1995,221575300,FM,Oceania,1995-FM,1992
"Micronesia, Fed. Sts.",FSM,1996,218534700,FM,Oceania,1996-FM,1996
"Micronesia, Fed. Sts.",FSM,1997,206626300,FM,Oceania,1997-FM,1996
"Micronesia, Fed. Sts.",FSM,1998,218873100,FM,Oceania,1998-FM,1996
"Micronesia, Fed. Sts.",FSM,1999,220140500,FM,Oceania,1999-FM,1996
"Micronesia, Fed. Sts.",FSM,2000,233271800,FM,Oceania,2000-FM,2000
"Micronesia, Fed. Sts.",FSM,2001,240970900,FM,Oceania,2001-FM,2000
"Micronesia, Fed. Sts.",FSM,2002,242517200,FM,Oceania,2002-FM,2000
"Micronesia, Fed. Sts.",FSM,2003,245432900,FM,Oceania,2003-FM,2000
"Micronesia, Fed. Sts.",FSM,2004,240236000,FM,Oceania,2004-FM,2004
"Micronesia, Fed. Sts.",FSM,2005,250281900,FM,Oceania,2005-FM,2004
"Micronesia, Fed. Sts.",FSM,2006,253541900,FM,Oceania,2006-FM,2004
"Micronesia, Fed. Sts.",FSM,2007,256787199.99999997,FM,Oceania,2007-FM,2004
"Micronesia, Fed. Sts.",FSM,2008,263145100,FM,Oceania,2008-FM,2008
"Micronesia, Fed. Sts.",FSM,2009,280284600,FM,Oceania,2009-FM,2008
"Micronesia, Fed. Sts.",FSM,2010,296944100,FM,Oceania,2010-FM,2008
"Micronesia, Fed. Sts.",FSM,2011,311301600,FM,Oceania,2011-FM,2008
"Micronesia, Fed. Sts.",FSM,2012,327248700,FM,Oceania,2012-FM,2012
"Micronesia, Fed. Sts.",FSM,2013,317214400,FM,Oceania,2013-FM,2012
"Micronesia, Fed. Sts.",FSM,2014,319271200,FM,Oceania,2014-FM,2012
"Micronesia, Fed. Sts.",FSM,2015,316489900,FM,Oceania,2015-FM,2012
"Micronesia, Fed. Sts.",FSM,2016,325000000,FM,Oceania,2016-FM,2016
"Micronesia, Fed. Sts.",FSM,2017,359000000,FM,Oceania,2017-FM,2016
"Micronesia, Fed. Sts.",FSM,2018,392000000,FM,Oceania,2018-FM,2016
"Micronesia, Fed. Sts.",FSM,2019,394000000,FM,Oceania,2019-FM,2016
"Micronesia, Fed. Sts.",FSM,2020,372000000,FM,Oceania,2020-FM,2020
"Micronesia, Fed. Sts.",FSM,2021,390000000,FM,Oceania,2021-FM,2020
"Micronesia, Fed. Sts.",FSM,2022,430000000,FM,Oceania,2022-FM,2020
"Micronesia, Fed. Sts.",FSM,2023,460000000,FM,Oceania,2023-FM,2020
Moldova,MDA,1990,3571250000,MD,Europe,1990-MD,1988
Moldova,MDA,1991,3083333333.3333335,MD,Europe,1991-MD,1988
Moldova,MDA,1992,2320435308,MD,Europe,1992-MD,1992
Moldova,MDA,1993,2371711383.172701,MD,Europe,1993-MD,1992
Moldova,MDA,1994,1702292855.6026738,MD,Europe,1994-MD,1992
Moldova,MDA,1995,1752979926,MD,Europe,1995-MD,1992
Moldova,MDA,1996,1695122173.9130435,MD,Europe,1996-MD,1996
Moldova,MDA,1997,1930081168.831169,MD,Europe,1997-MD,1996
Moldova,MDA,1998,1698717504.6554935,MD,Europe,1998-MD,1996
Moldova,MDA,1999,1170782957.3744323,MD,Europe,1999-MD,1996
Moldova,MDA,2000,1288429391.7995076,MD,Europe,2000-MD,2000
Moldova,MDA,2001,1480673594.0560203,MD,Europe,2001-MD,2000
Moldova,MDA,2002,1661818168.4226036,MD,Europe,2002-MD,2000
Moldova,MDA,2003,1980907434.768264,MD,Europe,2003-MD,2000
Moldova,MDA,2004,2598249556,MD,Europe,2004-MD,2004
Moldova,MDA,2005,2988342907.0309634,MD,Europe,2005-MD,2004
Moldova,MDA,2006,3408255451,MD,Europe,2006-MD,2004
Moldova,MDA,2007,4401173151.937674,MD,Europe,2007-MD,2004
Moldova,MDA,2008,6054824248.242213,MD,Europe,2008-MD,2008
Moldova,MDA,2009,5439434271.7880745,MD,Europe,2009-MD,2008
Moldova,MDA,2010,6974982369.601547,MD,Europe,2010-MD,2008
Moldova,MDA,2011,8414352020.494416,MD,Europe,2011-MD,2008
Moldova,MDA,2012,8709138635,MD,Europe,2012-MD,2012
Moldova,MDA,2013,9496717875.519316,MD,Europe,2013-MD,2012
Moldova,MDA,2014,9402090137.742302,MD,Europe,2014-MD,2012
Moldova,MDA,2015,7797667196.730872,MD,Europe,2015-MD,2012
Moldova,MDA,2016,7980917075.774796,MD,Europe,2016-MD,2016
Moldova,MDA,2017,9514404016.209494,MD,Europe,2017-MD,2016
Moldova,MDA,2018,11252353420.879784,MD,Europe,2018-MD,2016
Moldova,MDA,2019,11736797054.696486,MD,Europe,2019-MD,2016
Moldova,MDA,2020,11530746234.449179,MD,Europe,2020-MD,2020
Moldova,MDA,2021,13691869264.079353,MD,Europe,2021-MD,2020
Moldova,MDA,2022,14510490660.251604,MD,Europe,2022-MD,2020
Moldova,MDA,2023,16539436547.294973,MD,Europe,2023-MD,2020
Monaco,MCO,1970,293127333.2,MC,Europe,1970-MC,1968
Monaco,MCO,1971,327706210.4,MC,Europe,1971-MC,1968
Monaco,MCO,1972,402451900.82128793,MC,Europe,1972-MC,1972
Monaco,MCO,1973,523554039.2032079,MC,Europe,1973-MC,1972
Monaco,MCO,1974,563949254.1140337,MC,Europe,1974-MC,1972
Monaco,MCO,1975,711978961.8936744,MC,Europe,1975-MC,1972
Monaco,MCO,1976,735324244.6673969,MC,Europe,1976-MC,1976
Monaco,MCO,1977,811191392.2242771,MC,Europe,1977-MC,1976
Monaco,MCO,1978,1000555218.0320864,MC,Europe,1978-MC,1976
Monaco,MCO,1979,1209870147.490988,MC,Europe,1979-MC,1976
Monaco,MCO,1980,1378175524.1118622,MC,Europe,1980-MC,1980
Monaco,MCO,1981,1205188647.9316258,MC,Europe,1981-MC,1980
Monaco,MCO,1982,1143216456.567955,MC,Europe,1982-MC,1980
Monaco,MCO,1983,1092560364.5195885,MC,Europe,1983-MC,1980
Monaco,MCO,1984,1037329604.3510797,MC,Europe,1984-MC,1984
Monaco,MCO,1985,1082867507.3314211,MC,Europe,1985-MC,1984
Monaco,MCO,1986,1515234743.4736655,MC,Europe,1986-MC,1984
Monaco,MCO,1987,1839081463.276756,MC,Europe,1987-MC,1984
Monaco,MCO,1988,2000704744.9153755,MC,Europe,1988-MC,1988
Monaco,MCO,1989,2010083833.1726034,MC,Europe,1989-MC,1988
Monaco,MCO,1990,2481307077.1098886,MC,Europe,1990-MC,1988
Monaco,MCO,1991,2480540845.332419,MC,Europe,1991-MC,1988
Monaco,MCO,1992,2737049230.7044163,MC,Europe,1992-MC,1992
Monaco,MCO,1993,2574494355.7335696,MC,Europe,1993-MC,1992
Monaco,MCO,1994,2720332134.5362263,MC,Europe,1994-MC,1992
Monaco,MCO,1995,3130309995.3084774,MC,Europe,1995-MC,1992
Monaco,MCO,1996,3137886994.5220656,MC,Europe,1996-MC,1996
Monaco,MCO,1997,2840195190,MC,Europe,1997-MC,1996
Monaco,MCO,1998,2934593467.685893,MC,Europe,1998-MC,1996
Monaco,MCO,1999,2907118641.177555,MC,Europe,1999-MC,1996
Monaco,MCO,2000,2654462665.268933,MC,Europe,2000-MC,2000
Monaco,MCO,2001,2673723033.7123938,MC,Europe,2001-MC,2000
Monaco,MCO,2002,2919647981.8147264,MC,Europe,2002-MC,2000
Monaco,MCO,2003,3597089750.782763,MC,Europe,2003-MC,2000
Monaco,MCO,2004,4043551488.8260303,MC,Europe,2004-MC,2004
Monaco,MCO,2005,4204652898.7310276,MC,Europe,2005-MC,2004
Monaco,MCO,2006,4586826512.713562,MC,Europe,2006-MC,2004
Monaco,MCO,2007,5875790766.262101,MC,Europe,2007-MC,2004
Monaco,MCO,2008,6502942244.9306755,MC,Europe,2008-MC,2008
Monaco,MCO,2009,5474379252.341142,MC,Europe,2009-MC,2008
Monaco,MCO,2010,5367561569.595484,MC,Europe,2010-MC,2008
Monaco,MCO,2011,6088689808.383467,MC,Europe,2011-MC,2008
Monaco,MCO,2012,5742749294.008515,MC,Europe,2012-MC,2012
Monaco,MCO,2013,6555591709.885848,MC,Europe,2013-MC,2012
Monaco,MCO,2014,7069353073.088819,MC,Europe,2014-MC,2012
Monaco,MCO,2015,6261649891,MC,Europe,2015-MC,2012
Monaco,MCO,2016,6465645584.948767,MC,Europe,2016-MC,2016
Monaco,MCO,2017,6431271365.083382,MC,Europe,2017-MC,2016
Monaco,MCO,2018,7182444409.540691,MC,Europe,2018-MC,2016
Monaco,MCO,2019,7383944044.169999,MC,Europe,2019-MC,2016
Monaco,MCO,2020,6739645416.479156,MC,Europe,2020-MC,2020
Monaco,MCO,2021,8626081320.506119,MC,Europe,2021-MC,2020
Monaco,MCO,2022,8784002931.686646,MC,Europe,2022-MC,2020
Mongolia,MNG,1981,2310099100,MN,Asia,1981-MN,1980
Mongolia,MNG,1982,2552401933.3333335,MN,Asia,1982-MN,1980
Mongolia,MNG,1983,2725736633.3333335,MN,Asia,1983-MN,1980
Mongolia,MNG,1984,2098734599.9999998,MN,Asia,1984-MN,1984
Mongolia,MNG,1985,2186505475,MN,Asia,1985-MN,1984
Mongolia,MNG,1986,2896178866.6666665,MN,Asia,1986-MN,1984
Mongolia,MNG,1987,3020611600,MN,Asia,1987-MN,1984
Mongolia,MNG,1988,3204461566.6666665,MN,Asia,1988-MN,1988
Mongolia,MNG,1989,3576966800,MN,Asia,1989-MN,1988
Mongolia,MNG,1990,2560785660,MN,Asia,1990-MN,1988
Mongolia,MNG,1991,2379018326.3157897,MN,Asia,1991-MN,1988
Mongolia,MNG,1992,1317611863.8497653,MN,Asia,1992-MN,1992
Mongolia,MNG,1993,768401634.1545731,MN,Asia,1993-MN,1992
Mongolia,MNG,1994,925817092.2,MN,Asia,1994-MN,1992
Mongolia,MNG,1995,1452165005.238403,MN,Asia,1995-MN,1992
Mongolia,MNG,1996,1345719472.358831,MN,Asia,1996-MN,1996
Mongolia,MNG,1997,1180934202.8380105,MN,Asia,1997-MN,1996
Mongolia,MNG,1998,1124440204.8473787,MN,Asia,1998-MN,1996
Mongolia,MNG,1999,1057408588.6826869,MN,Asia,1999-MN,1996
Mongolia,MNG,2000,1136896123.6129804,MN,Asia,2000-MN,2000
Mongolia,MNG,2001,1267997934.312504,MN,Asia,2001-MN,2000
Mongolia,MNG,2002,1396555719.9740865,MN,Asia,2002-MN,2000
Mongolia,MNG,2003,1595297355.7834878,MN,Asia,2003-MN,2000
Mongolia,MNG,2004,1992066808.0959773,MN,Asia,2004-MN,2004
Mongolia,MNG,2005,2523471601.104208,MN,Asia,2005-MN,2004
Mongolia,MNG,2006,3414055661.6159754,MN,Asia,2006-MN,2004
Mongolia,MNG,2007,4234999703.900587,MN,Asia,2007-MN,2004
Mongolia,MNG,2008,5623216608.042884,MN,Asia,2008-MN,2008
Mongolia,MNG,2009,4583850368,MN,Asia,2009-MN,2008
Mongolia,MNG,2010,7189481998.900941,MN,Asia,2010-MN,2008
Mongolia,MNG,2011,10409797377.857065,MN,Asia,2011-MN,2008
Mongolia,MNG,2012,12292770631.564991,MN,Asia,2012-MN,2012
Mongolia,MNG,2013,12582122604.257748,MN,Asia,2013-MN,2012
Mongolia,MNG,2014,12226514668.062176,MN,Asia,2014-MN,2012
Mongolia,MNG,2015,11619892590.694118,MN,Asia,2015-MN,2012
Mongolia,MNG,2016,11181350649.357347,MN,Asia,2016-MN,2016
Mongolia,MNG,2017,11480847740.73598,MN,Asia,2017-MN,2016
Mongolia,MNG,2018,13178094720.498564,MN,Asia,2018-MN,2016
Mongolia,MNG,2019,14206359017.514322,MN,Asia,2019-MN,2016
Mongolia,MNG,2020,13312981429.08905,MN,Asia,2020-MN,2020
Mongolia,MNG,2021,15286441737.668615,MN,Asia,2021-MN,2020
Mongolia,MNG,2022,17146471713.748024,MN,Asia,2022-MN,2020
Mongolia,MNG,2023,19872180370,MN,Asia,2023-MN,2020
Montenegro,MNE,1998,854261160.7142857,ME,Europe,1998-ME,1996
Montenegro,MNE,1999,828950327.3532612,ME,Europe,1999-ME,1996
Montenegro,MNE,2000,984293043.8115647,ME,Europe,2000-ME,2000
Montenegro,MNE,2001,1159869246,ME,Europe,2001-ME,2000
Montenegro,MNE,2002,1284685050.524129,ME,Europe,2002-ME,2000
Montenegro,MNE,2003,1707710053.1493838,ME,Europe,2003-ME,2000
Montenegro,MNE,2004,2073234417.6806555,ME,Europe,2004-ME,2004
Montenegro,MNE,2005,2257174480.7859716,ME,Europe,2005-ME,2004
Montenegro,MNE,2006,2721903148.914816,ME,Europe,2006-ME,2004
Montenegro,MNE,2007,3680711743.772242,ME,Europe,2007-ME,2004
Montenegro,MNE,2008,4545674527.610957,ME,Europe,2008-ME,2008
Montenegro,MNE,2009,4159330369.5470963,ME,Europe,2009-ME,2008
Montenegro,MNE,2010,4142983843.491195,ME,Europe,2010-ME,2008
Montenegro,MNE,2011,4544428421.495127,ME,Europe,2011-ME,2008
Montenegro,MNE,2012,4087526241.812683,ME,Europe,2012-ME,2012
Montenegro,MNE,2013,4465772400,ME,Europe,2013-ME,2012
Montenegro,MNE,2014,4593853290.963004,ME,Europe,2014-ME,2012
Montenegro,MNE,2015,4054730077.577178,ME,Europe,2015-ME,2012
Montenegro,MNE,2016,4376930578.323949,ME,Europe,2016-ME,2016
Montenegro,MNE,2017,4856599481,ME,Europe,2017-ME,2016
Montenegro,MNE,2018,5506942238.356679,ME,Europe,2018-ME,2016
Montenegro,MNE,2019,5542054181.126162,ME,Europe,2019-ME,2016
Montenegro,MNE,2020,4769996866.007579,ME,Europe,2020-ME,2020
Montenegro,MNE,2021,5861427505.124932,ME,Europe,2021-ME,2020
Montenegro,MNE,2022,6229801580.791574,ME,Europe,2022-ME,2020
Montenegro,MNE,2023,7404541964.5077915,ME,Europe,2023-ME,2020
Morocco,MAR,1960,2037154741.9321055,MA,Africa,1960-MA,1960
Morocco,MAR,1961,2025693539.5584223,MA,Africa,1961-MA,1960
Morocco,MAR,1962,2379611124.614415,MA,Africa,1962-MA,1960
Morocco,MAR,1963,2657252578.3076344,MA,Africa,1963-MA,1960
Morocco,MAR,1964,2798345298.577806,MA,Africa,1964-MA,1964
Morocco,MAR,1965,2948331090.467524,MA,Africa,1965-MA,1964
Morocco,MAR,1966,2876401297.1075926,MA,Africa,1966-MA,1964
Morocco,MAR,1967,3046345314.386552,MA,Africa,1967-MA,1964
Morocco,MAR,1968,3271422332.6199636,MA,Africa,1968-MA,1968
Morocco,MAR,1969,3651622668.9510307,MA,Africa,1969-MA,1968
Morocco,MAR,1970,3956336244.118653,MA,Africa,1970-MA,1968
Morocco,MAR,1971,4356669034.342655,MA,Africa,1971-MA,1968
Morocco,MAR,1972,5074117544.774822,MA,Africa,1972-MA,1972
Morocco,MAR,1973,6242145880.0887575,MA,Africa,1973-MA,1972
Morocco,MAR,1974,7675466449.355309,MA,Africa,1974-MA,1972
Morocco,MAR,1975,8984853005.080584,MA,Africa,1975-MA,1972
Morocco,MAR,1976,9584297284.283165,MA,Africa,1976-MA,1976
Morocco,MAR,1977,11049783871.814425,MA,Africa,1977-MA,1976
Morocco,MAR,1978,13236946233.575916,MA,Africa,1978-MA,1976
Morocco,MAR,1979,15911994817.310715,MA,Africa,1979-MA,1976
Morocco,MAR,1980,21728516153.09073,MA,Africa,1980-MA,1980
Morocco,MAR,1981,17788185478.943974,MA,Africa,1981-MA,1980
Morocco,MAR,1982,17692276734.170986,MA,Africa,1982-MA,1980
Morocco,MAR,1983,16251408127.57345,MA,Africa,1983-MA,1980
Morocco,MAR,1984,14824667954.367361,MA,Africa,1984-MA,1984
Morocco,MAR,1985,14991283215.740831,MA,Africa,1985-MA,1984
Morocco,MAR,1986,19462085540.22311,MA,Africa,1986-MA,1984
Morocco,MAR,1987,21765195948.188976,MA,Africa,1987-MA,1984
Morocco,MAR,1988,25705296183.503674,MA,Africa,1988-MA,1988
Morocco,MAR,1989,26314313191.182552,MA,Africa,1989-MA,1988
Morocco,MAR,1990,30179954774.98992,MA,Africa,1990-MA,1988
Morocco,MAR,1991,32285573573.918488,MA,Africa,1991-MA,1988
Morocco,MAR,1992,33711069430.78004,MA,Africa,1992-MA,1992
Morocco,MAR,1993,31655473663.834824,MA,Africa,1993-MA,1992
Morocco,MAR,1994,35604137423,MA,Africa,1994-MA,1992
Morocco,MAR,1995,39030285468.38408,MA,Africa,1995-MA,1992
Morocco,MAR,1996,43161571527.635315,MA,Africa,1996-MA,1996
Morocco,MAR,1997,39147844526.08376,MA,Africa,1997-MA,1996
Morocco,MAR,1998,46497608725,MA,Africa,1998-MA,1996
Morocco,MAR,1999,46266428648.14326,MA,Africa,1999-MA,1996
Morocco,MAR,2000,43017455401.844536,MA,Africa,2000-MA,2000
Morocco,MAR,2001,43831480207.64445,MA,Africa,2001-MA,2000
Morocco,MAR,2002,47077192187.64177,MA,Africa,2002-MA,2000
Morocco,MAR,2003,58029363354.27568,MA,Africa,2003-MA,2000
Morocco,MAR,2004,66114145451.00669,MA,Africa,2004-MA,2004
Morocco,MAR,2005,68852658068.66728,MA,Africa,2005-MA,2004
Morocco,MAR,2006,75883823300.85452,MA,Africa,2006-MA,2004
Morocco,MAR,2007,86947913286.72797,MA,Africa,2007-MA,2004
Morocco,MAR,2008,101822906949.06343,MA,Africa,2008-MA,2008
Morocco,MAR,2009,101154952240.8807,MA,Africa,2009-MA,2008
Morocco,MAR,2010,100865329473.43983,MA,Africa,2010-MA,2008
Morocco,MAR,2011,110080631332.37535,MA,Africa,2011-MA,2008
Morocco,MAR,2012,106937392311.12907,MA,Africa,2012-MA,2012
Morocco,MAR,2013,115739287305.0801,MA,Africa,2013-MA,2012
Morocco,MAR,2014,119130841411.66359,MA,Africa,2014-MA,2012
Morocco,MAR,2015,110413823841.59187,MA,Africa,2015-MA,2012
Morocco,MAR,2016,111572947004.91748,MA,Africa,2016-MA,2016
Morocco,MAR,2017,118540573367.84428,MA,Africa,2017-MA,2016
Morocco,MAR,2018,127341147581.81831,MA,Africa,2018-MA,2016
Morocco,MAR,2019,128920266409.4575,MA,Africa,2019-MA,2016
Morocco,MAR,2020,121353645057.14369,MA,Africa,2020-MA,2020
Morocco,MAR,2021,141817797083.46814,MA,Africa,2021-MA,2020
Morocco,MAR,2022,130912558829.8398,MA,Africa,2022-MA,2020
Morocco,MAR,2023,141109373209.41437,MA,Africa,2023-MA,2020
Mozambique,MOZ,1991,3854856434.5806246,MZ,Africa,1991-MZ,1988
Mozambique,MOZ,1992,2798696511,MZ,Africa,1992-MZ,1992
Mozambique,MOZ,1993,2883161897.4265127,MZ,Africa,1993-MZ,1992
Mozambique,MOZ,1994,2958108170.3206115,MZ,Africa,1994-MZ,1992
Mozambique,MOZ,1995,3061646173.7393775,MZ,Africa,1995-MZ,1992
Mozambique,MOZ,1996,4030146134.5706015,MZ,Africa,1996-MZ,1996
Mozambique,MOZ,1997,4873663774.930193,MZ,Africa,1997-MZ,1996
Mozambique,MOZ,1998,5551118149,MZ,Africa,1998-MZ,1996
Mozambique,MOZ,1999,6285219691.224625,MZ,Africa,1999-MZ,1996
Mozambique,MOZ,2000,5930685214.615951,MZ,Africa,2000-MZ,2000
Mozambique,MOZ,2001,5650154067.103462,MZ,Africa,2001-MZ,2000
Mozambique,MOZ,2002,5950769426.602135,MZ,Africa,2002-MZ,2000
Mozambique,MOZ,2003,6583526860.580616,MZ,Africa,2003-MZ,2000
Mozambique,MOZ,2004,7937255565.357649,MZ,Africa,2004-MZ,2004
Mozambique,MOZ,2005,8868504899.946728,MZ,Africa,2005-MZ,2004
Mozambique,MOZ,2006,9509835537,MZ,Africa,2006-MZ,2004
Mozambique,MOZ,2007,10811456005.94048,MZ,Africa,2007-MZ,2004
Mozambique,MOZ,2008,12920340964.65435,MZ,Africa,2008-MZ,2008
Mozambique,MOZ,2009,12263894790.012465,MZ,Africa,2009-MZ,2008
Mozambique,MOZ,2010,11411894723.864027,MZ,Africa,2010-MZ,2008
Mozambique,MOZ,2011,14619279988.71596,MZ,Africa,2011-MZ,2008
Mozambique,MOZ,2012,16688114144.074518,MZ,Africa,2012-MZ,2012
Mozambique,MOZ,2013,17198073057.198067,MZ,Africa,2013-MZ,2012
Mozambique,MOZ,2014,17978246586.066242,MZ,Africa,2014-MZ,2012
Mozambique,MOZ,2015,16208985769.614956,MZ,Africa,2015-MZ,2012
Mozambique,MOZ,2016,12069051237.171114,MZ,Africa,2016-MZ,2016
Mozambique,MOZ,2017,13264640645.77679,MZ,Africa,2017-MZ,2016
Mozambique,MOZ,2018,15017359042.446373,MZ,Africa,2018-MZ,2016
Mozambique,MOZ,2019,15512758964.577944,MZ,Africa,2019-MZ,2016
Mozambique,MOZ,2020,14235420174.181255,MZ,Africa,2020-MZ,2020
Mozambique,MOZ,2021,16168055475.085007,MZ,Africa,2021-MZ,2020
Mozambique,MOZ,2022,18406835494.946815,MZ,Africa,2022-MZ,2020
Mozambique,MOZ,2023,20624597846.549507,MZ,Africa,2023-MZ,2020
Myanmar,MMR,1960,545098447.6408623,MM,Asia,1960-MM,1960
Myanmar,MMR,1961,605581577.2870662,MM,Asia,1961-MM,1960
Myanmar,MMR,1962,634528872.0203601,MM,Asia,1962-MM,1960
Myanmar,MMR,1963,598998418.7245831,MM,Asia,1963-MM,1960
Myanmar,MMR,1964,411419905.84662116,MM,Asia,1964-MM,1964
Myanmar,MMR,1965,367053117.2245234,MM,Asia,1965-MM,1964
Myanmar,MMR,1966,293103478.5484835,MM,Asia,1966-MM,1964
Myanmar,MMR,1967,420359035.89743596,MM,Asia,1967-MM,1964
Myanmar,MMR,1968,559956130.2836221,MM,Asia,1968-MM,1968
Myanmar,MMR,1969,571854214.6,MM,Asia,1969-MM,1968
Myanmar,MMR,1970,563555630.7695452,MM,Asia,1970-MM,1968
Myanmar,MMR,1971,587448405.4887729,MM,Asia,1971-MM,1968
Myanmar,MMR,1972,662213082.7415351,MM,Asia,1972-MM,1972
Myanmar,MMR,1973,719754655.3589644,MM,Asia,1973-MM,1972
Myanmar,MMR,1974,1225589878.0680919,MM,Asia,1974-MM,1972
Myanmar,MMR,1975,1061107353.6723164,MM,Asia,1975-MM,1972
Myanmar,MMR,1976,1204699849.1259172,MM,Asia,1976-MM,1976
Myanmar,MMR,1977,873579931.9299011,MM,Asia,1977-MM,1976
Myanmar,MMR,1978,935408774.9519185,MM,Asia,1978-MM,1976
Myanmar,MMR,1979,952265043.4383826,MM,Asia,1979-MM,1976
Myanmar,MMR,1980,1038225167.0588236,MM,Asia,1980-MM,1980
Myanmar,MMR,1981,1111000765.2898695,MM,Asia,1981-MM,1980
Myanmar,MMR,1982,1481165467.8321373,MM,Asia,1982-MM,1980
Myanmar,MMR,1983,1381573615.2512999,MM,Asia,1983-MM,1980
Myanmar,MMR,1984,1304063253.0413625,MM,Asia,1984-MM,1984
Myanmar,MMR,1985,1478908173.2679565,MM,Asia,1985-MM,1984
Myanmar,MMR,1986,1582873750.3206818,MM,Asia,1986-MM,1984
Myanmar,MMR,1987,1562448076.6568878,MM,Asia,1987-MM,1984
Myanmar,MMR,1988,1541088312.254534,MM,Asia,1988-MM,1988
Myanmar,MMR,1989,2013448228.729754,MM,Asia,1989-MM,1988
Myanmar,MMR,1990,2115193513.2955616,MM,Asia,1990-MM,1988
Myanmar,MMR,1991,2069832686.9806094,MM,Asia,1991-MM,1988
Myanmar,MMR,1992,2411552289,MM,Asia,1992-MM,1992
Myanmar,MMR,1993,3163020034.6363716,MM,Asia,1993-MM,1992
Myanmar,MMR,1994,4432257173.649197,MM,Asia,1994-MM,1992
Myanmar,MMR,1995,5289174942.534038,MM,Asia,1995-MM,1992
Myanmar,MMR,1996,6123556717,MM,Asia,1996-MM,1996
Myanmar,MMR,1997,4722288495.660847,MM,Asia,1997-MM,1996
Myanmar,MMR,1998,6459461639.302425,MM,Asia,1998-MM,1996
Myanmar,MMR,1999,8486832800.884982,MM,Asia,1999-MM,1996
Myanmar,MMR,2000,8905066163.586428,MM,Asia,2000-MM,2000
Myanmar,MMR,2001,6477790688.228438,MM,Asia,2001-MM,2000
Myanmar,MMR,2002,6777632512.078098,MM,Asia,2002-MM,2000
Myanmar,MMR,2003,10467109977.671677,MM,Asia,2003-MM,2000
Myanmar,MMR,2004,10567354056.404905,MM,Asia,2004-MM,2004
Myanmar,MMR,2005,11986972419,MM,Asia,2005-MM,2004
Myanmar,MMR,2006,14502553709.830305,MM,Asia,2006-MM,2004
Myanmar,MMR,2007,20182477480.551235,MM,Asia,2007-MM,2004
Myanmar,MMR,2008,31862554101.937805,MM,Asia,2008-MM,2008
Myanmar,MMR,2009,36906181380.81268,MM,Asia,2009-MM,2008
Myanmar,MMR,2010,49540813342,MM,Asia,2010-MM,2008
Myanmar,MMR,2011,59977326085.99077,MM,Asia,2011-MM,2008
Myanmar,MMR,2012,59937796648.21576,MM,Asia,2012-MM,2012
Myanmar,MMR,2013,60269732854.82703,MM,Asia,2013-MM,2012
Myanmar,MMR,2014,65531374199.66632,MM,Asia,2014-MM,2012
Myanmar,MMR,2015,59607290407.61913,MM,Asia,2015-MM,2012
Myanmar,MMR,2016,63298361996,MM,Asia,2016-MM,2016
Myanmar,MMR,2017,66053040483.001625,MM,Asia,2017-MM,2016
Myanmar,MMR,2018,67860515989.517044,MM,Asia,2018-MM,2016
Myanmar,MMR,2019,75065106228,MM,Asia,2019-MM,2016
Myanmar,MMR,2020,79006113643.19055,MM,Asia,2020-MM,2020
Myanmar,MMR,2021,66345291160.16825,MM,Asia,2021-MM,2020
Myanmar,MMR,2022,62253049891.64494,MM,Asia,2022-MM,2020
Myanmar,MMR,2023,64815031669.095245,MM,Asia,2023-MM,2020
Namibia,NAM,1980,2421990337.992435,NA,Africa,1980-NA,1980
Namibia,NAM,1981,2249908577.803252,NA,Africa,1981-NA,1980
Namibia,NAM,1982,2118710248.2372706,NA,Africa,1982-NA,1980
Namibia,NAM,1983,2297400687.550489,NA,Africa,1983-NA,1980
Namibia,NAM,1984,1951260037.8098488,NA,Africa,1984-NA,1984
Namibia,NAM,1985,1608237350.3987794,NA,Africa,1985-NA,1984
Namibia,NAM,1986,1809048527.1541054,NA,Africa,1986-NA,1984
Namibia,NAM,1987,2300068217.018093,NA,Africa,1987-NA,1984
Namibia,NAM,1988,2495094746.4402404,NA,Africa,1988-NA,1988
Namibia,NAM,1989,2535135797.583919,NA,Africa,1989-NA,1988
Namibia,NAM,1990,2789921853.3765235,NA,Africa,1990-NA,1988
Namibia,NAM,1991,2996869281.4836407,NA,Africa,1991-NA,1988
Namibia,NAM,1992,3429521699.4025974,NA,Africa,1992-NA,1992
Namibia,NAM,1993,3251188833.145334,NA,Africa,1993-NA,1992
Namibia,NAM,1994,3666503529.6291146,NA,Africa,1994-NA,1992
Namibia,NAM,1995,3978514206,NA,Africa,1995-NA,1992
Namibia,NAM,1996,3989163196.5676665,NA,Africa,1996-NA,1996
Namibia,NAM,1997,4154989950.003928,NA,Africa,1997-NA,1996
Namibia,NAM,1998,3873109865.5568347,NA,Africa,1998-NA,1996
Namibia,NAM,1999,3868551730.3916335,NA,Africa,1999-NA,1996
Namibia,NAM,2000,3922232164.831751,NA,Africa,2000-NA,2000
Namibia,NAM,2001,3557341215.1515923,NA,Africa,2001-NA,2000
Namibia,NAM,2002,3349169826.3889647,NA,Africa,2002-NA,2000
Namibia,NAM,2003,4926439383.514245,NA,Africa,2003-NA,2000
Namibia,NAM,2004,6609205994.7740555,NA,Africa,2004-NA,2004
Namibia,NAM,2005,7248374837.720556,NA,Africa,2005-NA,2004
Namibia,NAM,2006,8001779551.063232,NA,Africa,2006-NA,2004
Namibia,NAM,2007,8839536475.999632,NA,Africa,2007-NA,2004
Namibia,NAM,2008,8607431497,NA,Africa,2008-NA,2008
Namibia,NAM,2009,8938847189.075916,NA,Africa,2009-NA,2008
Namibia,NAM,2010,11431412421.13161,NA,Africa,2010-NA,2008
Namibia,NAM,2011,12523359440.549862,NA,Africa,2011-NA,2008
Namibia,NAM,2012,13042053591.685684,NA,Africa,2012-NA,2012
Namibia,NAM,2013,12043307277.123508,NA,Africa,2013-NA,2012
Namibia,NAM,2014,12435430969.630136,NA,Africa,2014-NA,2012
Namibia,NAM,2015,11335161083.506102,NA,Africa,2015-NA,2012
Namibia,NAM,2016,10722018732.093588,NA,Africa,2016-NA,2016
Namibia,NAM,2017,12895153160.46599,NA,Africa,2017-NA,2016
Namibia,NAM,2018,13682018827.04337,NA,Africa,2018-NA,2016
Namibia,NAM,2019,12541928102.765705,NA,Africa,2019-NA,2016
Namibia,NAM,2020,10583748541.525812,NA,Africa,2020-NA,2020
Namibia,NAM,2021,12402486183.639603,NA,Africa,2021-NA,2020
Namibia,NAM,2022,12567271004.676123,NA,Africa,2022-NA,2020
Namibia,NAM,2023,12351024843.746696,NA,Africa,2023-NA,2020
Nauru,NRU,1970,17570365.960027102,NR,Oceania,1970-NR,1968
Nauru,NRU,1971,19009433.340596933,NR,Oceania,1971-NR,1968
Nauru,NRU,1972,21734268.534830257,NR,Oceania,1972-NR,1972
Nauru,NRU,1973,26529816.50030455,NR,Oceania,1973-NR,1972
Nauru,NRU,1974,35994511.24332233,NR,Oceania,1974-NR,1972
Nauru,NRU,1975,40106775.60175188,NR,Oceania,1975-NR,1972
Nauru,NRU,1976,40287426.700748645,NR,Oceania,1976-NR,1976
Nauru,NRU,1977,40444701.65,NR,Oceania,1977-NR,1976
Nauru,NRU,1978,41754146.88029348,NR,Oceania,1978-NR,1976
Nauru,NRU,1979,44431329.774666585,NR,Oceania,1979-NR,1976
Nauru,NRU,1980,46947124.24466262,NR,Oceania,1980-NR,1980
Nauru,NRU,1981,51689636.07,NR,Oceania,1981-NR,1980
Nauru,NRU,1982,52877742.64916617,NR,Oceania,1982-NR,1980
Nauru,NRU,1983,48439093.07734357,NR,Oceania,1983-NR,1980
Nauru,NRU,1984,47363231.13471862,NR,Oceania,1984-NR,1984
Nauru,NRU,1985,41548740.60826141,NR,Oceania,1985-NR,1984
Nauru,NRU,1986,39939390.80049797,NR,Oceania,1986-NR,1984
Nauru,NRU,1987,40118409.87365339,NR,Oceania,1987-NR,1984
Nauru,NRU,1988,45931133.93,NR,Oceania,1988-NR,1988
Nauru,NRU,1989,53736786.06372136,NR,Oceania,1989-NR,1988
Nauru,NRU,1990,55572375.46512728,NR,Oceania,1990-NR,1988
Nauru,NRU,1991,52533788.556628205,NR,Oceania,1991-NR,1988
Nauru,NRU,1992,51133123.125432596,NR,Oceania,1992-NR,1992
Nauru,NRU,1993,43542088.25182687,NR,Oceania,1993-NR,1992
Nauru,NRU,1994,39742511.24178485,NR,Oceania,1994-NR,1992
Nauru,NRU,1995,39969705.96970597,NR,Oceania,1995-NR,1992
Nauru,NRU,1996,37458801.21396054,NR,Oceania,1996-NR,1996
Nauru,NRU,1997,37331507.278134294,NR,Oceania,1997-NR,1996
Nauru,NRU,1998,29664450.925863124,NR,Oceania,1998-NR,1996
Nauru,NRU,1999,27328612.60809625,NR,Oceania,1999-NR,1996
Nauru,NRU,2000,26930980.342900205,NR,Oceania,2000-NR,2000
Nauru,NRU,2001,22613287.538907375,NR,Oceania,2001-NR,2000
Nauru,NRU,2002,21017423.608204268,NR,Oceania,2002-NR,2000
Nauru,NRU,2003,24778159.58066395,NR,Oceania,2003-NR,2000
Nauru,NRU,2004,30587565.798833407,NR,Oceania,2004-NR,2004
Nauru,NRU,2005,30070666.065253343,NR,Oceania,2005-NR,2004
Nauru,NRU,2006,29200359.389038637,NR,Oceania,2006-NR,2004
Nauru,NRU,2007,22766972.18896587,NR,Oceania,2007-NR,2004
Nauru,NRU,2008,37602264.73068721,NR,Oceania,2008-NR,2008
Nauru,NRU,2009,44176245.549243264,NR,Oceania,2009-NR,2008
Nauru,NRU,2010,47562844.61042507,NR,Oceania,2010-NR,2008
Nauru,NRU,2011,65071879.77871618,NR,Oceania,2011-NR,2008
Nauru,NRU,2012,101055722.95057963,NR,Oceania,2012-NR,2012
Nauru,NRU,2013,94385014.94258416,NR,Oceania,2013-NR,2012
Nauru,NRU,2014,99149244.4,NR,Oceania,2014-NR,2012
Nauru,NRU,2015,84863440.58019969,NR,Oceania,2015-NR,2012
Nauru,NRU,2016,97541943.03550526,NR,Oceania,2016-NR,2016
Nauru,NRU,2017,109355638.86695491,NR,Oceania,2017-NR,2016
Nauru,NRU,2018,130995566.30390972,NR,Oceania,2018-NR,2016
Nauru,NRU,2019,125160115.54781868,NR,Oceania,2019-NR,2016
Nauru,NRU,2020,124685688.1610939,NR,Oceania,2020-NR,2020
Nauru,NRU,2021,175390280.69161984,NR,Oceania,2021-NR,2020
Nauru,NRU,2022,153824609.47051683,NR,Oceania,2022-NR,2020
Nauru,NRU,2023,154127798.19354144,NR,Oceania,2023-NR,2020
Nepal,NPL,1960,508334413.9650873,NP,Asia,1960-NP,1960
Nepal,NPL,1961,531959561.62226015,NP,Asia,1961-NP,1960
Nepal,NPL,1962,574091101.1943824,NP,Asia,1962-NP,1960
Nepal,NPL,1963,496947904.4430329,NP,Asia,1963-NP,1960
Nepal,NPL,1964,496098775.30864197,NP,Asia,1964-NP,1964
Nepal,NPL,1965,735267082.2942643,NP,Asia,1965-NP,1964
Nepal,NPL,1966,906811943.8,NP,Asia,1966-NP,1964
Nepal,NPL,1967,841974025.4626591,NP,Asia,1967-NP,1964
Nepal,NPL,1968,772231386.9148285,NP,Asia,1968-NP,1968
Nepal,NPL,1969,788641965.4320987,NP,Asia,1969-NP,1968
Nepal,NPL,1970,865975308.6419753,NP,Asia,1970-NP,1968
Nepal,NPL,1971,882765471.6049383,NP,Asia,1971-NP,1968
Nepal,NPL,1972,1024098400.3561875,NP,Asia,1972-NP,1972
Nepal,NPL,1973,972101724.9953681,NP,Asia,1973-NP,1972
Nepal,NPL,1974,1217953546.9760365,NP,Asia,1974-NP,1972
Nepal,NPL,1975,1575789254.4693801,NP,Asia,1975-NP,1972
Nepal,NPL,1976,1452788984.862647,NP,Asia,1976-NP,1976
Nepal,NPL,1977,1382400000,NP,Asia,1977-NP,1976
Nepal,NPL,1978,1604162497.4594529,NP,Asia,1978-NP,1976
Nepal,NPL,1979,1851250008.3333333,NP,Asia,1979-NP,1976
Nepal,NPL,1980,1945916583.3333333,NP,Asia,1980-NP,1980
Nepal,NPL,1981,2275583316.6666665,NP,Asia,1981-NP,1980
Nepal,NPL,1982,2395423741.797618,NP,Asia,1982-NP,1980
Nepal,NPL,1983,2447174803.377913,NP,Asia,1983-NP,1980
Nepal,NPL,1984,2581207387.7970943,NP,Asia,1984-NP,1984
Nepal,NPL,1985,2619913955.515564,NP,Asia,1985-NP,1984
Nepal,NPL,1986,2850782044.043058,NP,Asia,1986-NP,1984
Nepal,NPL,1987,2957255379.5431495,NP,Asia,1987-NP,1984
Nepal,NPL,1988,3487009748.356382,NP,Asia,1988-NP,1988
Nepal,NPL,1989,3525225786.5869083,NP,Asia,1989-NP,1988
Nepal,NPL,1990,3627560239.489972,NP,Asia,1990-NP,1988
Nepal,NPL,1991,3921476084.890719,NP,Asia,1991-NP,1988
Nepal,NPL,1992,3401211581.2917595,NP,Asia,1992-NP,1992
Nepal,NPL,1993,3660041666.6666665,NP,Asia,1993-NP,1992
Nepal,NPL,1994,4066775510.2040815,NP,Asia,1994-NP,1992
Nepal,NPL,1995,4401104417.670683,NP,Asia,1995-NP,1992
Nepal,NPL,1996,4521580381,NP,Asia,1996-NP,1996
Nepal,NPL,1997,4918691916.535157,NP,Asia,1997-NP,1996
Nepal,NPL,1998,4856255044.390637,NP,Asia,1998-NP,1996
Nepal,NPL,1999,5033642384,NP,Asia,1999-NP,1996
Nepal,NPL,2000,5494252207.905025,NP,Asia,2000-NP,2000
Nepal,NPL,2001,6007055042,NP,Asia,2001-NP,2000
Nepal,NPL,2002,6050875806.664032,NP,Asia,2002-NP,2000
Nepal,NPL,2003,6330473096.540709,NP,Asia,2003-NP,2000
Nepal,NPL,2004,7273938314.719876,NP,Asia,2004-NP,2004
Nepal,NPL,2005,8130258378,NP,Asia,2005-NP,2004
Nepal,NPL,2006,9043715355.888098,NP,Asia,2006-NP,2004
Nepal,NPL,2007,10325618017.37897,NP,Asia,2007-NP,2004
Nepal,NPL,2008,12545438605.395878,NP,Asia,2008-NP,2008
Nepal,NPL,2009,12854985464.076431,NP,Asia,2009-NP,2008
Nepal,NPL,2010,16002656434.474615,NP,Asia,2010-NP,2008
Nepal,NPL,2011,21573872420.700806,NP,Asia,2011-NP,2008
Nepal,NPL,2012,21703100877.13089,NP,Asia,2012-NP,2012
Nepal,NPL,2013,22162204924.572582,NP,Asia,2013-NP,2012
Nepal,NPL,2014,22731612922.190636,NP,Asia,2014-NP,2012
Nepal,NPL,2015,24360801286.76381,NP,Asia,2015-NP,2012
Nepal,NPL,2016,24524109483.529346,NP,Asia,2016-NP,2016
Nepal,NPL,2017,28971588940.363995,NP,Asia,2017-NP,2016
Nepal,NPL,2018,33111525237.14897,NP,Asia,2018-NP,2016
Nepal,NPL,2019,34186180699.02548,NP,Asia,2019-NP,2016
Nepal,NPL,2020,33433659301.24655,NP,Asia,2020-NP,2020
Nepal,NPL,2021,36924841394.26049,NP,Asia,2021-NP,2020
Nepal,NPL,2022,41182939600.67002,NP,Asia,2022-NP,2020
Nepal,NPL,2023,40908073366.84552,NP,Asia,2023-NP,2020
Netherlands,NLD,1960,13263458995.38695,NL,Europe,1960-NL,1960
Netherlands,NLD,1961,14578381187.724997,NL,Europe,1961-NL,1960
Netherlands,NLD,1962,15824293505.819061,NL,Europe,1962-NL,1960
Netherlands,NLD,1963,17168477019.903477,NL,Europe,1963-NL,1960
Netherlands,NLD,1964,20202316519.43203,NL,Europe,1964-NL,1964
Netherlands,NLD,1965,22688478854.66244,NL,Europe,1965-NL,1964
Netherlands,NLD,1966,24705121842,NL,Europe,1966-NL,1964
Netherlands,NLD,1967,27103938850.67979,NL,Europe,1967-NL,1964
Netherlands,NLD,1968,30053405731.016724,NL,Europe,1968-NL,1968
Netherlands,NLD,1969,34035946908.561382,NL,Europe,1969-NL,1968
Netherlands,NLD,1970,38164716625.06848,NL,Europe,1970-NL,1968
Netherlands,NLD,1971,44579122807.01754,NL,Europe,1971-NL,1968
Netherlands,NLD,1972,54706557264.48778,NL,Europe,1972-NL,1972
Netherlands,NLD,1973,71840909664.19676,NL,Europe,1973-NL,1972
Netherlands,NLD,1974,87243413394.54054,NL,Europe,1974-NL,1972
Netherlands,NLD,1975,100249523353.0847,NL,Europe,1975-NL,1972
Netherlands,NLD,1976,109168720620.10335,NL,Europe,1976-NL,1976
Netherlands,NLD,1977,127016990212.80417,NL,Europe,1977-NL,1976
Netherlands,NLD,1978,155859695457.32327,NL,Europe,1978-NL,1976
Netherlands,NLD,1979,179669405690.43173,NL,Europe,1979-NL,1976
Netherlands,NLD,1980,195152092662.38086,NL,Europe,1980-NL,1980
Netherlands,NLD,1981,164134217080.27905,NL,Europe,1981-NL,1980
Netherlands,NLD,1982,158479527935.95773,NL,Europe,1982-NL,1980
Netherlands,NLD,1983,153445465987.18246,NL,Europe,1983-NL,1980
Netherlands,NLD,1984,143912664148.35165,NL,Europe,1984-NL,1984
Netherlands,NLD,1985,143845822717.62207,NL,Europe,1985-NL,1984
Netherlands,NLD,1986,200862095700.66562,NL,Europe,1986-NL,1984
Netherlands,NLD,1987,245046310922.54132,NL,Europe,1987-NL,1984
Netherlands,NLD,1988,261910508417.88382,NL,Europe,1988-NL,1988
Netherlands,NLD,1989,258336705808.99927,NL,Europe,1989-NL,1988
Netherlands,NLD,1990,318330511920.6099,NL,Europe,1990-NL,1988
Netherlands,NLD,1991,327500327675.6247,NL,Europe,1991-NL,1988
Netherlands,NLD,1992,362962872180.4511,NL,Europe,1992-NL,1992
Netherlands,NLD,1993,353550169672.5202,NL,Europe,1993-NL,1992
Netherlands,NLD,1994,379130260322.0729,NL,Europe,1994-NL,1992
Netherlands,NLD,1995,452301674444.1394,NL,Europe,1995-NL,1992
Netherlands,NLD,1996,450490196078.43134,NL,Europe,1996-NL,1996
Netherlands,NLD,1997,416812740004.51776,NL,Europe,1997-NL,1996
Netherlands,NLD,1998,438008220395.46765,NL,Europe,1998-NL,1996
Netherlands,NLD,1999,447049523049.8079,NL,Europe,1999-NL,1996
Netherlands,NLD,2000,417479337444.7068,NL,Europe,2000-NL,2000
Netherlands,NLD,2001,431586852369.68555,NL,Europe,2001-NL,2000
Netherlands,NLD,2002,473861980070.98126,NL,Europe,2002-NL,2000
Netherlands,NLD,2003,580070360701.9596,NL,Europe,2003-NL,2000
Netherlands,NLD,2004,658380081545.1754,NL,Europe,2004-NL,2004
Netherlands,NLD,2005,6.85348E+11,NL,Europe,2005-NL,2004
Netherlands,NLD,2006,733955269898.8225,NL,Europe,2006-NL,2004
Netherlands,NLD,2007,848558887541.1792,NL,Europe,2007-NL,2004
Netherlands,NLD,2008,951869997864.0623,NL,Europe,2008-NL,2008
Netherlands,NLD,2009,871518638049.2181,NL,Europe,2009-NL,2008
Netherlands,NLD,2010,847380859016.6683,NL,Europe,2010-NL,2008
Netherlands,NLD,2011,905270626332.6866,NL,Europe,2011-NL,2008
Netherlands,NLD,2012,838923319919.5315,NL,Europe,2012-NL,2012
Netherlands,NLD,2013,877172824534.5123,NL,Europe,2013-NL,2012
Netherlands,NLD,2014,892167986713.7224,NL,Europe,2014-NL,2012
Netherlands,NLD,2015,765572770634.3746,NL,Europe,2015-NL,2012
Netherlands,NLD,2016,784060430240.0797,NL,Europe,2016-NL,2016
Netherlands,NLD,2017,833869641687.0603,NL,Europe,2017-NL,2016
Netherlands,NLD,2018,914043438179.6072,NL,Europe,2018-NL,2016
Netherlands,NLD,2019,9.10194E+11,NL,Europe,2019-NL,2016
Netherlands,NLD,2020,909793466661.4811,NL,Europe,2020-NL,2020
Netherlands,NLD,2021,1029678338329.4408,NL,Europe,2021-NL,2020
Netherlands,NLD,2022,1009398719033.0779,NL,Europe,2022-NL,2020
Netherlands,NLD,2023,1118124749886.2942,NL,Europe,2023-NL,2020
New Caledonia,NCL,1965,159594492.46365508,NC,Oceania,1965-NC,1964
New Caledonia,NCL,1966,164206536.44516236,NC,Oceania,1966-NC,1964
New Caledonia,NCL,1967,180036767.6488609,NC,Oceania,1967-NC,1964
New Caledonia,NCL,1968,215507162.56892997,NC,Oceania,1968-NC,1968
New Caledonia,NCL,1969,263108841.33841592,NC,Oceania,1969-NC,1968
New Caledonia,NCL,1970,358815684.07189184,NC,Oceania,1970-NC,1968
New Caledonia,NCL,1971,413985778.5896558,NC,Oceania,1971-NC,1968
New Caledonia,NCL,1972,506808996.69466096,NC,Oceania,1972-NC,1972
New Caledonia,NCL,1973,542293399.8626184,NC,Oceania,1973-NC,1972
New Caledonia,NCL,1974,637403478.4924859,NC,Oceania,1974-NC,1972
New Caledonia,NCL,1975,816652164.4002408,NC,Oceania,1975-NC,1972
New Caledonia,NCL,1976,798313521.6898026,NC,Oceania,1976-NC,1976
New Caledonia,NCL,1977,837620126.5585284,NC,Oceania,1977-NC,1976
New Caledonia,NCL,1978,846004687.7580928,NC,Oceania,1978-NC,1976
New Caledonia,NCL,1979,1047225723.5738628,NC,Oceania,1979-NC,1976
New Caledonia,NCL,1980,1182463951.2181408,NC,Oceania,1980-NC,1980
New Caledonia,NCL,1981,972564154.8151307,NC,Oceania,1981-NC,1980
New Caledonia,NCL,1982,904599869.7258327,NC,Oceania,1982-NC,1980
New Caledonia,NCL,1983,823857893.1631225,NC,Oceania,1983-NC,1980
New Caledonia,NCL,1984,796066194.7385732,NC,Oceania,1984-NC,1984
New Caledonia,NCL,1985,854820893.5771364,NC,Oceania,1985-NC,1984
New Caledonia,NCL,1986,1201321513.7666707,NC,Oceania,1986-NC,1984
New Caledonia,NCL,1987,1488093101.5027547,NC,Oceania,1987-NC,1984
New Caledonia,NCL,1988,2072775508.1479635,NC,Oceania,1988-NC,1988
New Caledonia,NCL,1989,2185082938.930778,NC,Oceania,1989-NC,1988
New Caledonia,NCL,1990,2529440424.1664762,NC,Oceania,1990-NC,1988
New Caledonia,NCL,1991,2653780672.0955467,NC,Oceania,1991-NC,1988
New Caledonia,NCL,1992,2923883281.085792,NC,Oceania,1992-NC,1992
New Caledonia,NCL,1993,2822243780.9754252,NC,Oceania,1993-NC,1992
New Caledonia,NCL,1994,3038728384.866342,NC,Oceania,1994-NC,1992
New Caledonia,NCL,1995,3628440505.141931,NC,Oceania,1995-NC,1992
New Caledonia,NCL,1996,3606968435.9991674,NC,Oceania,1996-NC,1996
New Caledonia,NCL,1997,3291131281.040994,NC,Oceania,1997-NC,1996
New Caledonia,NCL,1998,3556304832.6810384,NC,Oceania,1998-NC,1996
New Caledonia,NCL,1999,3647802049.809107,NC,Oceania,1999-NC,1996
New Caledonia,NCL,2000,3420032041.073849,NC,Oceania,2000-NC,2000
New Caledonia,NCL,2001,3297734891.146612,NC,Oceania,2001-NC,2000
New Caledonia,NCL,2002,3740056747.719794,NC,Oceania,2002-NC,2000
New Caledonia,NCL,2003,4915353827.105759,NC,Oceania,2003-NC,2000
New Caledonia,NCL,2004,5895008977.953097,NC,Oceania,2004-NC,2004
New Caledonia,NCL,2005,6238629487.013308,NC,Oceania,2005-NC,2004
New Caledonia,NCL,2006,6979155387.867922,NC,Oceania,2006-NC,2004
New Caledonia,NCL,2007,8819917180.342648,NC,Oceania,2007-NC,2004
New Caledonia,NCL,2008,9067619760.070732,NC,Oceania,2008-NC,2008
New Caledonia,NCL,2009,8704438102.201416,NC,Oceania,2009-NC,2008
New Caledonia,NCL,2010,9364350076.912247,NC,Oceania,2010-NC,2008
New Caledonia,NCL,2011,10351448004.767365,NC,Oceania,2011-NC,2008
New Caledonia,NCL,2012,9659151917.404844,NC,Oceania,2012-NC,2012
New Caledonia,NCL,2013,10151382933.159395,NC,Oceania,2013-NC,2012
New Caledonia,NCL,2014,10635035594.752802,NC,Oceania,2014-NC,2012
New Caledonia,NCL,2015,8738203074.395699,NC,Oceania,2015-NC,2012
New Caledonia,NCL,2016,8724568954.897991,NC,Oceania,2016-NC,2016
New Caledonia,NCL,2017,9174048682,NC,Oceania,2017-NC,2016
New Caledonia,NCL,2018,9896402283.685873,NC,Oceania,2018-NC,2016
New Caledonia,NCL,2019,9475655324.594954,NC,Oceania,2019-NC,2016
New Caledonia,NCL,2020,9454629467.914082,NC,Oceania,2020-NC,2020
New Caledonia,NCL,2021,10071349663.848383,NC,Oceania,2021-NC,2020
New Caledonia,NCL,2022,9623318718.314594,NC,Oceania,2022-NC,2020
New Zealand,NZL,1960,5536098606.292308,NZ,Oceania,1960-NZ,1960
New Zealand,NZL,1961,5721995118.281332,NZ,Oceania,1961-NZ,1960
New Zealand,NZL,1962,6133158804.522584,NZ,Oceania,1962-NZ,1960
New Zealand,NZL,1963,6699741942.539899,NZ,Oceania,1963-NZ,1960
New Zealand,NZL,1964,7340766740.941144,NZ,Oceania,1964-NZ,1964
New Zealand,NZL,1965,5706251653.547441,NZ,Oceania,1965-NZ,1964
New Zealand,NZL,1966,5917437956,NZ,Oceania,1966-NZ,1964
New Zealand,NZL,1967,6016017494.196189,NZ,Oceania,1967-NZ,1964
New Zealand,NZL,1968,5228045647.392999,NZ,Oceania,1968-NZ,1968
New Zealand,NZL,1969,5814357966.661543,NZ,Oceania,1969-NZ,1968
New Zealand,NZL,1970,6495605619.342289,NZ,Oceania,1970-NZ,1968
New Zealand,NZL,1971,7911136757.068666,NZ,Oceania,1971-NZ,1968
New Zealand,NZL,1972,9567331064.657269,NZ,Oceania,1972-NZ,1972
New Zealand,NZL,1973,12802281897.871157,NZ,Oceania,1973-NZ,1972
New Zealand,NZL,1974,13940981798.124657,NZ,Oceania,1974-NZ,1972
New Zealand,NZL,1975,12861983284.391235,NZ,Oceania,1975-NZ,1972
New Zealand,NZL,1976,13604832424.006235,NZ,Oceania,1976-NZ,1976
New Zealand,NZL,1977,15446825318.455614,NZ,Oceania,1977-NZ,1976
New Zealand,NZL,1978,18530518394.64883,NZ,Oceania,1978-NZ,1976
New Zealand,NZL,1979,20731243113,NZ,Oceania,1979-NZ,1976
New Zealand,NZL,1980,23244547384.674774,NZ,Oceania,1980-NZ,1980
New Zealand,NZL,1981,24417617184.247772,NZ,Oceania,1981-NZ,1980
New Zealand,NZL,1982,24164603058.994904,NZ,Oceania,1982-NZ,1980
New Zealand,NZL,1983,24309279705.57308,NZ,Oceania,1983-NZ,1980
New Zealand,NZL,1984,21665975318.884163,NZ,Oceania,1984-NZ,1984
New Zealand,NZL,1985,24679795396.419437,NZ,Oceania,1985-NZ,1984
New Zealand,NZL,1986,30604668357,NZ,Oceania,1986-NZ,1984
New Zealand,NZL,1987,40376354069.94739,NZ,Oceania,1987-NZ,1984
New Zealand,NZL,1988,45176811594.202896,NZ,Oceania,1988-NZ,1988
New Zealand,NZL,1989,43920222524.70853,NZ,Oceania,1989-NZ,1988
New Zealand,NZL,1990,45495129385.04751,NZ,Oceania,1990-NZ,1988
New Zealand,NZL,1991,42745329732.16296,NZ,Oceania,1991-NZ,1988
New Zealand,NZL,1992,41649829860,NZ,Oceania,1992-NZ,1992
New Zealand,NZL,1993,46775620817.43266,NZ,Oceania,1993-NZ,1992
New Zealand,NZL,1994,55314732279.137924,NZ,Oceania,1994-NZ,1992
New Zealand,NZL,1995,63918703506.90754,NZ,Oceania,1995-NZ,1992
New Zealand,NZL,1996,70140835299.01485,NZ,Oceania,1996-NZ,1996
New Zealand,NZL,1997,66075143415.49518,NZ,Oceania,1997-NZ,1996
New Zealand,NZL,1998,56227169851.04479,NZ,Oceania,1998-NZ,1996
New Zealand,NZL,1999,58762260625.875755,NZ,Oceania,1999-NZ,1996
New Zealand,NZL,2000,52623281956.70312,NZ,Oceania,2000-NZ,2000
New Zealand,NZL,2001,53872425916.62481,NZ,Oceania,2001-NZ,2000
New Zealand,NZL,2002,66627729311.44955,NZ,Oceania,2002-NZ,2000
New Zealand,NZL,2003,88250885550.26262,NZ,Oceania,2003-NZ,2000
New Zealand,NZL,2004,103905210084.03362,NZ,Oceania,2004-NZ,2004
New Zealand,NZL,2005,114720129550.09506,NZ,Oceania,2005-NZ,2004
New Zealand,NZL,2006,111538810712.66455,NZ,Oceania,2006-NZ,2004
New Zealand,NZL,2007,137188946865.5839,NZ,Oceania,2007-NZ,2004
New Zealand,NZL,2008,1.33131E+11,NZ,Oceania,2008-NZ,2008
New Zealand,NZL,2009,121373602348.67886,NZ,Oceania,2009-NZ,2008
New Zealand,NZL,2010,1.46518E+11,NZ,Oceania,2010-NZ,2008
New Zealand,NZL,2011,168295307149.46033,NZ,Oceania,2011-NZ,2008
New Zealand,NZL,2012,176210710655.20847,NZ,Oceania,2012-NZ,2012
New Zealand,NZL,2013,190909855416.3399,NZ,Oceania,2013-NZ,2012
New Zealand,NZL,2014,201337554959.48953,NZ,Oceania,2014-NZ,2012
New Zealand,NZL,2015,178104220784.8812,NZ,Oceania,2015-NZ,2012
New Zealand,NZL,2016,188898209220.16672,NZ,Oceania,2016-NZ,2016
New Zealand,NZL,2017,206566916732.2921,NZ,Oceania,2017-NZ,2016
New Zealand,NZL,2018,211846555690.7363,NZ,Oceania,2018-NZ,2016
New Zealand,NZL,2019,2.12847E+11,NZ,Oceania,2019-NZ,2016
New Zealand,NZL,2020,212697530897.56036,NZ,Oceania,2020-NZ,2020
New Zealand,NZL,2021,253644079784.97665,NZ,Oceania,2021-NZ,2020
New Zealand,NZL,2022,246733522841.35272,NZ,Oceania,2022-NZ,2020
New Zealand,NZL,2023,253465703232.14594,NZ,Oceania,2023-NZ,2020
Nicaragua,NIC,1988,647249804.6899999,NI,North America,1988-NI,1988
Nicaragua,NIC,1989,987064516.1290323,NI,North America,1989-NI,1988
Nicaragua,NIC,1990,1110472675.656494,NI,North America,1990-NI,1988
Nicaragua,NIC,1991,1690713683.618994,NI,North America,1991-NI,1988
Nicaragua,NIC,1992,1792800000,NI,North America,1992-NI,1992
Nicaragua,NIC,1993,1912586292.7905488,NI,North America,1993-NI,1992
Nicaragua,NIC,1994,3861518689.8511057,NI,North America,1994-NI,1992
Nicaragua,NIC,1995,4131909868.0025444,NI,North America,1995-NI,1992
Nicaragua,NIC,1996,4308096532.511411,NI,North America,1996-NI,1996
Nicaragua,NIC,1997,4389965590.965379,NI,North America,1997-NI,1996
Nicaragua,NIC,1998,4635354832.307998,NI,North America,1998-NI,1996
Nicaragua,NIC,1999,4856005698.898326,NI,North America,1999-NI,1996
Nicaragua,NIC,2000,5109583827.378512,NI,North America,2000-NI,2000
Nicaragua,NIC,2001,5351768843.619829,NI,North America,2001-NI,2000
Nicaragua,NIC,2002,5223736466.146948,NI,North America,2002-NI,2000
Nicaragua,NIC,2003,5322243501.979529,NI,North America,2003-NI,2000
Nicaragua,NIC,2004,5792949922.194613,NI,North America,2004-NI,2004
Nicaragua,NIC,2005,6321335612.222335,NI,North America,2005-NI,2004
Nicaragua,NIC,2006,6763688104.723961,NI,North America,2006-NI,2004
Nicaragua,NIC,2007,7423421958.424805,NI,North America,2007-NI,2004
Nicaragua,NIC,2008,8496946608,NI,North America,2008-NI,2008
Nicaragua,NIC,2009,8298679908.552324,NI,North America,2009-NI,2008
Nicaragua,NIC,2010,8758592272.105785,NI,North America,2010-NI,2008
Nicaragua,NIC,2011,9774307336,NI,North America,2011-NI,2008
Nicaragua,NIC,2012,10531964139.348614,NI,North America,2012-NI,2012
Nicaragua,NIC,2013,10982938825.699354,NI,North America,2013-NI,2012
Nicaragua,NIC,2014,11880434070.78112,NI,North America,2014-NI,2012
Nicaragua,NIC,2015,12756706583.311321,NI,North America,2015-NI,2012
Nicaragua,NIC,2016,13286118584.256315,NI,North America,2016-NI,2016
Nicaragua,NIC,2017,13785943183.066065,NI,North America,2017-NI,2016
Nicaragua,NIC,2018,13025239912.27514,NI,North America,2018-NI,2016
Nicaragua,NIC,2019,12699046244.607012,NI,North America,2019-NI,2016
Nicaragua,NIC,2020,12681548303.685562,NI,North America,2020-NI,2020
Nicaragua,NIC,2021,14144067555.656649,NI,North America,2021-NI,2020
Nicaragua,NIC,2022,15649934214.927635,NI,North America,2022-NI,2020
Nicaragua,NIC,2023,17829215283.799656,NI,North America,2023-NI,2020
Niger,NER,1960,449526873.2958902,NE,Africa,1960-NE,1960
Niger,NER,1961,485785230.9789874,NE,Africa,1961-NE,1960
Niger,NER,1962,531736599.25046444,NE,Africa,1962-NE,1960
Niger,NER,1963,586294878.7446434,NE,Africa,1963-NE,1960
Niger,NER,1964,582816396.4044087,NE,Africa,1964-NE,1964
Niger,NER,1965,673383510.8128659,NE,Africa,1965-NE,1964
Niger,NER,1966,702296078.5931734,NE,Africa,1966-NE,1964
Niger,NER,1967,665586872.2744464,NE,Africa,1967-NE,1964
Niger,NER,1968,641214226.2094933,NE,Africa,1968-NE,1968
Niger,NER,1969,625867985.2737976,NE,Africa,1969-NE,1968
Niger,NER,1970,649916621.2429781,NE,Africa,1970-NE,1968
Niger,NER,1971,693573703.6,NE,Africa,1971-NE,1968
Niger,NER,1972,742779660.8186927,NE,Africa,1972-NE,1972
Niger,NER,1973,946385105.2,NE,Africa,1973-NE,1972
Niger,NER,1974,1026137110.8930883,NE,Africa,1974-NE,1972
Niger,NER,1975,1048690933.2102733,NE,Africa,1975-NE,1972
Niger,NER,1976,1064517601.2902489,NE,Africa,1976-NE,1976
Niger,NER,1977,1291458041,NE,Africa,1977-NE,1976
Niger,NER,1978,1774365589.7081513,NE,Africa,1978-NE,1976
Niger,NER,1979,2109277665.6991236,NE,Africa,1979-NE,1976
Niger,NER,1980,2508524720.7189546,NE,Africa,1980-NE,1980
Niger,NER,1981,2170893414.388801,NE,Africa,1981-NE,1980
Niger,NER,1982,2017612215.9793472,NE,Africa,1982-NE,1980
Niger,NER,1983,1803099561.2004635,NE,Africa,1983-NE,1980
Niger,NER,1984,1461243326.1288204,NE,Africa,1984-NE,1984
Niger,NER,1985,1440581652.3985307,NE,Africa,1985-NE,1984
Niger,NER,1986,1904096998.3000925,NE,Africa,1986-NE,1984
Niger,NER,1987,2233006104.927759,NE,Africa,1987-NE,1984
Niger,NER,1988,2280356192.7627306,NE,Africa,1988-NE,1988
Niger,NER,1989,2179567114.3339124,NE,Africa,1989-NE,1988
Niger,NER,1990,3512356507.885992,NE,Africa,1990-NE,1988
Niger,NER,1991,3285796874.9712543,NE,Africa,1991-NE,1988
Niger,NER,1992,3386232579.225225,NE,Africa,1992-NE,1992
Niger,NER,1993,3052673849.251811,NE,Africa,1993-NE,1992
Niger,NER,1994,1938058175.2139935,NE,Africa,1994-NE,1992
Niger,NER,1995,2302537562.244061,NE,Africa,1995-NE,1992
Niger,NER,1996,2405686940.0463996,NE,Africa,1996-NE,1996
Niger,NER,1997,2290318910.206582,NE,Africa,1997-NE,1996
Niger,NER,1998,2643363518.9927177,NE,Africa,1998-NE,1996
Niger,NER,1999,2537789820.692951,NE,Africa,1999-NE,1996
Niger,NER,2000,2241753192.8115754,NE,Africa,2000-NE,2000
Niger,NER,2001,2448714703.966169,NE,Africa,2001-NE,2000
Niger,NER,2002,2782192878.6720395,NE,Africa,2002-NE,2000
Niger,NER,2003,3394084732.495433,NE,Africa,2003-NE,2000
Niger,NER,2004,3760443737.5379744,NE,Africa,2004-NE,2004
Niger,NER,2005,4383315964.587175,NE,Africa,2005-NE,2004
Niger,NER,2006,4756361252.379227,NE,Africa,2006-NE,2004
Niger,NER,2007,5731485051.790689,NE,Africa,2007-NE,2004
Niger,NER,2008,7297600226.005361,NE,Africa,2008-NE,2008
Niger,NER,2009,7352131309.733413,NE,Africa,2009-NE,2008
Niger,NER,2010,7851192502.309172,NE,Africa,2010-NE,2008
Niger,NER,2011,8772950777.791763,NE,Africa,2011-NE,2008
Niger,NER,2012,9426912647.591106,NE,Africa,2012-NE,2012
Niger,NER,2013,10224897437.864824,NE,Africa,2013-NE,2012
Niger,NER,2014,10862943543.541925,NE,Africa,2014-NE,2012
Niger,NER,2015,9683867926.442823,NE,Africa,2015-NE,2012
Niger,NER,2016,10398861981.758308,NE,Africa,2016-NE,2016
Niger,NER,2017,11185104251.69431,NE,Africa,2017-NE,2016
Niger,NER,2018,12837307496.882084,NE,Africa,2018-NE,2016
Niger,NER,2019,12889555561.22991,NE,Africa,2019-NE,2016
Niger,NER,2020,13744653103.057987,NE,Africa,2020-NE,2020
Niger,NER,2021,14915002436.069025,NE,Africa,2021-NE,2020
Niger,NER,2022,15433852712.296335,NE,Africa,2022-NE,2020
Niger,NER,2023,16819170420.565317,NE,Africa,2023-NE,2020
Nigeria,NGA,1960,4196174501.5301995,NG,Africa,1960-NG,1960
Nigeria,NGA,1961,4467287893.084843,NG,Africa,1961-NG,1960
Nigeria,NGA,1962,4909399176,NG,Africa,1962-NG,1960
Nigeria,NGA,1963,5165590253.763899,NG,Africa,1963-NG,1960
Nigeria,NGA,1964,5552931318.827473,NG,Africa,1964-NG,1964
Nigeria,NGA,1965,5874537650,NG,Africa,1965-NG,1964
Nigeria,NGA,1966,6366917453.233019,NG,Africa,1966-NG,1964
Nigeria,NGA,1967,5203237918.704833,NG,Africa,1967-NG,1964
Nigeria,NGA,1968,5200997919.600832,NG,Africa,1968-NG,1968
Nigeria,NGA,1969,6634317346.273062,NG,Africa,1969-NG,1968
Nigeria,NGA,1970,12546094981.562008,NG,Africa,1970-NG,1968
Nigeria,NGA,1971,9181769911.504425,NG,Africa,1971-NG,1968
Nigeria,NGA,1972,12274416017.797552,NG,Africa,1972-NG,1972
Nigeria,NGA,1973,15162871287.128712,NG,Africa,1973-NG,1972
Nigeria,NGA,1974,24846641318.124207,NG,Africa,1974-NG,1972
Nigeria,NGA,1975,27778934624.69734,NG,Africa,1975-NG,1972
Nigeria,NGA,1976,36308883248.730965,NG,Africa,1976-NG,1976
Nigeria,NGA,1977,36035407725.321884,NG,Africa,1977-NG,1976
Nigeria,NGA,1978,36527862208.71327,NG,Africa,1978-NG,1976
Nigeria,NGA,1979,47259911894.273125,NG,Africa,1979-NG,1976
Nigeria,NGA,1980,64201788122.60536,NG,Africa,1980-NG,1980
Nigeria,NGA,1981,164475209515.9386,NG,Africa,1981-NG,1980
Nigeria,NGA,1982,142769363314.17624,NG,Africa,1982-NG,1980
Nigeria,NGA,1983,97094911792.04893,NG,Africa,1983-NG,1980
Nigeria,NGA,1984,73484359521,NG,Africa,1984-NG,1984
Nigeria,NGA,1985,73745821158.22536,NG,Africa,1985-NG,1984
Nigeria,NGA,1986,54805852580.91286,NG,Africa,1986-NG,1984
Nigeria,NGA,1987,52676041931.10873,NG,Africa,1987-NG,1984
Nigeria,NGA,1988,49648470440.459335,NG,Africa,1988-NG,1988
Nigeria,NGA,1989,44003061108.400505,NG,Africa,1989-NG,1988
Nigeria,NGA,1990,54035795387.80861,NG,Africa,1990-NG,1988
Nigeria,NGA,1991,59526833412.35814,NG,Africa,1991-NG,1988
Nigeria,NGA,1992,52058181853.805466,NG,Africa,1992-NG,1992
Nigeria,NGA,1993,56721051402.47319,NG,Africa,1993-NG,1992
Nigeria,NGA,1994,80399613063.63637,NG,Africa,1994-NG,1992
Nigeria,NGA,1995,140919776986.36365,NG,Africa,1995-NG,1992
Nigeria,NGA,1996,1.8573E+11,NG,Africa,1996-NG,1996
Nigeria,NGA,1997,200850397618.18182,NG,Africa,1997-NG,1996
Nigeria,NGA,1998,218416200672.72726,NG,Africa,1998-NG,1996
Nigeria,NGA,1999,59145077039.14369,NG,Africa,1999-NG,1996
Nigeria,NGA,2000,69171451627.24646,NG,Africa,2000-NG,2000
Nigeria,NGA,2001,73557840064.48904,NG,Africa,2001-NG,2000
Nigeria,NGA,2002,95054059302.69946,NG,Africa,2002-NG,2000
Nigeria,NGA,2003,104738954264.2257,NG,Africa,2003-NG,2000
Nigeria,NGA,2004,135764731645.61142,NG,Africa,2004-NG,2004
Nigeria,NGA,2005,175670569969.3456,NG,Africa,2005-NG,2004
Nigeria,NGA,2006,238454997161.47983,NG,Africa,2006-NG,2004
Nigeria,NGA,2007,2.78261E+11,NG,Africa,2007-NG,2004
Nigeria,NGA,2008,339476276257.7929,NG,Africa,2008-NG,2008
Nigeria,NGA,2009,295008835380.9966,NG,Africa,2009-NG,2008
Nigeria,NGA,2010,366990417129.0396,NG,Africa,2010-NG,2008
Nigeria,NGA,2011,414466676831.15967,NG,Africa,2011-NG,2008
Nigeria,NGA,2012,463971018239.2805,NG,Africa,2012-NG,2012
Nigeria,NGA,2013,5.20117E+11,NG,Africa,2013-NG,2012
Nigeria,NGA,2014,574183763411.5076,NG,Africa,2014-NG,2012
Nigeria,NGA,2015,493026682800.6295,NG,Africa,2015-NG,2012
Nigeria,NGA,2016,404649125252.15955,NG,Africa,2016-NG,2016
Nigeria,NGA,2017,375745731053.4268,NG,Africa,2017-NG,2016
Nigeria,NGA,2018,421739251509.0796,NG,Africa,2018-NG,2016
Nigeria,NGA,2019,4.74517E+11,NG,Africa,2019-NG,2016
Nigeria,NGA,2020,432198898467.79486,NG,Africa,2020-NG,2020
Nigeria,NGA,2021,440838992188.47797,NG,Africa,2021-NG,2020
Nigeria,NGA,2022,472624596925.9383,NG,Africa,2022-NG,2020
Nigeria,NGA,2023,362814951696.07275,NG,Africa,2023-NG,2020
North Macedonia,MKD,1990,4699646643.109541,MK,Europe,1990-MK,1988
North Macedonia,MKD,1991,4938775510.204082,MK,Europe,1991-MK,1988
North Macedonia,MKD,1992,2436849341.976036,MK,Europe,1992-MK,1992
North Macedonia,MKD,1993,2682456896.5517244,MK,Europe,1993-MK,1992
North Macedonia,MKD,1994,3559608639.983794,MK,Europe,1994-MK,1992
North Macedonia,MKD,1995,4707041315.2420225,MK,Europe,1995-MK,1992
North Macedonia,MKD,1996,4642021256.3068905,MK,Europe,1996-MK,1996
North Macedonia,MKD,1997,3912986090.973632,MK,Europe,1997-MK,1996
North Macedonia,MKD,1998,3765745023.2073956,MK,Europe,1998-MK,1996
North Macedonia,MKD,1999,3863619284.7793922,MK,Europe,1999-MK,1996
North Macedonia,MKD,2000,3772859034.205079,MK,Europe,2000-MK,2000
North Macedonia,MKD,2001,3709636030.665784,MK,Europe,2001-MK,2000
North Macedonia,MKD,2002,4018365747.009719,MK,Europe,2002-MK,2000
North Macedonia,MKD,2003,4946296599,MK,Europe,2003-MK,2000
North Macedonia,MKD,2004,5682784471.697219,MK,Europe,2004-MK,2004
North Macedonia,MKD,2005,6258602872.678975,MK,Europe,2005-MK,2004
North Macedonia,MKD,2006,6861226971.556173,MK,Europe,2006-MK,2004
North Macedonia,MKD,2007,8336474973.729493,MK,Europe,2007-MK,2004
North Macedonia,MKD,2008,9909552434.511362,MK,Europe,2008-MK,2008
North Macedonia,MKD,2009,9401736825,MK,Europe,2009-MK,2008
North Macedonia,MKD,2010,9407170321.377522,MK,Europe,2010-MK,2008
North Macedonia,MKD,2011,10494626767.64451,MK,Europe,2011-MK,2008
North Macedonia,MKD,2012,9745261300.577883,MK,Europe,2012-MK,2012
North Macedonia,MKD,2013,10817702346.067413,MK,Europe,2013-MK,2012
North Macedonia,MKD,2014,11362265252.777998,MK,Europe,2014-MK,2012
North Macedonia,MKD,2015,10064519962.565548,MK,Europe,2015-MK,2012
North Macedonia,MKD,2016,10672467073.287252,MK,Europe,2016-MK,2016
North Macedonia,MKD,2017,11307067069.665821,MK,Europe,2017-MK,2016
North Macedonia,MKD,2018,12683068114.23885,MK,Europe,2018-MK,2016
North Macedonia,MKD,2019,12606338448.546968,MK,Europe,2019-MK,2016
North Macedonia,MKD,2020,12361036913.840923,MK,Europe,2020-MK,2020
North Macedonia,MKD,2021,14000283827.015379,MK,Europe,2021-MK,2020
North Macedonia,MKD,2022,13711469681.153498,MK,Europe,2022-MK,2020
North Macedonia,MKD,2023,14761237042.205698,MK,Europe,2023-MK,2020
Northern Mariana Islands,MNP,2002,1284000000,MP,Oceania,2002-MP,2000
Northern Mariana Islands,MNP,2003,1239000000,MP,Oceania,2003-MP,2000
Northern Mariana Islands,MNP,2004,1210000000,MP,Oceania,2004-MP,2004
Northern Mariana Islands,MNP,2005,1061000000,MP,Oceania,2005-MP,2004
Northern Mariana Islands,MNP,2006,990000000,MP,Oceania,2006-MP,2004
Northern Mariana Islands,MNP,2007,938000000,MP,Oceania,2007-MP,2004
Northern Mariana Islands,MNP,2008,939000000,MP,Oceania,2008-MP,2008
Northern Mariana Islands,MNP,2009,795000000,MP,Oceania,2009-MP,2008
Northern Mariana Islands,MNP,2010,799000000,MP,Oceania,2010-MP,2008
Northern Mariana Islands,MNP,2011,729000000,MP,Oceania,2011-MP,2008
Northern Mariana Islands,MNP,2012,746000000,MP,Oceania,2012-MP,2012
Northern Mariana Islands,MNP,2013,772000000,MP,Oceania,2013-MP,2012
Northern Mariana Islands,MNP,2014,832000000,MP,Oceania,2014-MP,2012
Northern Mariana Islands,MNP,2015,910000000,MP,Oceania,2015-MP,2012
Northern Mariana Islands,MNP,2016,1230000000,MP,Oceania,2016-MP,2016
Northern Mariana Islands,MNP,2017,1560000000,MP,Oceania,2017-MP,2016
Northern Mariana Islands,MNP,2018,1301000000,MP,Oceania,2018-MP,2016
Northern Mariana Islands,MNP,2019,1181000000,MP,Oceania,2019-MP,2016
Northern Mariana Islands,MNP,2020,858000000,MP,Oceania,2020-MP,2020
Norway,NOR,1960,5197398721.413668,NO,Europe,1960-NO,1960
Norway,NOR,1961,5669689210,NO,Europe,1961-NO,1960
Norway,NOR,1962,6107076928.633716,NO,Europe,1962-NO,1960
Norway,NOR,1963,6553269535.510094,NO,Europe,1963-NO,1960
Norway,NOR,1964,7206522121.804177,NO,Europe,1964-NO,1964
Norway,NOR,1965,8111945661.216237,NO,Europe,1965-NO,1964
Norway,NOR,1966,8753940266.901838,NO,Europe,1966-NO,1964
Norway,NOR,1967,9577383653,NO,Europe,1967-NO,1964
Norway,NOR,1968,10227087165.24143,NO,Europe,1968-NO,1968
Norway,NOR,1969,11136187439.832636,NO,Europe,1969-NO,1968
Norway,NOR,1970,12814123115.261309,NO,Europe,1970-NO,1968
Norway,NOR,1971,14583114840.062925,NO,Europe,1971-NO,1968
Norway,NOR,1972,17358610849.70098,NO,Europe,1972-NO,1972
Norway,NOR,1973,22534253702.86864,NO,Europe,1973-NO,1972
Norway,NOR,1974,27145693810.134125,NO,Europe,1974-NO,1972
Norway,NOR,1975,32877805200.02296,NO,Europe,1975-NO,1972
Norway,NOR,1976,35942270686.337395,NO,Europe,1976-NO,1976
Norway,NOR,1977,41508030431.10735,NO,Europe,1977-NO,1976
Norway,NOR,1978,46522900253.70544,NO,Europe,1978-NO,1976
Norway,NOR,1979,53132244623.92133,NO,Europe,1979-NO,1976
Norway,NOR,1980,64439382896.01556,NO,Europe,1980-NO,1980
Norway,NOR,1981,63596654760.867676,NO,Europe,1981-NO,1980
Norway,NOR,1982,62647195537.65107,NO,Europe,1982-NO,1980
Norway,NOR,1983,61627240831.09479,NO,Europe,1983-NO,1980
Norway,NOR,1984,62057955032.77583,NO,Europe,1984-NO,1984
Norway,NOR,1985,65416879914.390724,NO,Europe,1985-NO,1984
Norway,NOR,1986,78693118044.00449,NO,Europe,1986-NO,1984
Norway,NOR,1987,94229907235.62152,NO,Europe,1987-NO,1984
Norway,NOR,1988,101900260856.22218,NO,Europe,1988-NO,1988
Norway,NOR,1989,102633934390.61482,NO,Europe,1989-NO,1988
Norway,NOR,1990,119791843059.57155,NO,Europe,1990-NO,1988
Norway,NOR,1991,121872464483.48734,NO,Europe,1991-NO,1988
Norway,NOR,1992,130838040067.58388,NO,Europe,1992-NO,1992
Norway,NOR,1993,120579213712.80359,NO,Europe,1993-NO,1992
Norway,NOR,1994,127131319428.70097,NO,Europe,1994-NO,1992
Norway,NOR,1995,152029612324.78848,NO,Europe,1995-NO,1992
Norway,NOR,1996,163520109150.67136,NO,Europe,1996-NO,1996
Norway,NOR,1997,161356631888.4836,NO,Europe,1997-NO,1996
Norway,NOR,1998,154230295158.4472,NO,Europe,1998-NO,1996
Norway,NOR,1999,162383706021.13037,NO,Europe,1999-NO,1996
Norway,NOR,2000,171457201935.96765,NO,Europe,2000-NO,2000
Norway,NOR,2001,174239354070.97656,NO,Europe,2001-NO,2000
Norway,NOR,2002,195914852576.46735,NO,Europe,2002-NO,2000
Norway,NOR,2003,229385469337.02438,NO,Europe,2003-NO,2000
Norway,NOR,2004,265268662473.29694,NO,Europe,2004-NO,2004
Norway,NOR,2005,309978579743.88824,NO,Europe,2005-NO,2004
Norway,NOR,2006,346915160681.7084,NO,Europe,2006-NO,2004
Norway,NOR,2007,402643260487.5719,NO,Europe,2007-NO,2004
Norway,NOR,2008,464917553191.4894,NO,Europe,2008-NO,2008
Norway,NOR,2009,387976400617.0189,NO,Europe,2009-NO,2008
Norway,NOR,2010,431052143940.4382,NO,Europe,2010-NO,2008
Norway,NOR,2011,501360549669.4038,NO,Europe,2011-NO,2008
Norway,NOR,2012,5.12777E+11,NO,Europe,2012-NO,2012
Norway,NOR,2013,526014468085.1064,NO,Europe,2013-NO,2012
Norway,NOR,2014,501736471832.84814,NO,Europe,2014-NO,2012
Norway,NOR,2015,388159512245.53046,NO,Europe,2015-NO,2012
Norway,NOR,2016,370956547619.0476,NO,Europe,2016-NO,2016
Norway,NOR,2017,401745275035.26074,NO,Europe,2017-NO,2016
Norway,NOR,2018,439788625883.79956,NO,Europe,2018-NO,2016
Norway,NOR,2019,408742840909.0909,NO,Europe,2019-NO,2016
Norway,NOR,2020,367633418886.62726,NO,Europe,2020-NO,2020
Norway,NOR,2021,503367986030.26776,NO,Europe,2021-NO,2020
Norway,NOR,2022,593726965415.6191,NO,Europe,2022-NO,2020
Norway,NOR,2023,485513316503.63043,NO,Europe,2023-NO,2020
Oman,OMN,1965,63279974.68801013,OM,Middle East,1965-OM,1964
Oman,OMN,1966,67759972.89601085,OM,Middle East,1966-OM,1964
Oman,OMN,1967,107151832.48965073,OM,Middle East,1967-OM,1964
Oman,OMN,1968,188879848.89612088,OM,Middle East,1968-OM,1968
Oman,OMN,1969,239999808.0001536,OM,Middle East,1969-OM,1968
Oman,OMN,1970,256319794.94416404,OM,Middle East,1970-OM,1968
Oman,OMN,1971,301010587.1029836,OM,Middle East,1971-OM,1968
Oman,OMN,1972,366883548.3475909,OM,Middle East,1972-OM,1972
Oman,OMN,1973,483066990.61241716,OM,Middle East,1973-OM,1972
Oman,OMN,1974,1645917776.491025,OM,Middle East,1974-OM,1972
Oman,OMN,1975,2096699189.3456862,OM,Middle East,1975-OM,1972
Oman,OMN,1976,2560220034.7423277,OM,Middle East,1976-OM,1976
Oman,OMN,1977,2741169947.8865085,OM,Middle East,1977-OM,1976
Oman,OMN,1978,2740301389.6931095,OM,Middle East,1978-OM,1976
Oman,OMN,1979,3733352635,OM,Middle East,1979-OM,1976
Oman,OMN,1980,5981760277.938622,OM,Middle East,1980-OM,1980
Oman,OMN,1981,7259120150.550087,OM,Middle East,1981-OM,1980
Oman,OMN,1982,7554719455.703532,OM,Middle East,1982-OM,1980
Oman,OMN,1983,7932541690.793283,OM,Middle East,1983-OM,1980
Oman,OMN,1984,8821443150.924877,OM,Middle East,1984-OM,1984
Oman,OMN,1985,10005645420.460632,OM,Middle East,1985-OM,1984
Oman,OMN,1986,7324167369.143049,OM,Middle East,1986-OM,1984
Oman,OMN,1987,7811183094.928478,OM,Middle East,1987-OM,1984
Oman,OMN,1988,8386215864.759428,OM,Middle East,1988-OM,1988
Oman,OMN,1989,9372171651,OM,Middle East,1989-OM,1988
Oman,OMN,1990,11685045513.654097,OM,Middle East,1990-OM,1988
Oman,OMN,1991,11341482444.73342,OM,Middle East,1991-OM,1988
Oman,OMN,1992,12452275682.704811,OM,Middle East,1992-OM,1992
Oman,OMN,1993,12493107932.379713,OM,Middle East,1993-OM,1992
Oman,OMN,1994,12918855656.697008,OM,Middle East,1994-OM,1992
Oman,OMN,1995,13802600780.23407,OM,Middle East,1995-OM,1992
Oman,OMN,1996,15277763329,OM,Middle East,1996-OM,1996
Oman,OMN,1997,15837451235.370611,OM,Middle East,1997-OM,1996
Oman,OMN,1998,13996914694.408321,OM,Middle East,1998-OM,1996
Oman,OMN,1999,15593456176.853056,OM,Middle East,1999-OM,1996
Oman,OMN,2000,19507452535.760727,OM,Middle East,2000-OM,2000
Oman,OMN,2001,19452000520.156048,OM,Middle East,2001-OM,2000
Oman,OMN,2002,20142756046.814045,OM,Middle East,2002-OM,2000
Oman,OMN,2003,21633708192.457737,OM,Middle East,2003-OM,2000
Oman,OMN,2004,24763712873.86216,OM,Middle East,2004-OM,2004
Oman,OMN,2005,31081991677.50325,OM,Middle East,2005-OM,2004
Oman,OMN,2006,37215779713.91418,OM,Middle East,2006-OM,2004
Oman,OMN,2007,42085379453.83615,OM,Middle East,2007-OM,2004
Oman,OMN,2008,60905452535.76073,OM,Middle East,2008-OM,2008
Oman,OMN,2009,48388363589.07672,OM,Middle East,2009-OM,2008
Oman,OMN,2010,64993498049.414825,OM,Middle East,2010-OM,2008
Oman,OMN,2011,77497529258.77763,OM,Middle East,2011-OM,2008
Oman,OMN,2012,87408842652.79582,OM,Middle East,2012-OM,2012
Oman,OMN,2013,89936020806.24187,OM,Middle East,2013-OM,2012
Oman,OMN,2014,92699089726.91808,OM,Middle East,2014-OM,2012
Oman,OMN,2015,78710793237.97139,OM,Middle East,2015-OM,2012
Oman,OMN,2016,75128738621.58647,OM,Middle East,2016-OM,2016
Oman,OMN,2017,80856697009.10272,OM,Middle East,2017-OM,2016
Oman,OMN,2018,91505851755.52666,OM,Middle East,2018-OM,2016
Oman,OMN,2019,88060858257.47723,OM,Middle East,2019-OM,2016
Oman,OMN,2020,75909397659.29779,OM,Middle East,2020-OM,2020
Oman,OMN,2021,88191977373.21198,OM,Middle East,2021-OM,2020
Oman,OMN,2022,114667360208.06242,OM,Middle East,2022-OM,2020
Oman,OMN,2023,108192457737.3212,OM,Middle East,2023-OM,2020
Pakistan,PAK,1960,3749265014.6997066,PK,Middle East,1960-PK,1960
Pakistan,PAK,1961,4118647627.0474596,PK,Middle East,1961-PK,1960
Pakistan,PAK,1962,4310163796.724066,PK,Middle East,1962-PK,1960
Pakistan,PAK,1963,4630827383.452332,PK,Middle East,1963-PK,1960
Pakistan,PAK,1964,5204955900.881983,PK,Middle East,1964-PK,1964
Pakistan,PAK,1965,5929231415.371693,PK,Middle East,1965-PK,1964
Pakistan,PAK,1966,6561108777.824444,PK,Middle East,1966-PK,1964
Pakistan,PAK,1967,7464510709.785805,PK,Middle East,1967-PK,1964
Pakistan,PAK,1968,8041999160,PK,Middle East,1968-PK,1968
Pakistan,PAK,1969,8683116337.673246,PK,Middle East,1969-PK,1968
Pakistan,PAK,1970,10027509449.811005,PK,Middle East,1970-PK,1968
Pakistan,PAK,1971,10665896682.06636,PK,Middle East,1971-PK,1968
Pakistan,PAK,1972,9415016360,PK,Middle East,1972-PK,1972
Pakistan,PAK,1973,6383429490.210915,PK,Middle East,1973-PK,1972
Pakistan,PAK,1974,8899191919,PK,Middle East,1974-PK,1972
Pakistan,PAK,1975,11230606060.60606,PK,Middle East,1975-PK,1972
Pakistan,PAK,1976,13168080808.080807,PK,Middle East,1976-PK,1976
Pakistan,PAK,1977,15126060606.060606,PK,Middle East,1977-PK,1976
Pakistan,PAK,1978,17811515151.515152,PK,Middle East,1978-PK,1976
Pakistan,PAK,1979,19688383838.38384,PK,Middle East,1979-PK,1976
Pakistan,PAK,1980,23654444444.444443,PK,Middle East,1980-PK,1980
Pakistan,PAK,1981,28100606060.60606,PK,Middle East,1981-PK,1980
Pakistan,PAK,1982,30725971563.98104,PK,Middle East,1982-PK,1980
Pakistan,PAK,1983,28691889763.77953,PK,Middle East,1983-PK,1980
Pakistan,PAK,1984,31151825467.497772,PK,Middle East,1984-PK,1984
Pakistan,PAK,1985,31144920844.327175,PK,Middle East,1985-PK,1984
Pakistan,PAK,1986,31899070055.796654,PK,Middle East,1986-PK,1984
Pakistan,PAK,1987,33351529274.686863,PK,Middle East,1987-PK,1984
Pakistan,PAK,1988,38472742808.31672,PK,Middle East,1988-PK,1988
Pakistan,PAK,1989,40171106279,PK,Middle East,1989-PK,1988
Pakistan,PAK,1990,40010423970.45763,PK,Middle East,1990-PK,1988
Pakistan,PAK,1991,45625336680.20465,PK,Middle East,1991-PK,1988
Pakistan,PAK,1992,48884671947.46571,PK,Middle East,1992-PK,1992
Pakistan,PAK,1993,51809999353.161354,PK,Middle East,1993-PK,1992
Pakistan,PAK,1994,52293470813.133606,PK,Middle East,1994-PK,1992
Pakistan,PAK,1995,60636071684.191795,PK,Middle East,1995-PK,1992
Pakistan,PAK,1996,63320170084.407555,PK,Middle East,1996-PK,1996
Pakistan,PAK,1997,62433340468.02277,PK,Middle East,1997-PK,1996
Pakistan,PAK,1998,62191955814,PK,Middle East,1998-PK,1996
Pakistan,PAK,1999,62973857068.511284,PK,Middle East,1999-PK,1996
Pakistan,PAK,2000,99484802344.52766,PK,Middle East,2000-PK,2000
Pakistan,PAK,2001,97145618479.90381,PK,Middle East,2001-PK,2000
Pakistan,PAK,2002,97923302809.35368,PK,Middle East,2002-PK,2000
Pakistan,PAK,2003,112371913740.82295,PK,Middle East,2003-PK,2000
Pakistan,PAK,2004,132216048339.41289,PK,Middle East,2004-PK,2004
Pakistan,PAK,2005,145208562960.76663,PK,Middle East,2005-PK,2004
Pakistan,PAK,2006,161871385506.3602,PK,Middle East,2006-PK,2004
Pakistan,PAK,2007,184140869997.46017,PK,Middle East,2007-PK,2004
Pakistan,PAK,2008,202203748583.8536,PK,Middle East,2008-PK,2008
Pakistan,PAK,2009,187337783856.46567,PK,Middle East,2009-PK,2008
Pakistan,PAK,2010,196709621849.58618,PK,Middle East,2010-PK,2008
Pakistan,PAK,2011,230586581059.6654,PK,Middle East,2011-PK,2008
Pakistan,PAK,2012,250106966104.70358,PK,Middle East,2012-PK,2012
Pakistan,PAK,2013,258657231672.41232,PK,Middle East,2013-PK,2012
Pakistan,PAK,2014,271390474857.63217,PK,Middle East,2014-PK,2012
Pakistan,PAK,2015,299963590534.7735,PK,Middle East,2015-PK,2012
Pakistan,PAK,2016,313630000130.43536,PK,Middle East,2016-PK,2016
Pakistan,PAK,2017,339205534861.1001,PK,Middle East,2017-PK,2016
Pakistan,PAK,2018,3.56128E+11,PK,Middle East,2018-PK,2016
Pakistan,PAK,2019,320909472770.6687,PK,Middle East,2019-PK,2016
Pakistan,PAK,2020,300425609817.9812,PK,Middle East,2020-PK,2020
Pakistan,PAK,2021,348516647445.14844,PK,Middle East,2021-PK,2020
Pakistan,PAK,2022,374787958882.30774,PK,Middle East,2022-PK,2020
Pakistan,PAK,2023,338368455317.8758,PK,Middle East,2023-PK,2020
Palau,PLW,1970,11563041,PW,Oceania,1970-PW,1968
Palau,PLW,1971,12706874,PW,Oceania,1971-PW,1968
Palau,PLW,1972,13956474,PW,Oceania,1972-PW,1972
Palau,PLW,1973,15331889,PW,Oceania,1973-PW,1972
Palau,PLW,1974,16848759.470000003,PW,Oceania,1974-PW,1972
Palau,PLW,1975,18521112.49,PW,Oceania,1975-PW,1972
Palau,PLW,1976,20364419.71,PW,Oceania,1976-PW,1976
Palau,PLW,1977,22308104.44,PW,Oceania,1977-PW,1976
Palau,PLW,1978,24530014.55,PW,Oceania,1978-PW,1976
Palau,PLW,1979,27004250.99,PW,Oceania,1979-PW,1976
Palau,PLW,1980,29728053.549999997,PW,Oceania,1980-PW,1980
Palau,PLW,1981,32726593.75,PW,Oceania,1981-PW,1980
Palau,PLW,1982,36027582.71,PW,Oceania,1982-PW,1980
Palau,PLW,1983,39661530.18,PW,Oceania,1983-PW,1980
Palau,PLW,1984,44814259.43,PW,Oceania,1984-PW,1984
Palau,PLW,1985,51030636.67,PW,Oceania,1985-PW,1984
Palau,PLW,1986,58109314.44,PW,Oceania,1986-PW,1984
Palau,PLW,1987,66169904.91,PW,Oceania,1987-PW,1984
Palau,PLW,1988,75348614.96000001,PW,Oceania,1988-PW,1988
Palau,PLW,1989,85800542.78,PW,Oceania,1989-PW,1988
Palau,PLW,1990,97702303.05,PW,Oceania,1990-PW,1988
Palau,PLW,1991,106555300,PW,Oceania,1991-PW,1988
Palau,PLW,1992,104771300,PW,Oceania,1992-PW,1992
Palau,PLW,1993,96455700,PW,Oceania,1993-PW,1992
Palau,PLW,1994,106138500,PW,Oceania,1994-PW,1992
Palau,PLW,1995,121018500,PW,Oceania,1995-PW,1992
Palau,PLW,1996,137494600,PW,Oceania,1996-PW,1996
Palau,PLW,1997,143860800,PW,Oceania,1997-PW,1996
Palau,PLW,1998,149079600,PW,Oceania,1998-PW,1996
Palau,PLW,1999,144206500,PW,Oceania,1999-PW,1996
Palau,PLW,2000,149535827.63671902,PW,Oceania,2000-PW,2000
Palau,PLW,2001,159453506.46972698,PW,Oceania,2001-PW,2000
Palau,PLW,2002,162665542.6,PW,Oceania,2002-PW,2000
Palau,PLW,2003,154559875.48828098,PW,Oceania,2003-PW,2000
Palau,PLW,2004,166391555.78613302,PW,Oceania,2004-PW,2004
Palau,PLW,2005,191048400.87890598,PW,Oceania,2005-PW,2004
Palau,PLW,2006,193679687.5,PW,Oceania,2006-PW,2004
Palau,PLW,2007,200903640.7,PW,Oceania,2007-PW,2004
Palau,PLW,2008,201167343.13964802,PW,Oceania,2008-PW,2008
Palau,PLW,2009,189997985.83984402,PW,Oceania,2009-PW,2008
Palau,PLW,2010,188174270.62988302,PW,Oceania,2010-PW,2008
Palau,PLW,2011,198873916.62597698,PW,Oceania,2011-PW,2008
Palau,PLW,2012,215762390.13671902,PW,Oceania,2012-PW,2012
Palau,PLW,2013,224265167.2,PW,Oceania,2013-PW,2012
Palau,PLW,2014,245731216.4,PW,Oceania,2014-PW,2012
Palau,PLW,2015,287215972.90039104,PW,Oceania,2015-PW,2012
Palau,PLW,2016,305404174.80468804,PW,Oceania,2016-PW,2016
Palau,PLW,2017,292345764.2,PW,Oceania,2017-PW,2016
Palau,PLW,2018,288160980.22460896,PW,Oceania,2018-PW,2016
Palau,PLW,2019,281828704.83398396,PW,Oceania,2019-PW,2016
Palau,PLW,2020,261179138.2,PW,Oceania,2020-PW,2020
Palau,PLW,2021,229858184.8,PW,Oceania,2021-PW,2020
Palau,PLW,2022,242333709.7,PW,Oceania,2022-PW,2020
Palau,PLW,2023,263020733.7,PW,Oceania,2023-PW,2020
Panama,PAN,1960,537147100,PA,North America,1960-PA,1960
Panama,PAN,1961,599026300,PA,North America,1961-PA,1960
Panama,PAN,1962,652120900,PA,North America,1962-PA,1960
Panama,PAN,1963,722784500,PA,North America,1963-PA,1960
Panama,PAN,1964,776137500,PA,North America,1964-PA,1964
Panama,PAN,1965,852485300,PA,North America,1965-PA,1964
Panama,PAN,1966,928833000,PA,North America,1966-PA,1964
Panama,PAN,1967,1034376400.0000001,PA,North America,1967-PA,1964
Panama,PAN,1968,1112791100,PA,North America,1968-PA,1968
Panama,PAN,1969,1221305700,PA,North America,1969-PA,1968
Panama,PAN,1970,1351006400,PA,North America,1970-PA,1968
Panama,PAN,1971,1523917200,PA,North America,1971-PA,1968
Panama,PAN,1972,1673411700,PA,North America,1972-PA,1972
Panama,PAN,1973,1913793400,PA,North America,1973-PA,1972
Panama,PAN,1974,2188307600,PA,North America,1974-PA,1972
Panama,PAN,1975,2435304100,PA,North America,1975-PA,1972
Panama,PAN,1976,2588106000,PA,North America,1976-PA,1976
Panama,PAN,1977,2738261900,PA,North America,1977-PA,1976
Panama,PAN,1978,3244558600,PA,North America,1978-PA,1976
Panama,PAN,1979,3704551600,PA,North America,1979-PA,1976
Panama,PAN,1980,4614086400,PA,North America,1980-PA,1980
Panama,PAN,1981,5222421500,PA,North America,1981-PA,1980
Panama,PAN,1982,5769767900,PA,North America,1982-PA,1980
Panama,PAN,1983,5923755900,PA,North America,1983-PA,1980
Panama,PAN,1984,6183387100,PA,North America,1984-PA,1984
Panama,PAN,1985,6541517100,PA,North America,1985-PA,1984
Panama,PAN,1986,6797834200,PA,North America,1986-PA,1984
Panama,PAN,1987,6827665300,PA,North America,1987-PA,1984
Panama,PAN,1988,5902783400,PA,North America,1988-PA,1988
Panama,PAN,1989,5918469800,PA,North America,1989-PA,1988
Panama,PAN,1990,6433967000,PA,North America,1990-PA,1988
Panama,PAN,1991,7074675500,PA,North America,1991-PA,1988
Panama,PAN,1992,8042337700,PA,North America,1992-PA,1992
Panama,PAN,1993,8782585400,PA,North America,1993-PA,1992
Panama,PAN,1994,9365289800,PA,North America,1994-PA,1992
Panama,PAN,1995,9573813700,PA,North America,1995-PA,1992
Panama,PAN,1996,9870494000,PA,North America,1996-PA,1996
Panama,PAN,1997,10677286100,PA,North America,1997-PA,1996
Panama,PAN,1998,11575486400,PA,North America,1998-PA,1996
Panama,PAN,1999,12130252200,PA,North America,1999-PA,1996
Panama,PAN,2000,12304115000,PA,North America,2000-PA,2000
Panama,PAN,2001,12502013400,PA,North America,2001-PA,2000
Panama,PAN,2002,12994310400,PA,North America,2002-PA,2000
Panama,PAN,2003,13693981200,PA,North America,2003-PA,2000
Panama,PAN,2004,15013381700,PA,North America,2004-PA,2004
Panama,PAN,2005,16374393900,PA,North America,2005-PA,2004
Panama,PAN,2006,18141666300,PA,North America,2006-PA,2004
Panama,PAN,2007,21295984200,PA,North America,2007-PA,2004
Panama,PAN,2008,25155888600,PA,North America,2008-PA,2008
Panama,PAN,2009,27116635600,PA,North America,2009-PA,2008
Panama,PAN,2010,29440287600,PA,North America,2010-PA,2008
Panama,PAN,2011,34686224300,PA,North America,2011-PA,2008
Panama,PAN,2012,40429700000,PA,North America,2012-PA,2012
Panama,PAN,2013,45599900000,PA,North America,2013-PA,2012
Panama,PAN,2014,49921400000,PA,North America,2014-PA,2012
Panama,PAN,2015,54091800000,PA,North America,2015-PA,2012
Panama,PAN,2016,57907700000,PA,North America,2016-PA,2016
Panama,PAN,2017,62202700000,PA,North America,2017-PA,2016
Panama,PAN,2018,67294169200.00001,PA,North America,2018-PA,2016
Panama,PAN,2019,69721787500,PA,North America,2019-PA,2016
Panama,PAN,2020,57086836900,PA,North America,2020-PA,2020
Panama,PAN,2021,67406738100,PA,North America,2021-PA,2020
Panama,PAN,2022,76522511781,PA,North America,2022-PA,2020
Panama,PAN,2023,83382400000,PA,North America,2023-PA,2020
Papua New Guinea,PNG,1960,230496036.8793659,PG,Oceania,1960-PG,1960
Papua New Guinea,PNG,1961,244832039.17312625,PG,Oceania,1961-PG,1960
Papua New Guinea,PNG,1962,261184041.78944668,PG,Oceania,1962-PG,1960
Papua New Guinea,PNG,1963,275968044.1548871,PG,Oceania,1963-PG,1960
Papua New Guinea,PNG,1964,305312048.8499278,PG,Oceania,1964-PG,1964
Papua New Guinea,PNG,1965,344176055.0681688,PG,Oceania,1965-PG,1964
Papua New Guinea,PNG,1966,390992062.6,PG,Oceania,1966-PG,1964
Papua New Guinea,PNG,1967,441728182.6765092,PG,Oceania,1967-PG,1964
Papua New Guinea,PNG,1968,485184189.62947035,PG,Oceania,1968-PG,1968
Papua New Guinea,PNG,1969,551263864.2022183,PG,Oceania,1969-PG,1968
Papua New Guinea,PNG,1970,645568215.2909144,PG,Oceania,1970-PG,1968
Papua New Guinea,PNG,1971,717750278.1056643,PG,Oceania,1971-PG,1968
Papua New Guinea,PNG,1972,858761926.0896797,PG,Oceania,1972-PG,1972
Papua New Guinea,PNG,1973,1299079410.4363782,PG,Oceania,1973-PG,1972
Papua New Guinea,PNG,1974,1467417672.1700213,PG,Oceania,1974-PG,1972
Papua New Guinea,PNG,1975,1356603608.0969455,PG,Oceania,1975-PG,1972
Papua New Guinea,PNG,1976,1511843235.4911094,PG,Oceania,1976-PG,1976
Papua New Guinea,PNG,1977,1640746618.6846733,PG,Oceania,1977-PG,1976
Papua New Guinea,PNG,1978,1947878830.6238317,PG,Oceania,1978-PG,1976
Papua New Guinea,PNG,1979,2293760510.9609036,PG,Oceania,1979-PG,1976
Papua New Guinea,PNG,1980,2545808455.523991,PG,Oceania,1980-PG,1980
Papua New Guinea,PNG,1981,2498190847.396678,PG,Oceania,1981-PG,1980
Papua New Guinea,PNG,1982,2368719683.4484835,PG,Oceania,1982-PG,1980
Papua New Guinea,PNG,1983,2562351551.0449133,PG,Oceania,1983-PG,1980
Papua New Guinea,PNG,1984,2552662617.1885433,PG,Oceania,1984-PG,1984
Papua New Guinea,PNG,1985,2423339171.5001493,PG,Oceania,1985-PG,1984
Papua New Guinea,PNG,1986,2647995602.2869754,PG,Oceania,1986-PG,1984
Papua New Guinea,PNG,1987,3143851794.087228,PG,Oceania,1987-PG,1984
Papua New Guinea,PNG,1988,3656177880.7062545,PG,Oceania,1988-PG,1988
Papua New Guinea,PNG,1989,3546472565.693639,PG,Oceania,1989-PG,1988
Papua New Guinea,PNG,1990,3219729083.0648656,PG,Oceania,1990-PG,1988
Papua New Guinea,PNG,1991,3787394957.9831934,PG,Oceania,1991-PG,1988
Papua New Guinea,PNG,1992,4377980510.055982,PG,Oceania,1992-PG,1992
Papua New Guinea,PNG,1993,4974550286,PG,Oceania,1993-PG,1992
Papua New Guinea,PNG,1994,5502786069.651742,PG,Oceania,1994-PG,1992
Papua New Guinea,PNG,1995,4636057476.425685,PG,Oceania,1995-PG,1992
Papua New Guinea,PNG,1996,5155311077.389984,PG,Oceania,1996-PG,1996
Papua New Guinea,PNG,1997,4936615298.793669,PG,Oceania,1997-PG,1996
Papua New Guinea,PNG,1998,3789443014.6166177,PG,Oceania,1998-PG,1996
Papua New Guinea,PNG,1999,3477038204.0173297,PG,Oceania,1999-PG,1996
Papua New Guinea,PNG,2000,3521339699.074074,PG,Oceania,2000-PG,2000
Papua New Guinea,PNG,2001,3081024212.4292445,PG,Oceania,2001-PG,2000
Papua New Guinea,PNG,2002,2999511040.197643,PG,Oceania,2002-PG,2000
Papua New Guinea,PNG,2003,3536411824.2958045,PG,Oceania,2003-PG,2000
Papua New Guinea,PNG,2004,3927157866.9646463,PG,Oceania,2004-PG,2004
Papua New Guinea,PNG,2005,4865892972.275951,PG,Oceania,2005-PG,2004
Papua New Guinea,PNG,2006,8354911040.701925,PG,Oceania,2006-PG,2004
Papua New Guinea,PNG,2007,9545028944.345787,PG,Oceania,2007-PG,2004
Papua New Guinea,PNG,2008,11670892800.530945,PG,Oceania,2008-PG,2008
Papua New Guinea,PNG,2009,11619456449.265974,PG,Oceania,2009-PG,2008
Papua New Guinea,PNG,2010,14250786674.776615,PG,Oceania,2010-PG,2008
Papua New Guinea,PNG,2011,17985138065.854904,PG,Oceania,2011-PG,2008
Papua New Guinea,PNG,2012,21295168665.724728,PG,Oceania,2012-PG,2012
Papua New Guinea,PNG,2013,21261338064.878304,PG,Oceania,2013-PG,2012
Papua New Guinea,PNG,2014,23210823987.30796,PG,Oceania,2014-PG,2012
Papua New Guinea,PNG,2015,21723437010.098206,PG,Oceania,2015-PG,2012
Papua New Guinea,PNG,2016,20758876952.623165,PG,Oceania,2016-PG,2016
Papua New Guinea,PNG,2017,22742699138.356014,PG,Oceania,2017-PG,2016
Papua New Guinea,PNG,2018,24109780708.02678,PG,Oceania,2018-PG,2016
Papua New Guinea,PNG,2019,24751066910.540928,PG,Oceania,2019-PG,2016
Papua New Guinea,PNG,2020,23848445103.92275,PG,Oceania,2020-PG,2020
Papua New Guinea,PNG,2021,26113333240.233334,PG,Oceania,2021-PG,2020
Papua New Guinea,PNG,2022,31603619036.633846,PG,Oceania,2022-PG,2020
Papua New Guinea,PNG,2023,30932496249.791653,PG,Oceania,2023-PG,2020
Paraguay,PRY,1960,288884368.01693445,PY,South America,1960-PY,1960
Paraguay,PRY,1961,322053713.1587309,PY,South America,1961-PY,1960
Paraguay,PRY,1962,360698412.6984135,PY,South America,1962-PY,1960
Paraguay,PRY,1963,383904761.9047627,PY,South America,1963-PY,1960
Paraguay,PRY,1964,408349206.34920716,PY,South America,1964-PY,1964
Paraguay,PRY,1965,443587301.5873024,PY,South America,1965-PY,1964
Paraguay,PRY,1966,465888888.8888897,PY,South America,1966-PY,1964
Paraguay,PRY,1967,492674603.1746048,PY,South America,1967-PY,1964
Paraguay,PRY,1968,517650793.6507952,PY,South America,1968-PY,1968
Paraguay,PRY,1969,556293650.7936524,PY,South America,1969-PY,1968
Paraguay,PRY,1970,594611111.1111127,PY,South America,1970-PY,1968
Paraguay,PRY,1971,664571428.5714301,PY,South America,1971-PY,1968
Paraguay,PRY,1972,769039682.5,PY,South America,1972-PY,1972
Paraguay,PRY,1973,995531746,PY,South America,1973-PY,1972
Paraguay,PRY,1974,1333475396.8253968,PY,South America,1974-PY,1972
Paraguay,PRY,1975,1511420634.9206426,PY,South America,1975-PY,1972
Paraguay,PRY,1976,1698960317.4603252,PY,South America,1976-PY,1976
Paraguay,PRY,1977,2092158730.158738,PY,South America,1977-PY,1976
Paraguay,PRY,1978,2559857142.8571506,PY,South America,1978-PY,1976
Paraguay,PRY,1979,3416777777.7777853,PY,South America,1979-PY,1976
Paraguay,PRY,1980,4448087301.587317,PY,South America,1980-PY,1980
Paraguay,PRY,1981,5624515873.015888,PY,South America,1981-PY,1980
Paraguay,PRY,1982,5419411764.705896,PY,South America,1982-PY,1980
Paraguay,PRY,1983,5673248726.164398,PY,South America,1983-PY,1980
Paraguay,PRY,1984,4502462807.139926,PY,South America,1984-PY,1984
Paraguay,PRY,1985,3282449235.761289,PY,South America,1985-PY,1984
Paraguay,PRY,1986,3723993942.790897,PY,South America,1986-PY,1984
Paraguay,PRY,1987,3971044723.8024096,PY,South America,1987-PY,1984
Paraguay,PRY,1988,4255683528.333345,PY,South America,1988-PY,1988
Paraguay,PRY,1989,4757732199.962137,PY,South America,1989-PY,1988
Paraguay,PRY,1990,5812114523.0118885,PY,South America,1990-PY,1988
Paraguay,PRY,1991,6984367762.903712,PY,South America,1991-PY,1988
Paraguay,PRY,1992,7157424031.060454,PY,South America,1992-PY,1992
Paraguay,PRY,1993,7249533620,PY,South America,1993-PY,1992
Paraguay,PRY,1994,7870982004.819505,PY,South America,1994-PY,1992
Paraguay,PRY,1995,9062131475.023178,PY,South America,1995-PY,1992
Paraguay,PRY,1996,9788391781,PY,South America,1996-PY,1996
Paraguay,PRY,1997,9965225678,PY,South America,1997-PY,1996
Paraguay,PRY,1998,9260481572,PY,South America,1998-PY,1996
Paraguay,PRY,1999,8837070236,PY,South America,1999-PY,1996
Paraguay,PRY,2000,8855705139.558565,PY,South America,2000-PY,2000
Paraguay,PRY,2001,8495806432.1846695,PY,South America,2001-PY,2000
Paraguay,PRY,2002,7196260656.845559,PY,South America,2002-PY,2000
Paraguay,PRY,2003,7691367471.179918,PY,South America,2003-PY,2000
Paraguay,PRY,2004,9624440836.293095,PY,South America,2004-PY,2004
Paraguay,PRY,2005,10737500188.112309,PY,South America,2005-PY,2004
Paraguay,PRY,2006,13429430050.260954,PY,South America,2006-PY,2004
Paraguay,PRY,2007,17856393235.433792,PY,South America,2007-PY,2004
Paraguay,PRY,2008,24615267663.54557,PY,South America,2008-PY,2008
Paraguay,PRY,2009,22355151161.99399,PY,South America,2009-PY,2008
Paraguay,PRY,2010,27260886405.226337,PY,South America,2010-PY,2008
Paraguay,PRY,2011,33756238766.500004,PY,South America,2011-PY,2008
Paraguay,PRY,2012,33271921136.314976,PY,South America,2012-PY,2012
Paraguay,PRY,2013,38501122141.424126,PY,South America,2013-PY,2012
Paraguay,PRY,2014,40377929295.64187,PY,South America,2014-PY,2012
Paraguay,PRY,2015,36211447840.09714,PY,South America,2015-PY,2012
Paraguay,PRY,2016,36089700222.946144,PY,South America,2016-PY,2016
Paraguay,PRY,2017,38997129473.55579,PY,South America,2017-PY,2016
Paraguay,PRY,2018,40225448340.632164,PY,South America,2018-PY,2016
Paraguay,PRY,2019,37925338329.149445,PY,South America,2019-PY,2016
Paraguay,PRY,2020,35432178068.18139,PY,South America,2020-PY,2020
Paraguay,PRY,2021,39950899938.74815,PY,South America,2021-PY,2020
Paraguay,PRY,2022,41952910858.08456,PY,South America,2022-PY,2020
Paraguay,PRY,2023,42956263543.948166,PY,South America,2023-PY,2020
Peru,PER,1982,15203143381,PE,South America,1982-PE,1980
Peru,PER,1983,14124541992.500002,PE,South America,1983-PE,1980
Peru,PER,1984,20339340469.333332,PE,South America,1984-PE,1984
Peru,PER,1985,15044388198.181818,PE,South America,1985-PE,1984
Peru,PER,1986,21777475654.285713,PE,South America,1986-PE,1984
Peru,PER,1987,36533467759.41176,PE,South America,1987-PE,1984
Peru,PER,1988,15439408447,PE,South America,1988-PE,1988
Peru,PER,1989,22499558526.36816,PE,South America,1989-PE,1988
Peru,PER,1990,26410386962.801933,PE,South America,1990-PE,1988
Peru,PER,1991,34341465998.200283,PE,South America,1991-PE,1988
Peru,PER,1992,35966302303.262955,PE,South America,1992-PE,1992
Peru,PER,1993,34832077220.85365,PE,South America,1993-PE,1992
Peru,PER,1994,44882079766.89127,PE,South America,1994-PE,1992
Peru,PER,1995,53312793687.38364,PE,South America,1995-PE,1992
Peru,PER,1996,55252414130.30192,PE,South America,1996-PE,1996
Peru,PER,1997,58147522522.52252,PE,South America,1997-PE,1996
Peru,PER,1998,55501467877.381035,PE,South America,1998-PE,1996
Peru,PER,1999,50187324567.882996,PE,South America,1999-PE,1996
Peru,PER,2000,51744749133.21299,PE,South America,2000-PE,2000
Peru,PER,2001,52030158775.40549,PE,South America,2001-PE,2000
Peru,PER,2002,54777553515.08088,PE,South America,2002-PE,2000
Peru,PER,2003,58731030121.867096,PE,South America,2003-PE,2000
Peru,PER,2004,66768703497.56869,PE,South America,2004-PE,2004
Peru,PER,2005,76060606060.60606,PE,South America,2005-PE,2004
Peru,PER,2006,88643193062,PE,South America,2006-PE,2004
Peru,PER,2007,102170981144.13551,PE,South America,2007-PE,2004
Peru,PER,2008,120550599815.4414,PE,South America,2008-PE,2008
Peru,PER,2009,120822986521.47932,PE,South America,2009-PE,2008
Peru,PER,2010,147527631520.7292,PE,South America,2010-PE,2008
Peru,PER,2011,171761737046.58508,PE,South America,2011-PE,2008
Peru,PER,2012,192650021648.5832,PE,South America,2012-PE,2012
Peru,PER,2013,201175543571.3918,PE,South America,2013-PE,2012
Peru,PER,2014,200786250582.94272,PE,South America,2014-PE,2012
Peru,PER,2015,189802976285.61893,PE,South America,2015-PE,2012
Peru,PER,2016,191898104390.37863,PE,South America,2016-PE,2016
Peru,PER,2017,211007984080.91058,PE,South America,2017-PE,2016
Peru,PER,2018,222597009739.23532,PE,South America,2018-PE,2016
Peru,PER,2019,228346006003.64822,PE,South America,2019-PE,2016
Peru,PER,2020,201409694755.93436,PE,South America,2020-PE,2020
Peru,PER,2021,226354278280.88464,PE,South America,2021-PE,2020
Peru,PER,2022,246488757636.21066,PE,South America,2022-PE,2020
Peru,PER,2023,267603248655.2527,PE,South America,2023-PE,2020
Philippines,PHL,1960,7515894110.564875,PH,Asia,1960-PH,1960
Philippines,PHL,1961,8171194424.944976,PH,Asia,1961-PH,1960
Philippines,PHL,1962,4954593071.827959,PH,Asia,1962-PH,1960
Philippines,PHL,1963,5505023238.406689,PH,Asia,1963-PH,1960
Philippines,PHL,1964,5953756194.809882,PH,Asia,1964-PH,1964
Philippines,PHL,1965,6517349771.933859,PH,Asia,1965-PH,1964
Philippines,PHL,1966,7189017887.692307,PH,Asia,1966-PH,1964
Philippines,PHL,1967,7724873935.128205,PH,Asia,1967-PH,1964
Philippines,PHL,1968,8632749269.487179,PH,Asia,1968-PH,1968
Philippines,PHL,1969,9571800652.564102,PH,Asia,1969-PH,1968
Philippines,PHL,1970,7559115516.695318,PH,Asia,1970-PH,1968
Philippines,PHL,1971,8375075629.832697,PH,Asia,1971-PH,1968
Philippines,PHL,1972,9067815521.326199,PH,Asia,1972-PH,1972
Philippines,PHL,1973,11412449735.305641,PH,Asia,1973-PH,1972
Philippines,PHL,1974,15607882555.291605,PH,Asia,1974-PH,1972
Philippines,PHL,1975,16875240683.508327,PH,Asia,1975-PH,1972
Philippines,PHL,1976,19381055197.27945,PH,Asia,1976-PH,1976
Philippines,PHL,1977,22283109803,PH,Asia,1977-PH,1976
Philippines,PHL,1978,25762224562.631573,PH,Asia,1978-PH,1976
Philippines,PHL,1979,31218296292,PH,Asia,1979-PH,1976
Philippines,PHL,1980,36848080898.81119,PH,Asia,1980-PH,1980
Philippines,PHL,1981,40499388869.12711,PH,Asia,1981-PH,1980
Philippines,PHL,1982,42206011275.17565,PH,Asia,1982-PH,1980
Philippines,PHL,1983,37759179894.52985,PH,Asia,1983-PH,1980
Philippines,PHL,1984,35730185633.52326,PH,Asia,1984-PH,1984
Philippines,PHL,1985,34961486348.23824,PH,Asia,1985-PH,1984
Philippines,PHL,1986,33987207294.943222,PH,Asia,1986-PH,1984
Philippines,PHL,1987,37791488666.07431,PH,Asia,1987-PH,1984
Philippines,PHL,1988,43152128958.611595,PH,Asia,1988-PH,1988
Philippines,PHL,1989,48513773720.67303,PH,Asia,1989-PH,1988
Philippines,PHL,1990,50508286641.57462,PH,Asia,1990-PH,1988
Philippines,PHL,1991,51784144942.72696,PH,Asia,1991-PH,1988
Philippines,PHL,1992,60422328242.180336,PH,Asia,1992-PH,1992
Philippines,PHL,1993,62036529147.18309,PH,Asia,1993-PH,1992
Philippines,PHL,1994,73159336915,PH,Asia,1994-PH,1992
Philippines,PHL,1995,84644328727.48247,PH,Asia,1995-PH,1992
Philippines,PHL,1996,94648084429.03406,PH,Asia,1996-PH,1996
Philippines,PHL,1997,94106317565.08456,PH,Asia,1997-PH,1996
Philippines,PHL,1998,74492416329.91425,PH,Asia,1998-PH,1996
Philippines,PHL,1999,85640171045.12543,PH,Asia,1999-PH,1996
Philippines,PHL,2000,83669788254.72792,PH,Asia,2000-PH,2000
Philippines,PHL,2001,78921234457.54874,PH,Asia,2001-PH,2000
Philippines,PHL,2002,84307345888,PH,Asia,2002-PH,2000
Philippines,PHL,2003,87039092974.22725,PH,Asia,2003-PH,2000
Philippines,PHL,2004,95001999685.33144,PH,Asia,2004-PH,2004
Philippines,PHL,2005,107419977318.16573,PH,Asia,2005-PH,2004
Philippines,PHL,2006,127652926368.06917,PH,Asia,2006-PH,2004
Philippines,PHL,2007,155980408673.40317,PH,Asia,2007-PH,2004
Philippines,PHL,2008,181624626327.36093,PH,Asia,2008-PH,2008
Philippines,PHL,2009,175974755881.37238,PH,Asia,2009-PH,2008
Philippines,PHL,2010,208368893151.14383,PH,Asia,2010-PH,2008
Philippines,PHL,2011,234216730295.9377,PH,Asia,2011-PH,2008
Philippines,PHL,2012,261920540972.1021,PH,Asia,2012-PH,2012
Philippines,PHL,2013,283902828581.6499,PH,Asia,2013-PH,2012
Philippines,PHL,2014,297483555344.8018,PH,Asia,2014-PH,2012
Philippines,PHL,2015,306445871246.7178,PH,Asia,2015-PH,2012
Philippines,PHL,2016,318627003012.5201,PH,Asia,2016-PH,2016
Philippines,PHL,2017,328480736798.7918,PH,Asia,2017-PH,2016
Philippines,PHL,2018,346841896583.5147,PH,Asia,2018-PH,2016
Philippines,PHL,2019,376823402244.9279,PH,Asia,2019-PH,2016
Philippines,PHL,2020,361751145451.59674,PH,Asia,2020-PH,2020
Philippines,PHL,2021,3.94087E+11,PH,Asia,2021-PH,2020
Philippines,PHL,2022,404353369604.6311,PH,Asia,2022-PH,2020
Philippines,PHL,2023,437146372729.94244,PH,Asia,2023-PH,2020
Poland,POL,1990,65977748210.52632,PL,Europe,1990-PL,1988
Poland,POL,1991,85500935934.99008,PL,Europe,1991-PL,1988
Poland,POL,1992,94337050693.27269,PL,Europe,1992-PL,1992
Poland,POL,1993,96043157272.86205,PL,Europe,1993-PL,1992
Poland,POL,1994,110803635287.62108,PL,Europe,1994-PL,1992
Poland,POL,1995,142293781028.56802,PL,Europe,1995-PL,1992
Poland,POL,1996,160193242090.4269,PL,Europe,1996-PL,1996
Poland,POL,1997,159358178533.6591,PL,Europe,1997-PL,1996
Poland,POL,1998,174685791563.56104,PL,Europe,1998-PL,1996
Poland,POL,1999,170030662134.73392,PL,Europe,1999-PL,1996
Poland,POL,2000,172220451786.9572,PL,Europe,2000-PL,2000
Poland,POL,2001,190905493539.16806,PL,Europe,2001-PL,2000
Poland,POL,2002,199070448694.90024,PL,Europe,2002-PL,2000
Poland,POL,2003,217828661056.93512,PL,Europe,2003-PL,2000
Poland,POL,2004,255107252158.63116,PL,Europe,2004-PL,2004
Poland,POL,2005,306145944824.9303,PL,Europe,2005-PL,2004
Poland,POL,2006,344626667414.2921,PL,Europe,2006-PL,2004
Poland,POL,2007,4.29021E+11,PL,Europe,2007-PL,2004
Poland,POL,2008,533599779515.7149,PL,Europe,2008-PL,2008
Poland,POL,2009,439731589139.2123,PL,Europe,2009-PL,2008
Poland,POL,2010,475696613935.59515,PL,Europe,2010-PL,2008
Poland,POL,2011,524374183218.30884,PL,Europe,2011-PL,2008
Poland,POL,2012,495230523665.9008,PL,Europe,2012-PL,2012
Poland,POL,2013,515761954074.1571,PL,Europe,2013-PL,2012
Poland,POL,2014,539080475073.71906,PL,Europe,2014-PL,2012
Poland,POL,2015,477111287969.2267,PL,Europe,2015-PL,2012
Poland,POL,2016,470024599375.6187,PL,Europe,2016-PL,2016
Poland,POL,2017,524641252834.8256,PL,Europe,2017-PL,2016
Poland,POL,2018,588779796423.6954,PL,Europe,2018-PL,2016
Poland,POL,2019,596058473058.7661,PL,Europe,2019-PL,2016
Poland,POL,2020,5.99443E+11,PL,Europe,2020-PL,2020
Poland,POL,2021,681346077608.6073,PL,Europe,2021-PL,2020
Poland,POL,2022,689763329458.4408,PL,Europe,2022-PL,2020
Poland,POL,2023,811229100687.5663,PL,Europe,2023-PL,2020
Portugal,PRT,1960,3339150157.8560543,PT,Europe,1960-PT,1960
Portugal,PRT,1961,3573719084.5335436,PT,Europe,1961-PT,1960
Portugal,PRT,1962,3835883663.2512326,PT,Europe,1962-PT,1960
Portugal,PRT,1963,4084251592.8159914,PT,Europe,1963-PT,1960
Portugal,PRT,1964,4429202656.907406,PT,Europe,1964-PT,1964
Portugal,PRT,1965,4901711247.815919,PT,Europe,1965-PT,1964
Portugal,PRT,1966,5370108031.128589,PT,Europe,1966-PT,1964
Portugal,PRT,1967,6002607029.646629,PT,Europe,1967-PT,1964
Portugal,PRT,1968,6644693214.183429,PT,Europe,1968-PT,1968
Portugal,PRT,1969,7287555035.344026,PT,Europe,1969-PT,1968
Portugal,PRT,1970,8108235704,PT,Europe,1970-PT,1968
Portugal,PRT,1971,9201604240.282686,PT,Europe,1971-PT,1968
Portugal,PRT,1972,11239117865.085249,PT,Europe,1972-PT,1972
Portugal,PRT,1973,15090564186.426819,PT,Europe,1973-PT,1972
Portugal,PRT,1974,17512391475.927387,PT,Europe,1974-PT,1972
Portugal,PRT,1975,19347607843.137253,PT,Europe,1975-PT,1972
Portugal,PRT,1976,20332831564.98674,PT,Europe,1976-PT,1976
Portugal,PRT,1977,21439523310.633842,PT,Europe,1977-PT,1976
Portugal,PRT,1978,23487614051.09489,PT,Europe,1978-PT,1976
Portugal,PRT,1979,26622819672.13115,PT,Europe,1979-PT,1976
Portugal,PRT,1980,32896519823.788544,PT,Europe,1980-PT,1980
Portugal,PRT,1981,31977276872.96417,PT,Europe,1981-PT,1980
Portugal,PRT,1982,30527754793.138245,PT,Europe,1982-PT,1980
Portugal,PRT,1983,27239650741.94716,PT,Europe,1983-PT,1980
Portugal,PRT,1984,25217969049.57546,PT,Europe,1984-PT,1984
Portugal,PRT,1985,27115807742.087303,PT,Europe,1985-PT,1984
Portugal,PRT,1986,38745901353.70594,PT,Europe,1986-PT,1984
Portugal,PRT,1987,48182925857.40714,PT,Europe,1987-PT,1984
Portugal,PRT,1988,56347250696.37883,PT,Europe,1988-PT,1988
Portugal,PRT,1989,60594092182.32748,PT,Europe,1989-PT,1988
Portugal,PRT,1990,78713860216.56589,PT,Europe,1990-PT,1988
Portugal,PRT,1991,89233599278.47925,PT,Europe,1991-PT,1988
Portugal,PRT,1992,107592098307.09831,PT,Europe,1992-PT,1992
Portugal,PRT,1993,95009751901.25919,PT,Europe,1993-PT,1992
Portugal,PRT,1994,99688641304.34782,PT,Europe,1994-PT,1992
Portugal,PRT,1995,118122007430.01193,PT,Europe,1995-PT,1992
Portugal,PRT,1996,122630089680.27034,PT,Europe,1996-PT,1996
Portugal,PRT,1997,117016535162.95026,PT,Europe,1997-PT,1996
Portugal,PRT,1998,123946327916.29564,PT,Europe,1998-PT,1996
Portugal,PRT,1999,127470385557.18367,PT,Europe,1999-PT,1996
Portugal,PRT,2000,118605192877.38849,PT,Europe,2000-PT,2000
Portugal,PRT,2001,121604107164.9966,PT,Europe,2001-PT,2000
Portugal,PRT,2002,134795565549.41945,PT,Europe,2002-PT,2000
Portugal,PRT,2003,165226175536.7926,PT,Europe,2003-PT,2000
Portugal,PRT,2004,189382122532.16882,PT,Europe,2004-PT,2004
Portugal,PRT,2005,197253876704.9213,PT,Europe,2005-PT,2004
Portugal,PRT,2006,208756449275.84793,PT,Europe,2006-PT,2004
Portugal,PRT,2007,240496147317.38077,PT,Europe,2007-PT,2004
Portugal,PRT,2008,263416394624.08353,PT,Europe,2008-PT,2008
Portugal,PRT,2009,244667762835.54318,PT,Europe,2009-PT,2008
Portugal,PRT,2010,238113003233.28378,PT,Europe,2010-PT,2008
Portugal,PRT,2011,245117990242.24756,PT,Europe,2011-PT,2008
Portugal,PRT,2012,216224240577.95746,PT,Europe,2012-PT,2012
Portugal,PRT,2013,226433858005.71396,PT,Europe,2013-PT,2012
Portugal,PRT,2014,229901964221.88428,PT,Europe,2014-PT,2012
Portugal,PRT,2015,199394066525.44012,PT,Europe,2015-PT,2012
Portugal,PRT,2016,206426152308.93085,PT,Europe,2016-PT,2016
Portugal,PRT,2017,221357874718.92978,PT,Europe,2017-PT,2016
Portugal,PRT,2018,242313116577.9669,PT,Europe,2018-PT,2016
Portugal,PRT,2019,239986922638.90158,PT,Europe,2019-PT,2016
Portugal,PRT,2020,229031860520.77728,PT,Europe,2020-PT,2020
Portugal,PRT,2021,2.55535E+11,PT,Europe,2021-PT,2020
Portugal,PRT,2022,255196659934.37842,PT,Europe,2022-PT,2020
Portugal,PRT,2023,287080013574.4972,PT,Europe,2023-PT,2020
Puerto Rico,PRI,1960,1691900000,PR,North America,1960-PR,1960
Puerto Rico,PRI,1961,1865100000,PR,North America,1961-PR,1960
Puerto Rico,PRI,1962,2094400000,PR,North America,1962-PR,1960
Puerto Rico,PRI,1963,2333600000,PR,North America,1963-PR,1960
Puerto Rico,PRI,1964,2570500000,PR,North America,1964-PR,1964
Puerto Rico,PRI,1965,2881500000,PR,North America,1965-PR,1964
Puerto Rico,PRI,1966,3170500000,PR,North America,1966-PR,1964
Puerto Rico,PRI,1967,3532700000,PR,North America,1967-PR,1964
Puerto Rico,PRI,1968,3941700000,PR,North America,1968-PR,1968
Puerto Rico,PRI,1969,4460700000,PR,North America,1969-PR,1968
Puerto Rico,PRI,1970,5034700000,PR,North America,1970-PR,1968
Puerto Rico,PRI,1971,5646800000,PR,North America,1971-PR,1968
Puerto Rico,PRI,1972,6328900000,PR,North America,1972-PR,1972
Puerto Rico,PRI,1973,7002400000,PR,North America,1973-PR,1972
Puerto Rico,PRI,1974,7684800000,PR,North America,1974-PR,1972
Puerto Rico,PRI,1975,8198299999.999999,PR,North America,1975-PR,1972
Puerto Rico,PRI,1976,8968600000,PR,North America,1976-PR,1976
Puerto Rico,PRI,1977,9910900000,PR,North America,1977-PR,1976
Puerto Rico,PRI,1978,11165000000,PR,North America,1978-PR,1976
Puerto Rico,PRI,1979,12750000000,PR,North America,1979-PR,1976
Puerto Rico,PRI,1980,14436100000,PR,North America,1980-PR,1980
Puerto Rico,PRI,1981,15955700000,PR,North America,1981-PR,1980
Puerto Rico,PRI,1982,16764200000,PR,North America,1982-PR,1980
Puerto Rico,PRI,1983,17276600000,PR,North America,1983-PR,1980
Puerto Rico,PRI,1984,19162600000,PR,North America,1984-PR,1984
Puerto Rico,PRI,1985,20289200000,PR,North America,1985-PR,1984
Puerto Rico,PRI,1986,22009300000,PR,North America,1986-PR,1984
Puerto Rico,PRI,1987,24025800000,PR,North America,1987-PR,1984
Puerto Rico,PRI,1988,26385800000,PR,North America,1988-PR,1988
Puerto Rico,PRI,1989,28161200000,PR,North America,1989-PR,1988
Puerto Rico,PRI,1990,30603919000,PR,North America,1990-PR,1988
Puerto Rico,PRI,1991,32287031000,PR,North America,1991-PR,1988
Puerto Rico,PRI,1992,34630430000,PR,North America,1992-PR,1992
Puerto Rico,PRI,1993,36922456000,PR,North America,1993-PR,1992
Puerto Rico,PRI,1994,39690630000,PR,North America,1994-PR,1992
Puerto Rico,PRI,1995,42647331000,PR,North America,1995-PR,1992
Puerto Rico,PRI,1996,45340835000,PR,North America,1996-PR,1996
Puerto Rico,PRI,1997,48187039000,PR,North America,1997-PR,1996
Puerto Rico,PRI,1998,54086400000,PR,North America,1998-PR,1996
Puerto Rico,PRI,1999,57841000000,PR,North America,1999-PR,1996
Puerto Rico,PRI,2000,61701800000,PR,North America,2000-PR,2000
Puerto Rico,PRI,2001,69208400000,PR,North America,2001-PR,2000
Puerto Rico,PRI,2002,71623500000,PR,North America,2002-PR,2000
Puerto Rico,PRI,2003,74827400000,PR,North America,2003-PR,2000
Puerto Rico,PRI,2004,80322313000,PR,North America,2004-PR,2004
Puerto Rico,PRI,2005,83914521300,PR,North America,2005-PR,2004
Puerto Rico,PRI,2006,87276164400,PR,North America,2006-PR,2004
Puerto Rico,PRI,2007,89524131600,PR,North America,2007-PR,2004
Puerto Rico,PRI,2008,93639300000,PR,North America,2008-PR,2008
Puerto Rico,PRI,2009,96385600000,PR,North America,2009-PR,2008
Puerto Rico,PRI,2010,98381300000,PR,North America,2010-PR,2008
Puerto Rico,PRI,2011,1.00352E+11,PR,North America,2011-PR,2008
Puerto Rico,PRI,2012,1.01565E+11,PR,North America,2012-PR,2012
Puerto Rico,PRI,2013,1.0245E+11,PR,North America,2013-PR,2012
Puerto Rico,PRI,2014,1.02446E+11,PR,North America,2014-PR,2012
Puerto Rico,PRI,2015,1.03376E+11,PR,North America,2015-PR,2012
Puerto Rico,PRI,2016,1.04337E+11,PR,North America,2016-PR,2016
Puerto Rico,PRI,2017,1.03446E+11,PR,North America,2017-PR,2016
Puerto Rico,PRI,2018,1.00958E+11,PR,North America,2018-PR,2016
Puerto Rico,PRI,2019,1.05126E+11,PR,North America,2019-PR,2016
Puerto Rico,PRI,2020,1.03131E+11,PR,North America,2020-PR,2020
Puerto Rico,PRI,2021,1.06427E+11,PR,North America,2021-PR,2020
Puerto Rico,PRI,2022,1.13567E+11,PR,North America,2022-PR,2020
Puerto Rico,PRI,2023,1.17902E+11,PR,North America,2023-PR,2020
Qatar,QAT,1970,301791301.79130393,QA,Middle East,1970-QA,1968
Qatar,QAT,1971,387703105.52125406,QA,Middle East,1971-QA,1968
Qatar,QAT,1972,510262500.1767018,QA,Middle East,1972-QA,1972
Qatar,QAT,1973,793885560,QA,Middle East,1973-QA,1972
Qatar,QAT,1974,2401403227.4408545,QA,Middle East,1974-QA,1972
Qatar,QAT,1975,2512773165.811741,QA,Middle East,1975-QA,1972
Qatar,QAT,1976,3284273987,QA,Middle East,1976-QA,1976
Qatar,QAT,1977,3617564637.888648,QA,Middle East,1977-QA,1976
Qatar,QAT,1978,4052000412.700869,QA,Middle East,1978-QA,1976
Qatar,QAT,1979,5632962996.8264065,QA,Middle East,1979-QA,1976
Qatar,QAT,1980,7829165261.813985,QA,Middle East,1980-QA,1980
Qatar,QAT,1981,8661263764,QA,Middle East,1981-QA,1980
Qatar,QAT,1982,7596703214.285741,QA,Middle East,1982-QA,1980
Qatar,QAT,1983,6467582307.692307,QA,Middle East,1983-QA,1980
Qatar,QAT,1984,6704395824.175824,QA,Middle East,1984-QA,1984
Qatar,QAT,1985,6153296456.043956,QA,Middle East,1985-QA,1984
Qatar,QAT,1986,5053021951,QA,Middle East,1986-QA,1984
Qatar,QAT,1987,5446428681.318681,QA,Middle East,1987-QA,1984
Qatar,QAT,1988,6038187032.967032,QA,Middle East,1988-QA,1988
Qatar,QAT,1989,6487912087.912087,QA,Middle East,1989-QA,1988
Qatar,QAT,1990,7360439423.076922,QA,Middle East,1990-QA,1988
Qatar,QAT,1991,6883516483.516483,QA,Middle East,1991-QA,1988
Qatar,QAT,1992,7646153983.516483,QA,Middle East,1992-QA,1992
Qatar,QAT,1993,7156593653.846153,QA,Middle East,1993-QA,1992
Qatar,QAT,1994,7374450769.230769,QA,Middle East,1994-QA,1992
Qatar,QAT,1995,8137911978.021977,QA,Middle East,1995-QA,1992
Qatar,QAT,1996,9059340384.615385,QA,Middle East,1996-QA,1996
Qatar,QAT,1997,11297802115.384615,QA,Middle East,1997-QA,1996
Qatar,QAT,1998,10255495027.472527,QA,Middle East,1998-QA,1996
Qatar,QAT,1999,12393131868.131868,QA,Middle East,1999-QA,1996
Qatar,QAT,2000,17759890109.89011,QA,Middle East,2000-QA,2000
Qatar,QAT,2001,17538461538.461536,QA,Middle East,2001-QA,2000
Qatar,QAT,2002,19363736263.736263,QA,Middle East,2002-QA,2000
Qatar,QAT,2003,23533791208.791206,QA,Middle East,2003-QA,2000
Qatar,QAT,2004,31734065934.065933,QA,Middle East,2004-QA,2004
Qatar,QAT,2005,44530494505.49451,QA,Middle East,2005-QA,2004
Qatar,QAT,2006,60882142857.14285,QA,Middle East,2006-QA,2004
Qatar,QAT,2007,79712087912,QA,Middle East,2007-QA,2004
Qatar,QAT,2008,115270054945.05495,QA,Middle East,2008-QA,2008
Qatar,QAT,2009,97798351648.35164,QA,Middle East,2009-QA,2008
Qatar,QAT,2010,125122306346.15384,QA,Middle East,2010-QA,2008
Qatar,QAT,2011,167775268626.37363,QA,Middle East,2011-QA,2008
Qatar,QAT,2012,186833502362.63736,QA,Middle East,2012-QA,2012
Qatar,QAT,2013,198727642967.03296,QA,Middle East,2013-QA,2012
Qatar,QAT,2014,206224598571.42856,QA,Middle East,2014-QA,2012
Qatar,QAT,2015,161739955576.92307,QA,Middle East,2015-QA,2012
Qatar,QAT,2016,151732181868.13187,QA,Middle East,2016-QA,2016
Qatar,QAT,2017,161099122225.27472,QA,Middle East,2017-QA,2016
Qatar,QAT,2018,183334953818.6813,QA,Middle East,2018-QA,2016
Qatar,QAT,2019,176371267692.30768,QA,Middle East,2019-QA,2016
Qatar,QAT,2020,144411363351.64835,QA,Middle East,2020-QA,2020
Qatar,QAT,2021,179732009560.43954,QA,Middle East,2021-QA,2020
Qatar,QAT,2022,2.3577E+11,QA,Middle East,2022-QA,2020
Romania,ROU,1987,38067567567.567566,RO,Europe,1987-RO,1984
Romania,ROU,1988,40424528301.886795,RO,Europe,1988-RO,1988
Romania,ROU,1989,41450777202.07254,RO,Europe,1989-RO,1988
Romania,ROU,1990,38247882300.49041,RO,Europe,1990-RO,1988
Romania,ROU,1991,28850634899.856003,RO,Europe,1991-RO,1988
Romania,ROU,1992,25121666666.666668,RO,Europe,1992-RO,1992
Romania,ROU,1993,26361160449.970394,RO,Europe,1993-RO,1992
Romania,ROU,1994,30072805104.25415,RO,Europe,1994-RO,1992
Romania,ROU,1995,37430162102.612526,RO,Europe,1995-RO,1992
Romania,ROU,1996,36937074278.300354,RO,Europe,1996-RO,1996
Romania,ROU,1997,35575214078.24284,RO,Europe,1997-RO,1996
Romania,ROU,1998,41696091973.707634,RO,Europe,1998-RO,1996
Romania,ROU,1999,35953156753.73903,RO,Europe,1999-RO,1996
Romania,ROU,2000,37253739511.12733,RO,Europe,2000-RO,2000
Romania,ROU,2001,40395116581.48316,RO,Europe,2001-RO,2000
Romania,ROU,2002,46065502702.581696,RO,Europe,2002-RO,2000
Romania,ROU,2003,57806384143.16596,RO,Europe,2003-RO,2000
Romania,ROU,2004,74973656851.80765,RO,Europe,2004-RO,2004
Romania,ROU,2005,98454380120.07607,RO,Europe,2005-RO,2004
Romania,ROU,2006,122023735992.70625,RO,Europe,2006-RO,2004
Romania,ROU,2007,1.74589E+11,RO,Europe,2007-RO,2004
Romania,ROU,2008,214317202478.26596,RO,Europe,2008-RO,2008
Romania,ROU,2009,174102268534.83966,RO,Europe,2009-RO,2008
Romania,ROU,2010,170029359010.66742,RO,Europe,2010-RO,2008
Romania,ROU,2011,192613579705.88544,RO,Europe,2011-RO,2008
Romania,ROU,2012,179132893143.41733,RO,Europe,2012-RO,2012
Romania,ROU,2013,189789258566.2443,RO,Europe,2013-RO,2012
Romania,ROU,2014,199713780259.3176,RO,Europe,2014-RO,2012
Romania,ROU,2015,177883883008.74738,RO,Europe,2015-RO,2012
Romania,ROU,2016,185287630540.43143,RO,Europe,2016-RO,2016
Romania,ROU,2017,210147163769.8483,RO,Europe,2017-RO,2016
Romania,ROU,2018,243316029944.05597,RO,Europe,2018-RO,2016
Romania,ROU,2019,2.51018E+11,RO,Europe,2019-RO,2016
Romania,ROU,2020,251362514349.69714,RO,Europe,2020-RO,2020
Romania,ROU,2021,285810244501.93335,RO,Europe,2021-RO,2020
Romania,ROU,2022,298891515898.0265,RO,Europe,2022-RO,2020
Romania,ROU,2023,351002579629.6701,RO,Europe,2023-RO,2020
Russian Federation,RUS,1988,5.54829E+11,RU,Europe,1988-RU,1988
Russian Federation,RUS,1989,5.06631E+11,RU,Europe,1989-RU,1988
Russian Federation,RUS,1990,517014446227.9294,RU,Europe,1990-RU,1988
Russian Federation,RUS,1991,517962962962.96295,RU,Europe,1991-RU,1988
Russian Federation,RUS,1992,460290556900.7264,RU,Europe,1992-RU,1992
Russian Federation,RUS,1993,435083713850.83716,RU,Europe,1993-RU,1992
Russian Federation,RUS,1994,395077301248.4637,RU,Europe,1994-RU,1992
Russian Federation,RUS,1995,395537185734.8544,RU,Europe,1995-RU,1992
Russian Federation,RUS,1996,391724890744.49817,RU,Europe,1996-RU,1996
Russian Federation,RUS,1997,404928954191.87555,RU,Europe,1997-RU,1996
Russian Federation,RUS,1998,270955486862.44205,RU,Europe,1998-RU,1996
Russian Federation,RUS,1999,195907128350.9342,RU,Europe,1999-RU,1996
Russian Federation,RUS,2000,259710142196.94278,RU,Europe,2000-RU,2000
Russian Federation,RUS,2001,306602070620.5005,RU,Europe,2001-RU,2000
Russian Federation,RUS,2002,345470494417.8628,RU,Europe,2002-RU,2000
Russian Federation,RUS,2003,430347420184.88513,RU,Europe,2003-RU,2000
Russian Federation,RUS,2004,591016690732.3846,RU,Europe,2004-RU,2004
Russian Federation,RUS,2005,764015973481.1102,RU,Europe,2005-RU,2004
Russian Federation,RUS,2006,989932071352.5431,RU,Europe,2006-RU,2004
Russian Federation,RUS,2007,1299703478481.653,RU,Europe,2007-RU,2004
Russian Federation,RUS,2008,1660848058303.1138,RU,Europe,2008-RU,2008
Russian Federation,RUS,2009,1222645900055.6956,RU,Europe,2009-RU,2008
Russian Federation,RUS,2010,1524916715223.946,RU,Europe,2010-RU,2008
Russian Federation,RUS,2011,2045922753398.036,RU,Europe,2011-RU,2008
Russian Federation,RUS,2012,2208293553878.4243,RU,Europe,2012-RU,2012
Russian Federation,RUS,2013,2292470078346.2236,RU,Europe,2013-RU,2012
Russian Federation,RUS,2014,2059241589895.015,RU,Europe,2014-RU,2012
Russian Federation,RUS,2015,1363482182197.7053,RU,Europe,2015-RU,2012
Russian Federation,RUS,2016,1276786350881.137,RU,Europe,2016-RU,2016
Russian Federation,RUS,2017,1574199360089.0022,RU,Europe,2017-RU,2016
Russian Federation,RUS,2018,1657328773461.3062,RU,Europe,2018-RU,2016
Russian Federation,RUS,2019,1693115002708.3157,RU,Europe,2019-RU,2016
Russian Federation,RUS,2020,1493075894362.1426,RU,Europe,2020-RU,2020
Russian Federation,RUS,2021,1843392293734.3777,RU,Europe,2021-RU,2020
Russian Federation,RUS,2022,2266029240645.338,RU,Europe,2022-RU,2020
Russian Federation,RUS,2023,2021421476035.417,RU,Europe,2023-RU,2020
Rwanda,RWA,1960,119000024,RW,Africa,1960-RW,1960
Rwanda,RWA,1961,122000016,RW,Africa,1961-RW,1960
Rwanda,RWA,1962,125000008,RW,Africa,1962-RW,1960
Rwanda,RWA,1963,128000000,RW,Africa,1963-RW,1960
Rwanda,RWA,1964,129999994,RW,Africa,1964-RW,1964
Rwanda,RWA,1965,148799980,RW,Africa,1965-RW,1964
Rwanda,RWA,1966,124525702.85714285,RW,Africa,1966-RW,1964
Rwanda,RWA,1967,159560018,RW,Africa,1967-RW,1964
Rwanda,RWA,1968,172200018,RW,Africa,1968-RW,1968
Rwanda,RWA,1969,188700037,RW,Africa,1969-RW,1968
Rwanda,RWA,1970,219900006,RW,Africa,1970-RW,1968
Rwanda,RWA,1971,222952504.4060701,RW,Africa,1971-RW,1968
Rwanda,RWA,1972,246457838.33668095,RW,Africa,1972-RW,1972
Rwanda,RWA,1973,290746157.14592123,RW,Africa,1973-RW,1972
Rwanda,RWA,1974,308458423.18385434,RW,Africa,1974-RW,1972
Rwanda,RWA,1975,571863500.2486583,RW,Africa,1975-RW,1972
Rwanda,RWA,1976,637753853.1255201,RW,Africa,1976-RW,1976
Rwanda,RWA,1977,746650613.0347943,RW,Africa,1977-RW,1976
Rwanda,RWA,1978,905709076.4230299,RW,Africa,1978-RW,1976
Rwanda,RWA,1979,1109346130.9526522,RW,Africa,1979-RW,1976
Rwanda,RWA,1980,1254765641.5211585,RW,Africa,1980-RW,1980
Rwanda,RWA,1981,1407062526.9152055,RW,Africa,1981-RW,1980
Rwanda,RWA,1982,1407243139.254498,RW,Africa,1982-RW,1980
Rwanda,RWA,1983,1479687586.942922,RW,Africa,1983-RW,1980
Rwanda,RWA,1984,1587413083.9205956,RW,Africa,1984-RW,1984
Rwanda,RWA,1985,1715626330.5947235,RW,Africa,1985-RW,1984
Rwanda,RWA,1986,1944710683.8714795,RW,Africa,1986-RW,1984
Rwanda,RWA,1987,2157432667.6159835,RW,Africa,1987-RW,1984
Rwanda,RWA,1988,2395492686.781655,RW,Africa,1988-RW,1988
Rwanda,RWA,1989,2405022593.0516543,RW,Africa,1989-RW,1988
Rwanda,RWA,1990,2550185679.0810885,RW,Africa,1990-RW,1988
Rwanda,RWA,1991,1911600236.6746132,RW,Africa,1991-RW,1988
Rwanda,RWA,1992,2029026961.558941,RW,Africa,1992-RW,1992
Rwanda,RWA,1993,1971525711.8351052,RW,Africa,1993-RW,1992
Rwanda,RWA,1994,753636370.4545455,RW,Africa,1994-RW,1992
Rwanda,RWA,1995,1293535193.4924753,RW,Africa,1995-RW,1992
Rwanda,RWA,1996,1382334879.408122,RW,Africa,1996-RW,1996
Rwanda,RWA,1997,1851558197.3108816,RW,Africa,1997-RW,1996
Rwanda,RWA,1998,1989343546.1759439,RW,Africa,1998-RW,1996
Rwanda,RWA,1999,2157108766.5249557,RW,Africa,1999-RW,1996
Rwanda,RWA,2000,2068837212.166811,RW,Africa,2000-RW,2000
Rwanda,RWA,2001,1966600292.2401066,RW,Africa,2001-RW,2000
Rwanda,RWA,2002,1966004242.632822,RW,Africa,2002-RW,2000
Rwanda,RWA,2003,2138237345.5096672,RW,Africa,2003-RW,2000
Rwanda,RWA,2004,2376495586.6232343,RW,Africa,2004-RW,2004
Rwanda,RWA,2005,2933819820.136366,RW,Africa,2005-RW,2004
Rwanda,RWA,2006,3319783951.831242,RW,Africa,2006-RW,2004
Rwanda,RWA,2007,4070508542.7503176,RW,Africa,2007-RW,2004
Rwanda,RWA,2008,5179853220.826894,RW,Africa,2008-RW,2008
Rwanda,RWA,2009,5674476707.222286,RW,Africa,2009-RW,2008
Rwanda,RWA,2010,6124756894.206773,RW,Africa,2010-RW,2008
Rwanda,RWA,2011,6884912956.964483,RW,Africa,2011-RW,2008
Rwanda,RWA,2012,7654762344.677663,RW,Africa,2012-RW,2012
Rwanda,RWA,2013,7819963627.141081,RW,Africa,2013-RW,2012
Rwanda,RWA,2014,8238966247.180328,RW,Africa,2014-RW,2012
Rwanda,RWA,2015,8543759088.577828,RW,Africa,2015-RW,2012
Rwanda,RWA,2016,8695272095.385021,RW,Africa,2016-RW,2016
Rwanda,RWA,2017,9252834120.393581,RW,Africa,2017-RW,2016
Rwanda,RWA,2018,9637904553,RW,Africa,2018-RW,2016
Rwanda,RWA,2019,10349299855.840408,RW,Africa,2019-RW,2016
Rwanda,RWA,2020,10174387614.255817,RW,Africa,2020-RW,2020
Rwanda,RWA,2021,11069280277.00701,RW,Africa,2021-RW,2020
Rwanda,RWA,2022,13316160803.518715,RW,Africa,2022-RW,2020
Rwanda,RWA,2023,14097768647.66952,RW,Africa,2023-RW,2020
Samoa,WSM,1970,45208338.233541824,WS,Oceania,1970-WS,1968
Samoa,WSM,1971,53719568.74665379,WS,Oceania,1971-WS,1968
Samoa,WSM,1972,62566116.64819278,WS,Oceania,1972-WS,1972
Samoa,WSM,1973,82452986.08099513,WS,Oceania,1973-WS,1972
Samoa,WSM,1974,93549610.50219476,WS,Oceania,1974-WS,1972
Samoa,WSM,1975,93489282.07243158,WS,Oceania,1975-WS,1972
Samoa,WSM,1976,85003077.51714018,WS,Oceania,1976-WS,1976
Samoa,WSM,1977,98295670.51426357,WS,Oceania,1977-WS,1976
Samoa,WSM,1978,108223443.64192298,WS,Oceania,1978-WS,1976
Samoa,WSM,1979,122257392.61840475,WS,Oceania,1979-WS,1976
Samoa,WSM,1980,125747038.49257043,WS,Oceania,1980-WS,1980
Samoa,WSM,1981,118190654.37228411,WS,Oceania,1981-WS,1980
Samoa,WSM,1982,121221651.61931582,WS,Oceania,1982-WS,1980
Samoa,WSM,1983,111862823.57497902,WS,Oceania,1983-WS,1980
Samoa,WSM,1984,109200934.3285185,WS,Oceania,1984-WS,1984
Samoa,WSM,1985,95572172.98356567,WS,Oceania,1985-WS,1984
Samoa,WSM,1986,100947848.6447804,WS,Oceania,1986-WS,1984
Samoa,WSM,1987,111713922.14157791,WS,Oceania,1987-WS,1984
Samoa,WSM,1988,133016065.41606541,WS,Oceania,1988-WS,1988
Samoa,WSM,1989,122888609.71524288,WS,Oceania,1989-WS,1988
Samoa,WSM,1990,125766269.75535831,WS,Oceania,1990-WS,1988
Samoa,WSM,1991,125597205.42231491,WS,Oceania,1991-WS,1988
Samoa,WSM,1992,132303041.36253041,WS,Oceania,1992-WS,1992
Samoa,WSM,1993,133122897.19626167,WS,Oceania,1993-WS,1992
Samoa,WSM,1994,221098106.50887573,WS,Oceania,1994-WS,1992
Samoa,WSM,1995,224865731.38190347,WS,Oceania,1995-WS,1992
Samoa,WSM,1996,249907868.77242404,WS,Oceania,1996-WS,1996
Samoa,WSM,1997,285475591.89650965,WS,Oceania,1997-WS,1996
Samoa,WSM,1998,269485244.1551099,WS,Oceania,1998-WS,1996
Samoa,WSM,1999,255408060.2594861,WS,Oceania,1999-WS,1996
Samoa,WSM,2000,258856139.79848865,WS,Oceania,2000-WS,2000
Samoa,WSM,2001,266299591.47942805,WS,Oceania,2001-WS,2000
Samoa,WSM,2002,281790134.2119716,WS,Oceania,2002-WS,2000
Samoa,WSM,2003,333426188.4,WS,Oceania,2003-WS,2000
Samoa,WSM,2004,407747565.09695876,WS,Oceania,2004-WS,2004
Samoa,WSM,2005,476801793.15942883,WS,Oceania,2005-WS,2004
Samoa,WSM,2006,499923757.78073615,WS,Oceania,2006-WS,2004
Samoa,WSM,2007,573548459.8333715,WS,Oceania,2007-WS,2004
Samoa,WSM,2008,641346191.6647757,WS,Oceania,2008-WS,2008
Samoa,WSM,2009,628006115.4240516,WS,Oceania,2009-WS,2008
Samoa,WSM,2010,680260907.1539834,WS,Oceania,2010-WS,2008
Samoa,WSM,2011,744097050.1691153,WS,Oceania,2011-WS,2008
Samoa,WSM,2012,773141661.1655476,WS,Oceania,2012-WS,2012
Samoa,WSM,2013,797736334.2813052,WS,Oceania,2013-WS,2012
Samoa,WSM,2014,796683519.6,WS,Oceania,2014-WS,2012
Samoa,WSM,2015,824150498.6535364,WS,Oceania,2015-WS,2012
Samoa,WSM,2016,843924796.6974211,WS,Oceania,2016-WS,2016
Samoa,WSM,2017,884844384.4632136,WS,Oceania,2017-WS,2016
Samoa,WSM,2018,878448433.4043417,WS,Oceania,2018-WS,2016
Samoa,WSM,2019,912950466.0649056,WS,Oceania,2019-WS,2016
Samoa,WSM,2020,868898358.2664367,WS,Oceania,2020-WS,2020
Samoa,WSM,2021,843923638.7330176,WS,Oceania,2021-WS,2020
Samoa,WSM,2022,832945205.6371847,WS,Oceania,2022-WS,2020
Samoa,WSM,2023,934100336.2756538,WS,Oceania,2023-WS,2020
San Marino,SMR,1999,1109098657.5751119,SM,Europe,1999-SM,1996
San Marino,SMR,2000,1005159388.2439654,SM,Europe,2000-SM,2000
San Marino,SMR,2001,1077413479.0528233,SM,Europe,2001-SM,2000
San Marino,SMR,2002,1168269230.7692308,SM,Europe,2002-SM,2000
San Marino,SMR,2003,1464326160.815402,SM,Europe,2003-SM,2000
San Marino,SMR,2004,1723750000,SM,Europe,2004-SM,2004
San Marino,SMR,2005,1785847531.401567,SM,Europe,2005-SM,2004
San Marino,SMR,2006,1908167105.758374,SM,Europe,2006-SM,2004
San Marino,SMR,2007,2185874623.5970435,SM,Europe,2007-SM,2004
San Marino,SMR,2008,2393437820.418925,SM,Europe,2008-SM,2008
San Marino,SMR,2009,2056126701.8616283,SM,Europe,2009-SM,2008
San Marino,SMR,2010,1881191949.9899755,SM,Europe,2010-SM,2008
San Marino,SMR,2011,1813717694.5609193,SM,Europe,2011-SM,2008
San Marino,SMR,2012,1604701051.1653028,SM,Europe,2012-SM,2012
San Marino,SMR,2013,1678741201.5730956,SM,Europe,2013-SM,2012
San Marino,SMR,2014,1673910988,SM,Europe,2014-SM,2012
San Marino,SMR,2015,1419400403.8278778,SM,Europe,2015-SM,2012
San Marino,SMR,2016,1468342430.7393022,SM,Europe,2016-SM,2016
San Marino,SMR,2017,1528621195.4831986,SM,Europe,2017-SM,2016
San Marino,SMR,2018,1655354303.8699796,SM,Europe,2018-SM,2016
San Marino,SMR,2019,1616188702.3396394,SM,Europe,2019-SM,2016
San Marino,SMR,2020,1541247883.9935052,SM,Europe,2020-SM,2020
San Marino,SMR,2021,1855382833.1164992,SM,Europe,2021-SM,2020
Sao Tome and Principe,STP,1970,37211810.70001947,ST,Africa,1970-ST,1968
Sao Tome and Principe,STP,1971,37289066.262472495,ST,Africa,1971-ST,1968
Sao Tome and Principe,STP,1972,41430878.77977711,ST,Africa,1972-ST,1972
Sao Tome and Principe,STP,1973,56011606.011208646,ST,Africa,1973-ST,1972
Sao Tome and Principe,STP,1974,57817986.53632438,ST,Africa,1974-ST,1972
Sao Tome and Principe,STP,1975,60102309.36365383,ST,Africa,1975-ST,1972
Sao Tome and Principe,STP,1976,52039548.58664031,ST,Africa,1976-ST,1976
Sao Tome and Principe,STP,1977,49207781.81658768,ST,Africa,1977-ST,1976
Sao Tome and Principe,STP,1978,55044150.44783654,ST,Africa,1978-ST,1976
Sao Tome and Principe,STP,1979,65755141.77967509,ST,Africa,1979-ST,1976
Sao Tome and Principe,STP,1980,81663164.78,ST,Africa,1980-ST,1980
Sao Tome and Principe,STP,1981,83500282,ST,Africa,1981-ST,1980
Sao Tome and Principe,STP,1982,80306989.02583648,ST,Africa,1982-ST,1980
Sao Tome and Principe,STP,1983,75110646.10044716,ST,Africa,1983-ST,1980
Sao Tome and Principe,STP,1984,78213203.83951494,ST,Africa,1984-ST,1984
Sao Tome and Principe,STP,1985,82733794.11915322,ST,Africa,1985-ST,1984
Sao Tome and Principe,STP,1986,115928950.95673507,ST,Africa,1986-ST,1984
Sao Tome and Principe,STP,1987,115953392.30433194,ST,Africa,1987-ST,1984
Sao Tome and Principe,STP,1988,99001149.07228148,ST,Africa,1988-ST,1988
Sao Tome and Principe,STP,1989,98545367.42381768,ST,Africa,1989-ST,1988
Sao Tome and Principe,STP,1990,119297935.6785057,ST,Africa,1990-ST,1988
Sao Tome and Principe,STP,1991,107484142.71555996,ST,Africa,1991-ST,1988
Sao Tome and Principe,STP,1992,94861780.62283522,ST,Africa,1992-ST,1992
Sao Tome and Principe,STP,1993,125742228.75674066,ST,Africa,1993-ST,1992
Sao Tome and Principe,STP,1994,131338414.58420919,ST,Africa,1994-ST,1992
Sao Tome and Principe,STP,1995,103695236.78100063,ST,Africa,1995-ST,1992
Sao Tome and Principe,STP,1996,135188165.7470801,ST,Africa,1996-ST,1996
Sao Tome and Principe,STP,1997,91920274.24016574,ST,Africa,1997-ST,1996
Sao Tome and Principe,STP,1998,72285403.84234582,ST,Africa,1998-ST,1996
Sao Tome and Principe,STP,1999,77302211.92483507,ST,Africa,1999-ST,1996
Sao Tome and Principe,STP,2000,76198394.82,ST,Africa,2000-ST,2000
Sao Tome and Principe,STP,2001,75951133.37779482,ST,Africa,2001-ST,2000
Sao Tome and Principe,STP,2002,85171073.87774976,ST,Africa,2002-ST,2000
Sao Tome and Principe,STP,2003,102085769.12341939,ST,Africa,2003-ST,2000
Sao Tome and Principe,STP,2004,114582283.91638164,ST,Africa,2004-ST,2004
Sao Tome and Principe,STP,2005,136450662.39059213,ST,Africa,2005-ST,2004
Sao Tome and Principe,STP,2006,142775104.0816256,ST,Africa,2006-ST,2004
Sao Tome and Principe,STP,2007,149146918.88861105,ST,Africa,2007-ST,2004
Sao Tome and Principe,STP,2008,188021165,ST,Africa,2008-ST,2008
Sao Tome and Principe,STP,2009,200668065.03175008,ST,Africa,2009-ST,2008
Sao Tome and Principe,STP,2010,190021192.48953635,ST,Africa,2010-ST,2008
Sao Tome and Principe,STP,2011,226455001.24308294,ST,Africa,2011-ST,2008
Sao Tome and Principe,STP,2012,229371348.20260647,ST,Africa,2012-ST,2012
Sao Tome and Principe,STP,2013,267041747.58435395,ST,Africa,2013-ST,2012
Sao Tome and Principe,STP,2014,293119143.24682474,ST,Africa,2014-ST,2012
Sao Tome and Principe,STP,2015,259999643.04738805,ST,Africa,2015-ST,2012
Sao Tome and Principe,STP,2016,292267272.1969252,ST,Africa,2016-ST,2016
Sao Tome and Principe,STP,2017,322002845.2293353,ST,Africa,2017-ST,2016
Sao Tome and Principe,STP,2018,383717327.8305078,ST,Africa,2018-ST,2016
Sao Tome and Principe,STP,2019,412976064.5,ST,Africa,2019-ST,2016
Sao Tome and Principe,STP,2020,471229484.6071443,ST,Africa,2020-ST,2020
Sao Tome and Principe,STP,2021,524402450.75561225,ST,Africa,2021-ST,2020
Sao Tome and Principe,STP,2022,542686976.4575872,ST,Africa,2022-ST,2020
Sao Tome and Principe,STP,2023,603240748.9542067,ST,Africa,2023-ST,2020
Saudi Arabia,SAU,1960,1748124063.4706755,SA,Middle East,1960-SA,1960
Saudi Arabia,SAU,1961,1920811284.1344004,SA,Middle East,1961-SA,1960
Saudi Arabia,SAU,1962,2130606531.8180645,SA,Middle East,1962-SA,1960
Saudi Arabia,SAU,1963,2207393171,SA,Middle East,1963-SA,1960
Saudi Arabia,SAU,1964,2371808712.9101553,SA,Middle East,1964-SA,1964
Saudi Arabia,SAU,1965,2647955557.5556226,SA,Middle East,1965-SA,1964
Saudi Arabia,SAU,1966,2920555557.1798887,SA,Middle East,1966-SA,1964
Saudi Arabia,SAU,1967,3257022222.6375775,SA,Middle East,1967-SA,1964
Saudi Arabia,SAU,1968,4187777711.111111,SA,Middle East,1968-SA,1968
Saudi Arabia,SAU,1969,4485777644.444445,SA,Middle East,1969-SA,1968
Saudi Arabia,SAU,1970,5377333333.333333,SA,Middle East,1970-SA,1968
Saudi Arabia,SAU,1971,7184806909.289389,SA,Middle East,1971-SA,1968
Saudi Arabia,SAU,1972,9664267086.603231,SA,Middle East,1972-SA,1972
Saudi Arabia,SAU,1973,14947435499.322962,SA,Middle East,1973-SA,1972
Saudi Arabia,SAU,1974,45412957746.478874,SA,Middle East,1974-SA,1972
Saudi Arabia,SAU,1975,46773208642.68145,SA,Middle East,1975-SA,1972
Saudi Arabia,SAU,1976,64005665722.37961,SA,Middle East,1976-SA,1976
Saudi Arabia,SAU,1977,74188986586.06294,SA,Middle East,1977-SA,1976
Saudi Arabia,SAU,1978,80266516686.56139,SA,Middle East,1978-SA,1976
Saudi Arabia,SAU,1979,111858444786.22438,SA,Middle East,1979-SA,1976
Saudi Arabia,SAU,1980,164539660725.11786,SA,Middle East,1980-SA,1980
Saudi Arabia,SAU,1981,184291360138.68997,SA,Middle East,1981-SA,1980
Saudi Arabia,SAU,1982,153240313858.32272,SA,Middle East,1982-SA,1980
Saudi Arabia,SAU,1983,129171635311.14326,SA,Middle East,1983-SA,1980
Saudi Arabia,SAU,1984,119624858115.77753,SA,Middle East,1984-SA,1984
Saudi Arabia,SAU,1985,103897846493.64992,SA,Middle East,1985-SA,1984
Saudi Arabia,SAU,1986,86961922765.32541,SA,Middle East,1986-SA,1984
Saudi Arabia,SAU,1987,85695861148,SA,Middle East,1987-SA,1984
Saudi Arabia,SAU,1988,88256074766.35513,SA,Middle East,1988-SA,1988
Saudi Arabia,SAU,1989,95344459279.03871,SA,Middle East,1989-SA,1988
Saudi Arabia,SAU,1990,1.1763E+11,SA,Middle East,1990-SA,1988
Saudi Arabia,SAU,1991,132223230974.63284,SA,Middle East,1991-SA,1988
Saudi Arabia,SAU,1992,137087850467.28972,SA,Middle East,1992-SA,1992
Saudi Arabia,SAU,1993,132967957276.36848,SA,Middle East,1993-SA,1992
Saudi Arabia,SAU,1994,135174899866.48865,SA,Middle East,1994-SA,1992
Saudi Arabia,SAU,1995,143343124165.55408,SA,Middle East,1995-SA,1992
Saudi Arabia,SAU,1996,158662483311.08145,SA,Middle East,1996-SA,1996
Saudi Arabia,SAU,1997,165963684913.21762,SA,Middle East,1997-SA,1996
Saudi Arabia,SAU,1998,146775466666.66666,SA,Middle East,1998-SA,1996
Saudi Arabia,SAU,1999,161717066666.66666,SA,Middle East,1999-SA,1996
Saudi Arabia,SAU,2000,189514933333.33334,SA,Middle East,2000-SA,2000
Saudi Arabia,SAU,2001,1.84138E+11,SA,Middle East,2001-SA,2000
Saudi Arabia,SAU,2002,189605866666.66666,SA,Middle East,2002-SA,2000
Saudi Arabia,SAU,2003,215807733333.33334,SA,Middle East,2003-SA,2000
Saudi Arabia,SAU,2004,258742133333.33334,SA,Middle East,2004-SA,2004
Saudi Arabia,SAU,2005,328459608764.1109,SA,Middle East,2005-SA,2004
Saudi Arabia,SAU,2006,376900133511.34845,SA,Middle East,2006-SA,2004
Saudi Arabia,SAU,2007,415964509673.1154,SA,Middle East,2007-SA,2004
Saudi Arabia,SAU,2008,5.19797E+11,SA,Middle East,2008-SA,2008
Saudi Arabia,SAU,2009,429097866666.6667,SA,Middle East,2009-SA,2008
Saudi Arabia,SAU,2010,5.28207E+11,SA,Middle East,2010-SA,2008
Saudi Arabia,SAU,2011,676634666666.6666,SA,Middle East,2011-SA,2008
Saudi Arabia,SAU,2012,741849866666.6666,SA,Middle East,2012-SA,2012
Saudi Arabia,SAU,2013,753864533333.3334,SA,Middle East,2013-SA,2012
Saudi Arabia,SAU,2014,766605866666.6666,SA,Middle East,2014-SA,2012
Saudi Arabia,SAU,2015,669484266666.6666,SA,Middle East,2015-SA,2012
Saudi Arabia,SAU,2016,6.66E+11,SA,Middle East,2016-SA,2016
Saudi Arabia,SAU,2017,714994666666.6666,SA,Middle East,2017-SA,2016
Saudi Arabia,SAU,2018,846583733333.3334,SA,Middle East,2018-SA,2016
Saudi Arabia,SAU,2019,8.38565E+11,SA,Middle East,2019-SA,2016
Saudi Arabia,SAU,2020,7.34271E+11,SA,Middle East,2020-SA,2020
Saudi Arabia,SAU,2021,8.74156E+11,SA,Middle East,2021-SA,2020
Saudi Arabia,SAU,2022,1108571466666.6667,SA,Middle East,2022-SA,2020
Saudi Arabia,SAU,2023,1067582933333.3334,SA,Middle East,2023-SA,2020
Senegal,SEN,1960,1003692370.4686906,SN,Africa,1960-SN,1960
Senegal,SEN,1961,1058975256.9702512,SN,Africa,1961-SN,1960
Senegal,SEN,1962,1085475790.5911205,SN,Africa,1962-SN,1960
Senegal,SEN,1963,1122139861.678048,SN,Africa,1963-SN,1960
Senegal,SEN,1964,1188930645.3442326,SN,Africa,1964-SN,1964
Senegal,SEN,1965,1210058228.171121,SN,Africa,1965-SN,1964
Senegal,SEN,1966,1246908185.9634266,SN,Africa,1966-SN,1964
Senegal,SEN,1967,1246480765.9798436,SN,Africa,1967-SN,1964
Senegal,SEN,1968,1309384861.922193,SN,Africa,1968-SN,1968
Senegal,SEN,1969,1245234931.4323332,SN,Africa,1969-SN,1968
Senegal,SEN,1970,1297407654.9283156,SN,Africa,1970-SN,1968
Senegal,SEN,1971,1339549032.8378246,SN,Africa,1971-SN,1968
Senegal,SEN,1972,1620857103.5349233,SN,Africa,1972-SN,1972
Senegal,SEN,1973,1863398590.4555988,SN,Africa,1973-SN,1972
Senegal,SEN,1974,2099325228.956507,SN,Africa,1974-SN,1972
Senegal,SEN,1975,2830388404.8976984,SN,Africa,1975-SN,1972
Senegal,SEN,1976,2869777884.451664,SN,Africa,1976-SN,1976
Senegal,SEN,1977,2938046462.7097964,SN,Africa,1977-SN,1976
Senegal,SEN,1978,3280354920.851601,SN,Africa,1978-SN,1976
Senegal,SEN,1979,4084877822.916788,SN,Africa,1979-SN,1976
Senegal,SEN,1980,4510108290.695709,SN,Africa,1980-SN,1980
Senegal,SEN,1981,4095892780.5828943,SN,Africa,1981-SN,1980
Senegal,SEN,1982,4013951442.6708126,SN,Africa,1982-SN,1980
Senegal,SEN,1983,3569356124.9315853,SN,Africa,1983-SN,1980
Senegal,SEN,1984,3485165431.713542,SN,Africa,1984-SN,1984
Senegal,SEN,1985,3818944917.567131,SN,Africa,1985-SN,1984
Senegal,SEN,1986,5392093445.510533,SN,Africa,1986-SN,1984
Senegal,SEN,1987,6487353102.814825,SN,Africa,1987-SN,1984
Senegal,SEN,1988,6418419388.634989,SN,Africa,1988-SN,1988
Senegal,SEN,1989,6366039372.536825,SN,Africa,1989-SN,1988
Senegal,SEN,1990,7390967360.421208,SN,Africa,1990-SN,1988
Senegal,SEN,1991,7255210469.517427,SN,Africa,1991-SN,1988
Senegal,SEN,1992,7769817839.956441,SN,Africa,1992-SN,1992
Senegal,SEN,1993,7367986241.218689,SN,Africa,1993-SN,1992
Senegal,SEN,1994,5034588195.558058,SN,Africa,1994-SN,1992
Senegal,SEN,1995,6326342633.403396,SN,Africa,1995-SN,1992
Senegal,SEN,1996,6559712166,SN,Africa,1996-SN,1996
Senegal,SEN,1997,6041478725.904432,SN,Africa,1997-SN,1996
Senegal,SEN,1998,6505607909.053245,SN,Africa,1998-SN,1996
Senegal,SEN,1999,6592834932.808764,SN,Africa,1999-SN,1996
Senegal,SEN,2000,6013185003.975251,SN,Africa,2000-SN,2000
Senegal,SEN,2001,6507824829.262536,SN,Africa,2001-SN,2000
Senegal,SEN,2002,7006402319.758565,SN,Africa,2002-SN,2000
Senegal,SEN,2003,8768721563.182106,SN,Africa,2003-SN,2000
Senegal,SEN,2004,10076816666.619638,SN,Africa,2004-SN,2004
Senegal,SEN,2005,11009033437.93904,SN,Africa,2005-SN,2004
Senegal,SEN,2006,11697918243.00349,SN,Africa,2006-SN,2004
Senegal,SEN,2007,13994218412.961872,SN,Africa,2007-SN,2004
Senegal,SEN,2008,16853989627.548038,SN,Africa,2008-SN,2008
Senegal,SEN,2009,16145867494.940493,SN,Africa,2009-SN,2008
Senegal,SEN,2010,16121315909.07576,SN,Africa,2010-SN,2008
Senegal,SEN,2011,17814283639.311874,SN,Africa,2011-SN,2008
Senegal,SEN,2012,17660870411.523518,SN,Africa,2012-SN,2012
Senegal,SEN,2013,18918667724.881683,SN,Africa,2013-SN,2012
Senegal,SEN,2014,19797253440.267914,SN,Africa,2014-SN,2012
Senegal,SEN,2015,17774766696.175896,SN,Africa,2015-SN,2012
Senegal,SEN,2016,19040312333.186382,SN,Africa,2016-SN,2016
Senegal,SEN,2017,20996562943.59792,SN,Africa,2017-SN,2016
Senegal,SEN,2018,23116701556.138107,SN,Africa,2018-SN,2016
Senegal,SEN,2019,23403995992.135414,SN,Africa,2019-SN,2016
Senegal,SEN,2020,24530513037.751846,SN,Africa,2020-SN,2020
Senegal,SEN,2021,27520784129.750805,SN,Africa,2021-SN,2020
Senegal,SEN,2022,27619479059.613056,SN,Africa,2022-SN,2020
Senegal,SEN,2023,31013986429.186058,SN,Africa,2023-SN,2020
Serbia,SRB,1993,19374911220,RS,Europe,1993-RS,1992
Serbia,SRB,1994,20302145339.40169,RS,Europe,1994-RS,1992
Serbia,SRB,1995,16832598870.056498,RS,Europe,1995-RS,1992
Serbia,SRB,1996,21818007448.78957,RS,Europe,1996-RS,1996
Serbia,SRB,1997,25676487999.594067,RS,Europe,1997-RS,1996
Serbia,SRB,1998,19457979423.376003,RS,Europe,1998-RS,1996
Serbia,SRB,1999,19388663551.001156,RS,Europe,1999-RS,1996
Serbia,SRB,2000,6875845986.521209,RS,Europe,2000-RS,2000
Serbia,SRB,2001,12960546471.378193,RS,Europe,2001-RS,2000
Serbia,SRB,2002,17120906918.350328,RS,Europe,2002-RS,2000
Serbia,SRB,2003,22482365321.765587,RS,Europe,2003-RS,2000
Serbia,SRB,2004,26141968161.092403,RS,Europe,2004-RS,2004
Serbia,SRB,2005,27683225959.24681,RS,Europe,2005-RS,2004
Serbia,SRB,2006,32482070360.32038,RS,Europe,2006-RS,2004
Serbia,SRB,2007,43170990616.47292,RS,Europe,2007-RS,2004
Serbia,SRB,2008,52194221468.500725,RS,Europe,2008-RS,2008
Serbia,SRB,2009,45162894381,RS,Europe,2009-RS,2008
Serbia,SRB,2010,41819468691.82505,RS,Europe,2010-RS,2008
Serbia,SRB,2011,49258136128.967155,RS,Europe,2011-RS,2008
Serbia,SRB,2012,43309252921.05673,RS,Europe,2012-RS,2012
Serbia,SRB,2013,48394239474.67616,RS,Europe,2013-RS,2012
Serbia,SRB,2014,47062202418.88643,RS,Europe,2014-RS,2012
Serbia,SRB,2015,39655949731.381615,RS,Europe,2015-RS,2012
Serbia,SRB,2016,40692661657,RS,Europe,2016-RS,2016
Serbia,SRB,2017,44179075778.92674,RS,Europe,2017-RS,2016
Serbia,SRB,2018,50640662859.498726,RS,Europe,2018-RS,2016
Serbia,SRB,2019,51514242938.67344,RS,Europe,2019-RS,2016
Serbia,SRB,2020,53356484591.43781,RS,Europe,2020-RS,2020
Serbia,SRB,2021,63101042897.70703,RS,Europe,2021-RS,2020
Serbia,SRB,2022,63563410720.70927,RS,Europe,2022-RS,2020
Serbia,SRB,2023,75187125426.73755,RS,Europe,2023-RS,2020
Seychelles,SYC,1960,12012024.62465048,SC,Africa,1960-SC,1960
Seychelles,SYC,1961,11592023.763648715,SC,Africa,1961-SC,1960
Seychelles,SYC,1962,12642025.916153127,SC,Africa,1962-SC,1960
Seychelles,SYC,1963,13923028.542208511,SC,Africa,1963-SC,1960
Seychelles,SYC,1964,15393031.55571469,SC,Africa,1964-SC,1964
Seychelles,SYC,1965,15603031.986215571,SC,Africa,1965-SC,1964
Seychelles,SYC,1966,16443033.708219102,SC,Africa,1966-SC,1964
Seychelles,SYC,1967,16632032.13399743,SC,Africa,1967-SC,1964
Seychelles,SYC,1968,16074027.647327555,SC,Africa,1968-SC,1968
Seychelles,SYC,1969,16452028.297488673,SC,Africa,1969-SC,1968
Seychelles,SYC,1970,18432031.70309453,SC,Africa,1970-SC,1968
Seychelles,SYC,1971,21965950.771114245,SC,Africa,1971-SC,1968
Seychelles,SYC,1972,30645122.920472723,SC,Africa,1972-SC,1972
Seychelles,SYC,1973,36896280.47641036,SC,Africa,1973-SC,1972
Seychelles,SYC,1974,43134496.164536715,SC,Africa,1974-SC,1972
Seychelles,SYC,1975,47803145.948098496,SC,Africa,1975-SC,1972
Seychelles,SYC,1976,49278981.755070135,SC,Africa,1976-SC,1976
Seychelles,SYC,1977,64526401.463854425,SC,Africa,1977-SC,1976
Seychelles,SYC,1978,85552365.80051368,SC,Africa,1978-SC,1976
Seychelles,SYC,1979,127261099.22386363,SC,Africa,1979-SC,1976
Seychelles,SYC,1980,156783829.54028115,SC,Africa,1980-SC,1980
Seychelles,SYC,1981,163750728.2113406,SC,Africa,1981-SC,1980
Seychelles,SYC,1982,157211789.70543036,SC,Africa,1982-SC,1980
Seychelles,SYC,1983,156098236.95756954,SC,Africa,1983-SC,1980
Seychelles,SYC,1984,160992921.00134483,SC,Africa,1984-SC,1984
Seychelles,SYC,1985,179691482.68100184,SC,Africa,1985-SC,1984
Seychelles,SYC,1986,221147061.3483504,SC,Africa,1986-SC,1984
Seychelles,SYC,1987,265212956.9029187,SC,Africa,1987-SC,1984
Seychelles,SYC,1988,301985618.1115606,SC,Africa,1988-SC,1988
Seychelles,SYC,1989,324333366.4563774,SC,Africa,1989-SC,1988
Seychelles,SYC,1990,392163560.8799116,SC,Africa,1990-SC,1988
Seychelles,SYC,1991,398307169.86040515,SC,Africa,1991-SC,1988
Seychelles,SYC,1992,461409398.8558933,SC,Africa,1992-SC,1992
Seychelles,SYC,1993,504230620.5518714,SC,Africa,1993-SC,1992
Seychelles,SYC,1994,517570058.1510345,SC,Africa,1994-SC,1992
Seychelles,SYC,1995,540733047.7330477,SC,Africa,1995-SC,1992
Seychelles,SYC,1996,535250347.0894787,SC,Africa,1996-SC,1996
Seychelles,SYC,1997,598966982.3501863,SC,Africa,1997-SC,1996
Seychelles,SYC,1998,647287375.7625283,SC,Africa,1998-SC,1996
Seychelles,SYC,1999,662838614.8806738,SC,Africa,1999-SC,1996
Seychelles,SYC,2000,654212394.2716402,SC,Africa,2000-SC,2000
Seychelles,SYC,2001,662064155.9206917,SC,Africa,2001-SC,2000
Seychelles,SYC,2002,742134837.5091902,SC,Africa,2002-SC,2000
Seychelles,SYC,2003,750847230.0992627,SC,Africa,2003-SC,2000
Seychelles,SYC,2004,893012218.1818181,SC,Africa,2004-SC,2004
Seychelles,SYC,2005,977899381.8181819,SC,Africa,2005-SC,2004
Seychelles,SYC,2006,1081441283.3179822,SC,Africa,2006-SC,2004
Seychelles,SYC,2007,1077308813.829454,SC,Africa,2007-SC,2004
Seychelles,SYC,2008,979597394.2934532,SC,Africa,2008-SC,2008
Seychelles,SYC,2009,850901620.4,SC,Africa,2009-SC,2008
Seychelles,SYC,2010,981616542.3284543,SC,Africa,2010-SC,2008
Seychelles,SYC,2011,1058918707.2612364,SC,Africa,2011-SC,2008
Seychelles,SYC,2012,1089407839.1970947,SC,Africa,2012-SC,2012
Seychelles,SYC,2013,1333160407.3851607,SC,Africa,2013-SC,2012
Seychelles,SYC,2014,1387577870.0816104,SC,Africa,2014-SC,2012
Seychelles,SYC,2015,1432403352.1294434,SC,Africa,2015-SC,2012
Seychelles,SYC,2016,1568513348.1446254,SC,Africa,2016-SC,2016
Seychelles,SYC,2017,1675370641.0141618,SC,Africa,2017-SC,2016
Seychelles,SYC,2018,1784313926.768066,SC,Africa,2018-SC,2016
Seychelles,SYC,2019,1868690096.7345412,SC,Africa,2019-SC,2016
Seychelles,SYC,2020,1382551751.5690813,SC,Africa,2020-SC,2020
Seychelles,SYC,2021,1487173794.8052788,SC,Africa,2021-SC,2020
Seychelles,SYC,2022,2057968519.830909,SC,Africa,2022-SC,2020
Seychelles,SYC,2023,2141450171.1393213,SC,Africa,2023-SC,2020
Sierra Leone,SLE,1960,322151470.5882353,SL,Africa,1960-SL,1960
Sierra Leone,SLE,1961,327979248.36601305,SL,Africa,1961-SL,1960
Sierra Leone,SLE,1962,342872712.4183006,SL,Africa,1962-SL,1960
Sierra Leone,SLE,1963,348700653.5947712,SL,Africa,1963-SL,1960
Sierra Leone,SLE,1964,372012091.50326794,SL,Africa,1964-SL,1964
Sierra Leone,SLE,1965,359523809.5238095,SL,Africa,1965-SL,1964
Sierra Leone,SLE,1966,375630252.10084033,SL,Africa,1966-SL,1964
Sierra Leone,SLE,1967,348895027.62430936,SL,Africa,1967-SL,1964
Sierra Leone,SLE,1968,329991956.78271306,SL,Africa,1968-SL,1968
Sierra Leone,SLE,1969,408853541.4165666,SL,Africa,1969-SL,1968
Sierra Leone,SLE,1970,434584033.6134454,SL,Africa,1970-SL,1968
Sierra Leone,SLE,1971,419495908.54392296,SL,Africa,1971-SL,1968
Sierra Leone,SLE,1972,465254431.9600499,SL,Africa,1972-SL,1972
Sierra Leone,SLE,1973,575471323.5294118,SL,Africa,1973-SL,1972
Sierra Leone,SLE,1974,648940350.9,SL,Africa,1974-SL,1972
Sierra Leone,SLE,1975,679352433.6283185,SL,Africa,1975-SL,1972
Sierra Leone,SLE,1976,594810152.7403413,SL,Africa,1976-SL,1976
Sierra Leone,SLE,1977,692079581.1518323,SL,Africa,1977-SL,1976
Sierra Leone,SLE,1978,960765042.9799428,SL,Africa,1978-SL,1976
Sierra Leone,SLE,1979,1109343235.5723746,SL,Africa,1979-SL,1976
Sierra Leone,SLE,1980,1100476190.4761906,SL,Africa,1980-SL,1980
Sierra Leone,SLE,1981,1114926660.9145815,SL,Africa,1981-SL,1980
Sierra Leone,SLE,1982,1294995964,SL,Africa,1982-SL,1980
Sierra Leone,SLE,1983,995278514.5888594,SL,Africa,1983-SL,1980
Sierra Leone,SLE,1984,1087450199.2031872,SL,Africa,1984-SL,1984
Sierra Leone,SLE,1985,856890498.6258345,SL,Africa,1985-SL,1984
Sierra Leone,SLE,1986,490181456.6244097,SL,Africa,1986-SL,1984
Sierra Leone,SLE,1987,660106321.4170314,SL,Africa,1987-SL,1984
Sierra Leone,SLE,1988,1055083945.3773758,SL,Africa,1988-SL,1988
Sierra Leone,SLE,1989,932974411.9171418,SL,Africa,1989-SL,1988
Sierra Leone,SLE,1990,649644097.5661292,SL,Africa,1990-SL,1988
Sierra Leone,SLE,1991,780098205.2150356,SL,Africa,1991-SL,1988
Sierra Leone,SLE,1992,679997997.5971165,SL,Africa,1992-SL,1992
Sierra Leone,SLE,1993,768812334.8017621,SL,Africa,1993-SL,1992
Sierra Leone,SLE,1994,911915970.7,SL,Africa,1994-SL,1992
Sierra Leone,SLE,1995,870758739.4067796,SL,Africa,1995-SL,1992
Sierra Leone,SLE,1996,941742152.7098947,SL,Africa,1996-SL,1996
Sierra Leone,SLE,1997,850218033.6220071,SL,Africa,1997-SL,1996
Sierra Leone,SLE,1998,672375927.3471476,SL,Africa,1998-SL,1996
Sierra Leone,SLE,1999,669384768.8726305,SL,Africa,1999-SL,1996
Sierra Leone,SLE,2000,635874002.1987478,SL,Africa,2000-SL,2000
Sierra Leone,SLE,2001,1074851475.1787333,SL,Africa,2001-SL,2000
Sierra Leone,SLE,2002,1236235826.5840876,SL,Africa,2002-SL,2000
Sierra Leone,SLE,2003,1369685676.5620341,SL,Africa,2003-SL,2000
Sierra Leone,SLE,2004,1430217080.6648653,SL,Africa,2004-SL,2004
Sierra Leone,SLE,2005,1627058424.9380882,SL,Africa,2005-SL,2004
Sierra Leone,SLE,2006,1862116290.5409992,SL,Africa,2006-SL,2004
Sierra Leone,SLE,2007,2126679543.5862286,SL,Africa,2007-SL,2004
Sierra Leone,SLE,2008,2451896435.201567,SL,Africa,2008-SL,2008
Sierra Leone,SLE,2009,2419014960.199666,SL,Africa,2009-SL,2008
Sierra Leone,SLE,2010,2578159803.945967,SL,Africa,2010-SL,2008
Sierra Leone,SLE,2011,2932274309.395695,SL,Africa,2011-SL,2008
Sierra Leone,SLE,2012,3789251613.360656,SL,Africa,2012-SL,2012
Sierra Leone,SLE,2013,4920343316.870933,SL,Africa,2013-SL,2012
Sierra Leone,SLE,2014,5015180725.341599,SL,Africa,2014-SL,2012
Sierra Leone,SLE,2015,4252029353.8219075,SL,Africa,2015-SL,2012
Sierra Leone,SLE,2016,3862721266.0216155,SL,Africa,2016-SL,2016
Sierra Leone,SLE,2017,3719443418.2615533,SL,Africa,2017-SL,2016
Sierra Leone,SLE,2018,4085114387.556054,SL,Africa,2018-SL,2016
Sierra Leone,SLE,2019,4076578698.7910733,SL,Africa,2019-SL,2016
Sierra Leone,SLE,2020,4062906265.7332044,SL,Africa,2020-SL,2020
Sierra Leone,SLE,2021,4249234704,SL,Africa,2021-SL,2020
Sierra Leone,SLE,2022,4094563859.4355636,SL,Africa,2022-SL,2020
Sierra Leone,SLE,2023,3809832236.9595933,SL,Africa,2023-SL,2020
Singapore,SGP,1960,704751700.3024938,SG,Asia,1960-SG,1960
Singapore,SGP,1961,764629788.1236893,SG,Asia,1961-SG,1960
Singapore,SGP,1962,826239211.8175106,SG,Asia,1962-SG,1960
Singapore,SGP,1963,917608012.4917517,SG,Asia,1963-SG,1960
Singapore,SGP,1964,894153311.4248568,SG,Asia,1964-SG,1964
Singapore,SGP,1965,974644096.1446743,SG,Asia,1965-SG,1964
Singapore,SGP,1966,1096425608.0908918,SG,Asia,1966-SG,1964
Singapore,SGP,1967,1238035815.7858632,SG,Asia,1967-SG,1964
Singapore,SGP,1968,1425706091.0356002,SG,Asia,1968-SG,1968
Singapore,SGP,1969,1659893767.8441927,SG,Asia,1969-SG,1968
Singapore,SGP,1970,1920574150.1754203,SG,Asia,1970-SG,1968
Singapore,SGP,1971,2263785443.6168823,SG,Asia,1971-SG,1968
Singapore,SGP,1972,2721440980.758514,SG,Asia,1972-SG,1972
Singapore,SGP,1973,3696213333.3333335,SG,Asia,1973-SG,1972
Singapore,SGP,1974,5221534955.644177,SG,Asia,1974-SG,1972
Singapore,SGP,1975,5633673929.993024,SG,Asia,1975-SG,1972
Singapore,SGP,1976,6327077974.107029,SG,Asia,1976-SG,1976
Singapore,SGP,1977,6618585073.660353,SG,Asia,1977-SG,1976
Singapore,SGP,1978,7517176354.841354,SG,Asia,1978-SG,1976
Singapore,SGP,1979,9296921723.834652,SG,Asia,1979-SG,1976
Singapore,SGP,1980,11896256782.856619,SG,Asia,1980-SG,1980
Singapore,SGP,1981,14175228843.63908,SG,Asia,1981-SG,1980
Singapore,SGP,1982,16084252378.473043,SG,Asia,1982-SG,1980
Singapore,SGP,1983,17784112149.53271,SG,Asia,1983-SG,1980
Singapore,SGP,1984,19749361097.964977,SG,Asia,1984-SG,1984
Singapore,SGP,1985,19156532745.769066,SG,Asia,1985-SG,1984
Singapore,SGP,1986,18586746056.99741,SG,Asia,1986-SG,1984
Singapore,SGP,1987,20919215578.212547,SG,Asia,1987-SG,1984
Singapore,SGP,1988,25371462488.129158,SG,Asia,1988-SG,1988
Singapore,SGP,1989,30465364738.620552,SG,Asia,1989-SG,1988
Singapore,SGP,1990,36144336768.702255,SG,Asia,1990-SG,1988
Singapore,SGP,1991,45466164978.29233,SG,Asia,1991-SG,1988
Singapore,SGP,1992,52131320032.87973,SG,Asia,1992-SG,1992
Singapore,SGP,1993,60603815716.26528,SG,Asia,1993-SG,1992
Singapore,SGP,1994,73688724431.14117,SG,Asia,1994-SG,1992
Singapore,SGP,1995,87812540788,SG,Asia,1995-SG,1992
Singapore,SGP,1996,96293086513.08722,SG,Asia,1996-SG,1996
Singapore,SGP,1997,100123787215.2995,SG,Asia,1997-SG,1996
Singapore,SGP,1998,85728207781.77846,SG,Asia,1998-SG,1996
Singapore,SGP,1999,86286849754.89053,SG,Asia,1999-SG,1996
Singapore,SGP,2000,96076539925.74088,SG,Asia,2000-SG,2000
Singapore,SGP,2001,89793790670,SG,Asia,2001-SG,2000
Singapore,SGP,2002,92538372870,SG,Asia,2002-SG,2000
Singapore,SGP,2003,97646401096,SG,Asia,2003-SG,2000
Singapore,SGP,2004,115033593101.04909,SG,Asia,2004-SG,2004
Singapore,SGP,2005,127807848728.39835,SG,Asia,2005-SG,2004
Singapore,SGP,2006,148627286361.35068,SG,Asia,2006-SG,2004
Singapore,SGP,2007,180941701357.97046,SG,Asia,2007-SG,2004
Singapore,SGP,2008,193617323539.2028,SG,Asia,2008-SG,2008
Singapore,SGP,2009,194150283771.56647,SG,Asia,2009-SG,2008
Singapore,SGP,2010,239807980591.23965,SG,Asia,2010-SG,2008
Singapore,SGP,2011,279356499090.45807,SG,Asia,2011-SG,2008
Singapore,SGP,2012,295092888076.5895,SG,Asia,2012-SG,2012
Singapore,SGP,2013,307576360584.9916,SG,Asia,2013-SG,2012
Singapore,SGP,2014,314863580758.45465,SG,Asia,2014-SG,2012
Singapore,SGP,2015,307998545269.39795,SG,Asia,2015-SG,2012
Singapore,SGP,2016,319053943915.0054,SG,Asia,2016-SG,2016
Singapore,SGP,2017,343257164581.71155,SG,Asia,2017-SG,2016
Singapore,SGP,2018,376892697588.00507,SG,Asia,2018-SG,2016
Singapore,SGP,2019,376901649222.4508,SG,Asia,2019-SG,2016
Singapore,SGP,2020,3.49488E+11,SG,Asia,2020-SG,2020
Singapore,SGP,2021,434111559282.8491,SG,Asia,2021-SG,2020
Singapore,SGP,2022,498474540987.7802,SG,Asia,2022-SG,2020
Singapore,SGP,2023,501427500080.05853,SG,Asia,2023-SG,2020
Sint Maarten (Dutch part),SXM,2011,936089385.4748603,SX,North America,2011-SX,2008
Sint Maarten (Dutch part),SXM,2012,985865921.7877095,SX,North America,2012-SX,2012
Sint Maarten (Dutch part),SXM,2013,1022905027.9329609,SX,North America,2013-SX,2012
Sint Maarten (Dutch part),SXM,2014,1361811508.3798883,SX,North America,2014-SX,2012
Sint Maarten (Dutch part),SXM,2015,1417888715.083799,SX,North America,2015-SX,2012
Sint Maarten (Dutch part),SXM,2016,1427017206.7039106,SX,North America,2016-SX,2016
Sint Maarten (Dutch part),SXM,2017,1353212122.9050279,SX,North America,2017-SX,2016
Sint Maarten (Dutch part),SXM,2018,1259200446.9273744,SX,North America,2018-SX,2016
Sint Maarten (Dutch part),SXM,2019,1407880446.9273744,SX,North America,2019-SX,2016
Sint Maarten (Dutch part),SXM,2020,1236428100.558659,SX,North America,2020-SX,2020
Sint Maarten (Dutch part),SXM,2021,1353071061.452514,SX,North America,2021-SX,2020
Sint Maarten (Dutch part),SXM,2022,1537088715.083799,SX,North America,2022-SX,2020
Sint Maarten (Dutch part),SXM,2023,1623165683.1284916,SX,North America,2023-SX,2020
Slovak Republic,SVK,1990,12747380650.076181,SK,Europe,1990-SK,1988
Slovak Republic,SVK,1991,14272201755.470392,SK,Europe,1991-SK,1988
Slovak Republic,SVK,1992,15495514296.804243,SK,Europe,1992-SK,1992
Slovak Republic,SVK,1993,16520676974,SK,Europe,1993-SK,1992
Slovak Republic,SVK,1994,20162936291.375015,SK,Europe,1994-SK,1992
Slovak Republic,SVK,1995,25840146405.228756,SK,Europe,1995-SK,1992
Slovak Republic,SVK,1996,27925036755.386562,SK,Europe,1996-SK,1996
Slovak Republic,SVK,1997,27706028095.615723,SK,Europe,1997-SK,1996
Slovak Republic,SVK,1998,29856000671.21602,SK,Europe,1998-SK,1996
Slovak Republic,SVK,1999,30463670123.593117,SK,Europe,1999-SK,1996
Slovak Republic,SVK,2000,29242558796.55065,SK,Europe,2000-SK,2000
Slovak Republic,SVK,2001,30778781606.95752,SK,Europe,2001-SK,2000
Slovak Republic,SVK,2002,35297794385.68634,SK,Europe,2002-SK,2000
Slovak Republic,SVK,2003,46919965224.149704,SK,Europe,2003-SK,2000
Slovak Republic,SVK,2004,57437444469.08702,SK,Europe,2004-SK,2004
Slovak Republic,SVK,2005,62808723476.71904,SK,Europe,2005-SK,2004
Slovak Republic,SVK,2006,70767338922.44107,SK,Europe,2006-SK,2004
Slovak Republic,SVK,2007,86563986799.25047,SK,Europe,2007-SK,2004
Slovak Republic,SVK,2008,100879902984.98279,SK,Europe,2008-SK,2008
Slovak Republic,SVK,2009,89399303222.15501,SK,Europe,2009-SK,2008
Slovak Republic,SVK,2010,91162836320.35017,SK,Europe,2010-SK,2008
Slovak Republic,SVK,2011,99922685424.88347,SK,Europe,2011-SK,2008
Slovak Republic,SVK,2012,94623731085.61057,SK,Europe,2012-SK,2012
Slovak Republic,SVK,2013,98935222174.86028,SK,Europe,2013-SK,2012
Slovak Republic,SVK,2014,101437045019.90082,SK,Europe,2014-SK,2012
Slovak Republic,SVK,2015,88900883130.83745,SK,Europe,2015-SK,2012
Slovak Republic,SVK,2016,89952699525,SK,Europe,2016-SK,2016
Slovak Republic,SVK,2017,95649966260.98016,SK,Europe,2017-SK,2016
Slovak Republic,SVK,2018,106137924015.59286,SK,Europe,2018-SK,2016
Slovak Republic,SVK,2019,105711680180.56453,SK,Europe,2019-SK,2016
Slovak Republic,SVK,2020,106737868873.94115,SK,Europe,2020-SK,2020
Slovak Republic,SVK,2021,118563266602.35857,SK,Europe,2021-SK,2020
Slovak Republic,SVK,2022,115584743573.55298,SK,Europe,2022-SK,2020
Slovak Republic,SVK,2023,132793622283.07097,SK,Europe,2023-SK,2020
Slovenia,SVN,1990,19817923035.843178,SI,Europe,1990-SI,1988
Slovenia,SVN,1991,14444213919.862259,SI,Europe,1991-SI,1988
Slovenia,SVN,1992,14267106463.693012,SI,Europe,1992-SI,1992
Slovenia,SVN,1993,14439020929.02324,SI,Europe,1993-SI,1992
Slovenia,SVN,1994,16389101593.526867,SI,Europe,1994-SI,1992
Slovenia,SVN,1995,21352224019.409626,SI,Europe,1995-SI,1992
Slovenia,SVN,1996,21507232648.725212,SI,Europe,1996-SI,1996
Slovenia,SVN,1997,20763101740.696278,SI,Europe,1997-SI,1996
Slovenia,SVN,1998,22146231967.686092,SI,Europe,1998-SI,1996
Slovenia,SVN,1999,22711384311.14041,SI,Europe,1999-SI,1996
Slovenia,SVN,2000,20289627636.676712,SI,Europe,2000-SI,2000
Slovenia,SVN,2001,20876309970,SI,Europe,2001-SI,2000
Slovenia,SVN,2002,23489890274.314217,SI,Europe,2002-SI,2000
Slovenia,SVN,2003,29634713641.096844,SI,Europe,2003-SI,2000
Slovenia,SVN,2004,34414784504.235176,SI,Europe,2004-SI,2004
Slovenia,SVN,2005,36206395970.65041,SI,Europe,2005-SI,2004
Slovenia,SVN,2006,39481045038,SI,Europe,2006-SI,2004
Slovenia,SVN,2007,48067401207.397804,SI,Europe,2007-SI,2004
Slovenia,SVN,2008,55779427739.66093,SI,Europe,2008-SI,2008
Slovenia,SVN,2009,50567734885.961296,SI,Europe,2009-SI,2008
Slovenia,SVN,2010,48208240226.450096,SI,Europe,2010-SI,2008
Slovenia,SVN,2011,51583869785.18493,SI,Europe,2011-SI,2008
Slovenia,SVN,2012,46577793184.003136,SI,Europe,2012-SI,2012
Slovenia,SVN,2013,48415657264.875824,SI,Europe,2013-SI,2012
Slovenia,SVN,2014,49997186439.09159,SI,Europe,2014-SI,2012
Slovenia,SVN,2015,43107506024.32537,SI,Europe,2015-SI,2012
Slovenia,SVN,2016,44766722791,SI,Europe,2016-SI,2016
Slovenia,SVN,2017,48589100043.095375,SI,Europe,2017-SI,2016
Slovenia,SVN,2018,54177882426,SI,Europe,2018-SI,2016
Slovenia,SVN,2019,54386654313.96854,SI,Europe,2019-SI,2016
Slovenia,SVN,2020,53734526854.22894,SI,Europe,2020-SI,2020
Slovenia,SVN,2021,61832201543.82846,SI,Europe,2021-SI,2020
Slovenia,SVN,2022,60063475466.34459,SI,Europe,2022-SI,2020
Slovenia,SVN,2023,68216781410.52277,SI,Europe,2023-SI,2020
Solomon Islands,SLB,1967,25203524.032563843,SB,Oceania,1967-SB,1964
Solomon Islands,SLB,1968,28084252.758274823,SB,Oceania,1968-SB,1968
Solomon Islands,SLB,1969,28606411.39804096,SB,Oceania,1969-SB,1968
Solomon Islands,SLB,1971,50056882.82138794,SB,Oceania,1971-SB,1968
Solomon Islands,SLB,1972,40606712.05063896,SB,Oceania,1972-SB,1972
Solomon Islands,SLB,1973,55272108.84353741,SB,Oceania,1973-SB,1972
Solomon Islands,SLB,1974,84539332.28256197,SB,Oceania,1974-SB,1972
Solomon Islands,SLB,1975,74620320.02953394,SB,Oceania,1975-SB,1972
Solomon Islands,SLB,1976,83100834.30793503,SB,Oceania,1976-SB,1976
Solomon Islands,SLB,1977,93145283.35571408,SB,Oceania,1977-SB,1976
Solomon Islands,SLB,1978,111027427.2083584,SB,Oceania,1978-SB,1976
Solomon Islands,SLB,1979,151276496.48253277,SB,Oceania,1979-SB,1976
Solomon Islands,SLB,1980,182852106.42700225,SB,Oceania,1980-SB,1980
Solomon Islands,SLB,1981,193750540.63247705,SB,Oceania,1981-SB,1980
Solomon Islands,SLB,1982,192902018.72302037,SB,Oceania,1982-SB,1980
Solomon Islands,SLB,1983,181220399.01337156,SB,Oceania,1983-SB,1980
Solomon Islands,SLB,1984,181570474.07779604,SB,Oceania,1984-SB,1984
Solomon Islands,SLB,1985,165524943.64069432,SB,Oceania,1985-SB,1984
Solomon Islands,SLB,1986,147620047.52799308,SB,Oceania,1986-SB,1984
Solomon Islands,SLB,1987,155128542.23947382,SB,Oceania,1987-SB,1984
Solomon Islands,SLB,1988,176494393.88970172,SB,Oceania,1988-SB,1988
Solomon Islands,SLB,1989,172882410.67885554,SB,Oceania,1989-SB,1988
Solomon Islands,SLB,1990,214877666.69975242,SB,Oceania,1990-SB,1988
Solomon Islands,SLB,1991,227540473.34008658,SB,Oceania,1991-SB,1988
Solomon Islands,SLB,1992,269034595.8129845,SB,Oceania,1992-SB,1992
Solomon Islands,SLB,1993,300746361.1287394,SB,Oceania,1993-SB,1992
Solomon Islands,SLB,1994,402837005.2725957,SB,Oceania,1994-SB,1992
Solomon Islands,SLB,1995,469443201.5032737,SB,Oceania,1995-SB,1992
Solomon Islands,SLB,1996,510586430.1901267,SB,Oceania,1996-SB,1996
Solomon Islands,SLB,1997,526554005.9543571,SB,Oceania,1997-SB,1996
Solomon Islands,SLB,1998,457579840.22506624,SB,Oceania,1998-SB,1996
Solomon Islands,SLB,1999,488024514.36935914,SB,Oceania,1999-SB,1996
Solomon Islands,SLB,2000,419842674.2276522,SB,Oceania,2000-SB,2000
Solomon Islands,SLB,2001,409508552.9799725,SB,Oceania,2001-SB,2000
Solomon Islands,SLB,2002,346406738.8852372,SB,Oceania,2002-SB,2000
Solomon Islands,SLB,2003,417668983.4083494,SB,Oceania,2003-SB,2000
Solomon Islands,SLB,2004,468005318.5519772,SB,Oceania,2004-SB,2004
Solomon Islands,SLB,2005,552864570.2258192,SB,Oceania,2005-SB,2004
Solomon Islands,SLB,2006,617258154.2601326,SB,Oceania,2006-SB,2004
Solomon Islands,SLB,2007,695295347.6215369,SB,Oceania,2007-SB,2004
Solomon Islands,SLB,2008,776337691.8,SB,Oceania,2008-SB,2008
Solomon Islands,SLB,2009,805557562.5800586,SB,Oceania,2009-SB,2008
Solomon Islands,SLB,2010,898133684.8987929,SB,Oceania,2010-SB,2008
Solomon Islands,SLB,2011,1063895360.6990681,SB,Oceania,2011-SB,2008
Solomon Islands,SLB,2012,1185215418.2556212,SB,Oceania,2012-SB,2012
Solomon Islands,SLB,2013,1285911586.1320012,SB,Oceania,2013-SB,2012
Solomon Islands,SLB,2014,1335571420.7267592,SB,Oceania,2014-SB,2012
Solomon Islands,SLB,2015,1307909887.5521197,SB,Oceania,2015-SB,2012
Solomon Islands,SLB,2016,1379490304.2253969,SB,Oceania,2016-SB,2016
Solomon Islands,SLB,2017,1469789119.0875561,SB,Oceania,2017-SB,2016
Solomon Islands,SLB,2018,1615478393.2861407,SB,Oceania,2018-SB,2016
Solomon Islands,SLB,2019,1619155017.392397,SB,Oceania,2019-SB,2016
Solomon Islands,SLB,2020,1536145814.1700656,SB,Oceania,2020-SB,2020
Solomon Islands,SLB,2021,1522794913.091401,SB,Oceania,2021-SB,2020
Solomon Islands,SLB,2022,1566360686.1063213,SB,Oceania,2022-SB,2020
Solomon Islands,SLB,2023,1631286701.1151562,SB,Oceania,2023-SB,2020
Somalia,SOM,1960,180459936.7760253,SO,Africa,1960-SO,1960
Somalia,SOM,1961,191659914.37603426,SO,Africa,1961-SO,1960
Somalia,SOM,1962,203531927.5,SO,Africa,1962-SO,1960
Somalia,SOM,1963,216145935.94162562,SO,Africa,1963-SO,1960
Somalia,SOM,1964,229529912.66803494,SO,Africa,1964-SO,1964
Somalia,SOM,1965,243725898.0296408,SO,Africa,1965-SO,1964
Somalia,SOM,1966,257375897.0496412,SO,Africa,1966-SO,1964
Somalia,SOM,1967,271781886.8072453,SO,Africa,1967-SO,1964
Somalia,SOM,1968,286719885.3120459,SO,Africa,1968-SO,1968
Somalia,SOM,1969,306357284.5714286,SO,Africa,1969-SO,1968
Somalia,SOM,1970,347985394.28571427,SO,Africa,1970-SO,1968
Somalia,SOM,1971,347039445.7055691,SO,Africa,1971-SO,1968
Somalia,SOM,1972,447883941.1901649,SO,Africa,1972-SO,1972
Somalia,SOM,1973,483699610.6025631,SO,Africa,1973-SO,1972
Somalia,SOM,1974,572504035.9015092,SO,Africa,1974-SO,1972
Somalia,SOM,1975,757015878.7926927,SO,Africa,1975-SO,1972
Somalia,SOM,1976,871344245.1151708,SO,Africa,1976-SO,1976
Somalia,SOM,1977,498550724.6376811,SO,Africa,1977-SO,1976
Somalia,SOM,1978,564571823.2044199,SO,Africa,1978-SO,1976
Somalia,SOM,1979,589566929.1338582,SO,Africa,1979-SO,1976
Somalia,SOM,1980,602515548.4521039,SO,Africa,1980-SO,1980
Somalia,SOM,1981,699302473.0500951,SO,Africa,1981-SO,1980
Somalia,SOM,1982,774578931.9639199,SO,Africa,1982-SO,1980
Somalia,SOM,1983,735408641.8,SO,Africa,1983-SO,1980
Somalia,SOM,1984,787434541.7288573,SO,Africa,1984-SO,1984
Somalia,SOM,1985,875702247.1910112,SO,Africa,1985-SO,1984
Somalia,SOM,1986,916590786.3261054,SO,Africa,1986-SO,1984
Somalia,SOM,1987,1018972664.463803,SO,Africa,1987-SO,1984
Somalia,SOM,1988,1051596967.1286983,SO,Africa,1988-SO,1988
Somalia,SOM,1989,1181360843.935489,SO,Africa,1989-SO,1988
Somalia,SOM,1990,1031282081.1668346,SO,Africa,1990-SO,1988
Somalia,SOM,1991,717974929.7631578,SO,Africa,1991-SO,1988
Somalia,SOM,1992,709297578.5,SO,Africa,1992-SO,1992
Somalia,SOM,1993,1260132955.787459,SO,Africa,1993-SO,1992
Somalia,SOM,1994,1481205097.9811323,SO,Africa,1994-SO,1992
Somalia,SOM,1995,1534756134.5502186,SO,Africa,1995-SO,1992
Somalia,SOM,1996,1792234297.391936,SO,Africa,1996-SO,1996
Somalia,SOM,1997,2191749013.581238,SO,Africa,1997-SO,1996
Somalia,SOM,1998,2962047564.4165072,SO,Africa,1998-SO,1996
Somalia,SOM,1999,3045751527.660048,SO,Africa,1999-SO,1996
Somalia,SOM,2000,3412797450.201118,SO,Africa,2000-SO,2000
Somalia,SOM,2001,2252847464.6860847,SO,Africa,2001-SO,2000
Somalia,SOM,2002,2192684134.5927277,SO,Africa,2002-SO,2000
Somalia,SOM,2003,2836724351.561596,SO,Africa,2003-SO,2000
Somalia,SOM,2004,3859592813.1025543,SO,Africa,2004-SO,2004
Somalia,SOM,2005,4683246454.100484,SO,Africa,2005-SO,2004
Somalia,SOM,2006,5026743282.042513,SO,Africa,2006-SO,2004
Somalia,SOM,2007,5430713729,SO,Africa,2007-SO,2004
Somalia,SOM,2008,5913620292.905734,SO,Africa,2008-SO,2008
Somalia,SOM,2009,2948594552.4495163,SO,Africa,2009-SO,2008
Somalia,SOM,2010,2687807004,SO,Africa,2010-SO,2008
Somalia,SOM,2011,2906000096.932491,SO,Africa,2011-SO,2008
Somalia,SOM,2012,4041702388.866335,SO,Africa,2012-SO,2012
Somalia,SOM,2013,5836021227.475967,SO,Africa,2013-SO,2012
Somalia,SOM,2014,6537360532.643586,SO,Africa,2014-SO,2012
Somalia,SOM,2015,6984947145.095078,SO,Africa,2015-SO,2012
Somalia,SOM,2016,7390796616.528166,SO,Africa,2016-SO,2016
Somalia,SOM,2017,8252394373.296979,SO,Africa,2017-SO,2016
Somalia,SOM,2018,8278212314,SO,Africa,2018-SO,2016
Somalia,SOM,2019,9420431258.247469,SO,Africa,2019-SO,2016
Somalia,SOM,2020,9204140383.176119,SO,Africa,2020-SO,2020
Somalia,SOM,2021,9838711529.458477,SO,Africa,2021-SO,2020
Somalia,SOM,2022,10419541202,SO,Africa,2022-SO,2020
Somalia,SOM,2023,11679800110.152267,SO,Africa,2023-SO,2020
South Africa,ZAF,1960,8748596501,ZA,Africa,1960-ZA,1960
South Africa,ZAF,1961,9225996309.601477,ZA,Africa,1961-ZA,1960
South Africa,ZAF,1962,9813996074.401571,ZA,Africa,1962-ZA,1960
South Africa,ZAF,1963,10854195658.321737,ZA,Africa,1963-ZA,1960
South Africa,ZAF,1964,11955995217.601913,ZA,Africa,1964-ZA,1964
South Africa,ZAF,1965,13068994772.402092,ZA,Africa,1965-ZA,1964
South Africa,ZAF,1966,14211394315.442274,ZA,Africa,1966-ZA,1964
South Africa,ZAF,1967,15821393671.442532,ZA,Africa,1967-ZA,1964
South Africa,ZAF,1968,17124793150.08274,ZA,Africa,1968-ZA,1968
South Africa,ZAF,1969,19256992297.203083,ZA,Africa,1969-ZA,1968
South Africa,ZAF,1970,21218391512.643394,ZA,Africa,1970-ZA,1968
South Africa,ZAF,1971,23411076638.27901,ZA,Africa,1971-ZA,1968
South Africa,ZAF,1972,24515919217,ZA,Africa,1972-ZA,1972
South Africa,ZAF,1973,33262772008.144573,ZA,Africa,1973-ZA,1972
South Africa,ZAF,1974,41389186094.59923,ZA,Africa,1974-ZA,1972
South Africa,ZAF,1975,42906905672.42004,ZA,Africa,1975-ZA,1972
South Africa,ZAF,1976,41150460287.615074,ZA,Africa,1976-ZA,1976
South Africa,ZAF,1977,45328411332.10283,ZA,Africa,1977-ZA,1976
South Africa,ZAF,1978,51607412901.853226,ZA,Africa,1978-ZA,1976
South Africa,ZAF,1979,63038658088.91206,ZA,Africa,1979-ZA,1976
South Africa,ZAF,1980,89411864402.42722,ZA,Africa,1980-ZA,1980
South Africa,ZAF,1981,93141472163.75961,ZA,Africa,1981-ZA,1980
South Africa,ZAF,1982,85904057409,ZA,Africa,1982-ZA,1980
South Africa,ZAF,1983,96204110941.56717,ZA,Africa,1983-ZA,1980
South Africa,ZAF,1984,84870163366,ZA,Africa,1984-ZA,1984
South Africa,ZAF,1985,64459376086.68828,ZA,Africa,1985-ZA,1984
South Africa,ZAF,1986,73354771399.26268,ZA,Africa,1986-ZA,1984
South Africa,ZAF,1987,96535763418.37288,ZA,Africa,1987-ZA,1984
South Africa,ZAF,1988,103976831870.95662,ZA,Africa,1988-ZA,1988
South Africa,ZAF,1989,108055624081.80649,ZA,Africa,1989-ZA,1988
South Africa,ZAF,1990,126048140141.86874,ZA,Africa,1990-ZA,1988
South Africa,ZAF,1991,135203698237.97719,ZA,Africa,1991-ZA,1988
South Africa,ZAF,1992,146956150986.6361,ZA,Africa,1992-ZA,1992
South Africa,ZAF,1993,147194747565.75027,ZA,Africa,1993-ZA,1992
South Africa,ZAF,1994,153512712381.83646,ZA,Africa,1994-ZA,1992
South Africa,ZAF,1995,171735933897.33078,ZA,Africa,1995-ZA,1992
South Africa,ZAF,1996,163234925380.56342,ZA,Africa,1996-ZA,1996
South Africa,ZAF,1997,168978057327.7297,ZA,Africa,1997-ZA,1996
South Africa,ZAF,1998,152982984557.2333,ZA,Africa,1998-ZA,1996
South Africa,ZAF,1999,151516957078.53558,ZA,Africa,1999-ZA,1996
South Africa,ZAF,2000,151752757215.3085,ZA,Africa,2000-ZA,2000
South Africa,ZAF,2001,135429905922.5262,ZA,Africa,2001-ZA,2000
South Africa,ZAF,2002,129087556612.44882,ZA,Africa,2002-ZA,2000
South Africa,ZAF,2003,197018965308.69696,ZA,Africa,2003-ZA,2000
South Africa,ZAF,2004,255806908594.57254,ZA,Africa,2004-ZA,2004
South Africa,ZAF,2005,2.88867E+11,ZA,Africa,2005-ZA,2004
South Africa,ZAF,2006,303858675363.64276,ZA,Africa,2006-ZA,2004
South Africa,ZAF,2007,333077117253.6838,ZA,Africa,2007-ZA,2004
South Africa,ZAF,2008,3.16131E+11,ZA,Africa,2008-ZA,2008
South Africa,ZAF,2009,329754060647.12897,ZA,Africa,2009-ZA,2008
South Africa,ZAF,2010,417363822801.71265,ZA,Africa,2010-ZA,2008
South Africa,ZAF,2011,458199494830.83356,ZA,Africa,2011-ZA,2008
South Africa,ZAF,2012,434400545085.8111,ZA,Africa,2012-ZA,2012
South Africa,ZAF,2013,400886013595.5732,ZA,Africa,2013-ZA,2012
South Africa,ZAF,2014,381198869776.10565,ZA,Africa,2014-ZA,2012
South Africa,ZAF,2015,346709790458.56305,ZA,Africa,2015-ZA,2012
South Africa,ZAF,2016,323585509674.4806,ZA,Africa,2016-ZA,2016
South Africa,ZAF,2017,381448814653.4564,ZA,Africa,2017-ZA,2016
South Africa,ZAF,2018,405260723892.51685,ZA,Africa,2018-ZA,2016
South Africa,ZAF,2019,389330032224.2691,ZA,Africa,2019-ZA,2016
South Africa,ZAF,2020,338291396026.6977,ZA,Africa,2020-ZA,2020
South Africa,ZAF,2021,420117812466.04065,ZA,Africa,2021-ZA,2020
South Africa,ZAF,2022,405270850098.73834,ZA,Africa,2022-ZA,2020
South Africa,ZAF,2023,377781600985.8731,ZA,Africa,2023-ZA,2020
South Sudan,SSD,2008,14586253383.063168,SS,Africa,2008-SS,2008
South Sudan,SSD,2009,12231264525.067104,SS,Africa,2009-SS,2008
South Sudan,SSD,2010,14602072410.950586,SS,Africa,2010-SS,2008
South Sudan,SSD,2011,14907308932.75343,SS,Africa,2011-SS,2008
South Sudan,SSD,2012,11931472169.491526,SS,Africa,2012-SS,2012
South Sudan,SSD,2013,18426469016.94915,SS,Africa,2013-SS,2012
South Sudan,SSD,2014,13962212847.457626,SS,Africa,2014-SS,2012
South Sudan,SSD,2015,11997800760.224182,SS,Africa,2015-SS,2012
Spain,ESP,1960,12433394725.215895,ES,Europe,1960-ES,1960
Spain,ESP,1961,14248303793.240005,ES,Europe,1961-ES,1960
Spain,ESP,1962,16621504913.391817,ES,Europe,1962-ES,1960
Spain,ESP,1963,19645746986.09784,ES,Europe,1963-ES,1960
Spain,ESP,1964,21982577364.733387,ES,Europe,1964-ES,1964
Spain,ESP,1965,25497831759.492283,ES,Europe,1965-ES,1964
Spain,ESP,1966,29580564480.028076,ES,Europe,1966-ES,1964
Spain,ESP,1967,32594186212.32528,ES,Europe,1967-ES,1964
Spain,ESP,1968,32417481064.880558,ES,Europe,1968-ES,1968
Spain,ESP,1969,37117200723.94739,ES,Europe,1969-ES,1968
Spain,ESP,1970,40992995008.319466,ES,Europe,1970-ES,1968
Spain,ESP,1971,46619420359.28144,ES,Europe,1971-ES,1968
Spain,ESP,1972,59132415221.330574,ES,Europe,1972-ES,1972
Spain,ESP,1973,78639525985.15134,ES,Europe,1973-ES,1972
Spain,ESP,1974,97274006346,ES,Europe,1974-ES,1972
Spain,ESP,1975,114777046376.8116,ES,Europe,1975-ES,1972
Spain,ESP,1976,118507184779.90549,ES,Europe,1976-ES,1976
Spain,ESP,1977,132449277108.43373,ES,Europe,1977-ES,1976
Spain,ESP,1978,1.606E+11,ES,Europe,1978-ES,1976
Spain,ESP,1979,214601955875.06198,ES,Europe,1979-ES,1976
Spain,ESP,1980,232766822928.75375,ES,Europe,1980-ES,1980
Spain,ESP,1981,202807891511.98416,ES,Europe,1981-ES,1980
Spain,ESP,1982,195996754505.5278,ES,Europe,1982-ES,1980
Spain,ESP,1983,170951185614.84918,ES,Europe,1983-ES,1980
Spain,ESP,1984,172102910370.5237,ES,Europe,1984-ES,1984
Spain,ESP,1985,180793463796.47748,ES,Europe,1985-ES,1984
Spain,ESP,1986,251321075204.94238,ES,Europe,1986-ES,1984
Spain,ESP,1987,318747935588.1957,ES,Europe,1987-ES,1984
Spain,ESP,1988,376160409941.43695,ES,Europe,1988-ES,1988
Spain,ESP,1989,414757056921.9958,ES,Europe,1989-ES,1988
Spain,ESP,1990,536558591250.4081,ES,Europe,1990-ES,1988
Spain,ESP,1991,577166174539.6317,ES,Europe,1991-ES,1988
Spain,ESP,1992,630916018202.5029,ES,Europe,1992-ES,1992
Spain,ESP,1993,525075636030.8537,ES,Europe,1993-ES,1992
Spain,ESP,1994,530562634455.3471,ES,Europe,1994-ES,1992
Spain,ESP,1995,614609020549.7732,ES,Europe,1995-ES,1992
Spain,ESP,1996,6.42589E+11,ES,Europe,1996-ES,1996
Spain,ESP,1997,590077272727.2727,ES,Europe,1997-ES,1996
Spain,ESP,1998,619214834614.0995,ES,Europe,1998-ES,1996
Spain,ESP,1999,634907542858.3025,ES,Europe,1999-ES,1996
Spain,ESP,2000,598363313494.9032,ES,Europe,2000-ES,2000
Spain,ESP,2001,627830029412.2054,ES,Europe,2001-ES,2000
Spain,ESP,2002,708756677088.6287,ES,Europe,2002-ES,2000
Spain,ESP,2003,907491523174.1157,ES,Europe,2003-ES,2000
Spain,ESP,2004,1069055675273.7479,ES,Europe,2004-ES,2004
Spain,ESP,2005,1153715822717.5093,ES,Europe,2005-ES,2004
Spain,ESP,2006,1260398977831.763,ES,Europe,2006-ES,2004
Spain,ESP,2007,1474002579820.0046,ES,Europe,2007-ES,2004
Spain,ESP,2008,1631863493552.3433,ES,Europe,2008-ES,2008
Spain,ESP,2009,1491472923706.6396,ES,Europe,2009-ES,2008
Spain,ESP,2010,1422108199783.3362,ES,Europe,2010-ES,2008
Spain,ESP,2011,1480710495710.1196,ES,Europe,2011-ES,2008
Spain,ESP,2012,1324750738725.0002,ES,Europe,2012-ES,2012
Spain,ESP,2013,1355579535912.5527,ES,Europe,2013-ES,2012
Spain,ESP,2014,1371820537888.6226,ES,Europe,2014-ES,2012
Spain,ESP,2015,1196156971279.6868,ES,Europe,2015-ES,2012
Spain,ESP,2016,1233554967011.6763,ES,Europe,2016-ES,2016
Spain,ESP,2017,1313245330197.6494,ES,Europe,2017-ES,2016
Spain,ESP,2018,1421702715218.038,ES,Europe,2018-ES,2016
Spain,ESP,2019,1394320055129.4094,ES,Europe,2019-ES,2016
Spain,ESP,2020,1.27813E+12,ES,Europe,2020-ES,2020
Spain,ESP,2021,1445651653604.628,ES,Europe,2021-ES,2020
Spain,ESP,2022,1417800466262.6514,ES,Europe,2022-ES,2020
Spain,ESP,2023,1580694712515.714,ES,Europe,2023-ES,2020
Sri Lanka,LKA,1960,1409873949.579832,LK,Asia,1960-LK,1960
Sri Lanka,LKA,1961,1444327731.092437,LK,Asia,1961-LK,1960
Sri Lanka,LKA,1962,1434156378.600823,LK,Asia,1962-LK,1960
Sri Lanka,LKA,1963,1240672268.907563,LK,Asia,1963-LK,1960
Sri Lanka,LKA,1964,1309747899.159664,LK,Asia,1964-LK,1964
Sri Lanka,LKA,1965,1698319327.7310925,LK,Asia,1965-LK,1964
Sri Lanka,LKA,1966,1751470588.235294,LK,Asia,1966-LK,1964
Sri Lanka,LKA,1967,1859465020.5761316,LK,Asia,1967-LK,1964
Sri Lanka,LKA,1968,1801344537.815126,LK,Asia,1968-LK,1968
Sri Lanka,LKA,1969,1965546218.4873948,LK,Asia,1969-LK,1968
Sri Lanka,LKA,1970,2296470588.235294,LK,Asia,1970-LK,1968
Sri Lanka,LKA,1971,2369308600.3372684,LK,Asia,1971-LK,1968
Sri Lanka,LKA,1972,2553936348.4087105,LK,Asia,1972-LK,1972
Sri Lanka,LKA,1973,2875625000,LK,Asia,1973-LK,1972
Sri Lanka,LKA,1974,3574586466.1654134,LK,Asia,1974-LK,1972
Sri Lanka,LKA,1975,3791298145.5064197,LK,Asia,1975-LK,1972
Sri Lanka,LKA,1976,3591319857.3127227,LK,Asia,1976-LK,1976
Sri Lanka,LKA,1977,4104509582.8635855,LK,Asia,1977-LK,1976
Sri Lanka,LKA,1978,2733183856.502242,LK,Asia,1978-LK,1976
Sri Lanka,LKA,1979,3364611432,LK,Asia,1979-LK,1976
Sri Lanka,LKA,1980,4024621899.576527,LK,Asia,1980-LK,1980
Sri Lanka,LKA,1981,4415844155.844156,LK,Asia,1981-LK,1980
Sri Lanka,LKA,1982,4768765016.818837,LK,Asia,1982-LK,1980
Sri Lanka,LKA,1983,5167913302.167445,LK,Asia,1983-LK,1980
Sri Lanka,LKA,1984,6043474842.767295,LK,Asia,1984-LK,1984
Sri Lanka,LKA,1985,5978460972.0176735,LK,Asia,1985-LK,1984
Sri Lanka,LKA,1986,6405210563.882941,LK,Asia,1986-LK,1984
Sri Lanka,LKA,1987,6682167119.565217,LK,Asia,1987-LK,1984
Sri Lanka,LKA,1988,6978371581.263754,LK,Asia,1988-LK,1988
Sri Lanka,LKA,1989,6987267683.772539,LK,Asia,1989-LK,1988
Sri Lanka,LKA,1990,8032551173.240139,LK,Asia,1990-LK,1988
Sri Lanka,LKA,1991,9000362581.580856,LK,Asia,1991-LK,1988
Sri Lanka,LKA,1992,9703011635.865847,LK,Asia,1992-LK,1992
Sri Lanka,LKA,1993,10338679635.76159,LK,Asia,1993-LK,1992
Sri Lanka,LKA,1994,11717604208.822338,LK,Asia,1994-LK,1992
Sri Lanka,LKA,1995,13029697560.975609,LK,Asia,1995-LK,1992
Sri Lanka,LKA,1996,13897738375.248777,LK,Asia,1996-LK,1996
Sri Lanka,LKA,1997,15091913883.709103,LK,Asia,1997-LK,1996
Sri Lanka,LKA,1998,15794972847.168346,LK,Asia,1998-LK,1996
Sri Lanka,LKA,1999,15656327859.569649,LK,Asia,1999-LK,1996
Sri Lanka,LKA,2000,16330814179.976625,LK,Asia,2000-LK,2000
Sri Lanka,LKA,2001,15749753804.834377,LK,Asia,2001-LK,2000
Sri Lanka,LKA,2002,16536535647.083422,LK,Asia,2002-LK,2000
Sri Lanka,LKA,2003,18881765437.215084,LK,Asia,2003-LK,2000
Sri Lanka,LKA,2004,20662525941.29855,LK,Asia,2004-LK,2004
Sri Lanka,LKA,2005,24405791044.77612,LK,Asia,2005-LK,2004
Sri Lanka,LKA,2006,28279802405.913803,LK,Asia,2006-LK,2004
Sri Lanka,LKA,2007,32350238760.423862,LK,Asia,2007-LK,2004
Sri Lanka,LKA,2008,40713826215.009254,LK,Asia,2008-LK,2008
Sri Lanka,LKA,2009,42066224093.00646,LK,Asia,2009-LK,2008
Sri Lanka,LKA,2010,58636161081.71195,LK,Asia,2010-LK,2008
Sri Lanka,LKA,2011,67753284043.92818,LK,Asia,2011-LK,2008
Sri Lanka,LKA,2012,70447216891.33658,LK,Asia,2012-LK,2012
Sri Lanka,LKA,2013,77000578167.35295,LK,Asia,2013-LK,2012
Sri Lanka,LKA,2014,82528535713.92601,LK,Asia,2014-LK,2012
Sri Lanka,LKA,2015,85140955388.85092,LK,Asia,2015-LK,2012
Sri Lanka,LKA,2016,88012282205.83571,LK,Asia,2016-LK,2016
Sri Lanka,LKA,2017,94376237797.23674,LK,Asia,2017-LK,2016
Sri Lanka,LKA,2018,94493871200.78688,LK,Asia,2018-LK,2016
Sri Lanka,LKA,2019,89014978344,LK,Asia,2019-LK,2016
Sri Lanka,LKA,2020,84304298770.53287,LK,Asia,2020-LK,2020
Sri Lanka,LKA,2021,88609332762.47295,LK,Asia,2021-LK,2020
Sri Lanka,LKA,2022,74144875098.05867,LK,Asia,2022-LK,2020
Sri Lanka,LKA,2023,84356860421.12996,LK,Asia,2023-LK,2020
St. Kitts and Nevis,KNA,1960,12366635.75007729,KN,North America,1960-KN,1960
St. Kitts and Nevis,KNA,1961,12483302.12507802,KN,North America,1961-KN,1960
St. Kitts and Nevis,KNA,1962,12541635.312578384,KN,North America,1962-KN,1960
St. Kitts and Nevis,KNA,1963,12833301.250080207,KN,North America,1963-KN,1960
St. Kitts and Nevis,KNA,1964,13416633.125083853,KN,North America,1964-KN,1964
St. Kitts and Nevis,KNA,1965,13593932.322053676,KN,North America,1965-KN,1964
St. Kitts and Nevis,KNA,1966,14469078.179696616,KN,North America,1966-KN,1964
St. Kitts and Nevis,KNA,1967,16742338.251986379,KN,North America,1967-KN,1964
St. Kitts and Nevis,KNA,1968,14600000,KN,North America,1968-KN,1968
St. Kitts and Nevis,KNA,1969,15850000,KN,North America,1969-KN,1968
St. Kitts and Nevis,KNA,1970,16300000,KN,North America,1970-KN,1968
St. Kitts and Nevis,KNA,1971,19624746.45030426,KN,North America,1971-KN,1968
St. Kitts and Nevis,KNA,1972,22944849.115504682,KN,North America,1972-KN,1972
St. Kitts and Nevis,KNA,1973,24196018.376722816,KN,North America,1973-KN,1972
St. Kitts and Nevis,KNA,1974,31514856.307842184,KN,North America,1974-KN,1972
St. Kitts and Nevis,KNA,1975,33364055.29953917,KN,North America,1975-KN,1972
St. Kitts and Nevis,KNA,1976,30095602.294455066,KN,North America,1976-KN,1976
St. Kitts and Nevis,KNA,1977,44496296.29629629,KN,North America,1977-KN,1976
St. Kitts and Nevis,KNA,1978,49433333.33333333,KN,North America,1978-KN,1976
St. Kitts and Nevis,KNA,1979,58840740.74074074,KN,North America,1979-KN,1976
St. Kitts and Nevis,KNA,1980,68459259.25925925,KN,North America,1980-KN,1980
St. Kitts and Nevis,KNA,1981,80888888.88888888,KN,North America,1981-KN,1980
St. Kitts and Nevis,KNA,1982,86022222.22222222,KN,North America,1982-KN,1980
St. Kitts and Nevis,KNA,1983,86874074.07407407,KN,North America,1983-KN,1980
St. Kitts and Nevis,KNA,1984,98603703.7,KN,North America,1984-KN,1984
St. Kitts and Nevis,KNA,1985,111007407.4074074,KN,North America,1985-KN,1984
St. Kitts and Nevis,KNA,1986,130685185.18518518,KN,North America,1986-KN,1984
St. Kitts and Nevis,KNA,1987,147748148.14814815,KN,North America,1987-KN,1984
St. Kitts and Nevis,KNA,1988,172692592.59259257,KN,North America,1988-KN,1988
St. Kitts and Nevis,KNA,1989,192518518.51851848,KN,North America,1989-KN,1988
St. Kitts and Nevis,KNA,1990,217259259.25925925,KN,North America,1990-KN,1988
St. Kitts and Nevis,KNA,1991,220540740.74074072,KN,North America,1991-KN,1988
St. Kitts and Nevis,KNA,1992,242137037.03703701,KN,North America,1992-KN,1992
St. Kitts and Nevis,KNA,1993,263755555.55555555,KN,North America,1993-KN,1992
St. Kitts and Nevis,KNA,1994,295159259.2592592,KN,North America,1994-KN,1992
St. Kitts and Nevis,KNA,1995,313485185.1851852,KN,North America,1995-KN,1992
St. Kitts and Nevis,KNA,1996,333944444.4444444,KN,North America,1996-KN,1996
St. Kitts and Nevis,KNA,1997,374641307.9746413,KN,North America,1997-KN,1996
St. Kitts and Nevis,KNA,1998,383257331.4054796,KN,North America,1998-KN,1996
St. Kitts and Nevis,KNA,1999,406595484.37326217,KN,North America,1999-KN,1996
St. Kitts and Nevis,KNA,2000,421695769.8,KN,North America,2000-KN,2000
St. Kitts and Nevis,KNA,2001,458643829.01419944,KN,North America,2001-KN,2000
St. Kitts and Nevis,KNA,2002,481077373.6699663,KN,North America,2002-KN,2000
St. Kitts and Nevis,KNA,2003,469869869.8698699,KN,North America,2003-KN,2000
St. Kitts and Nevis,KNA,2004,506899999.99999994,KN,North America,2004-KN,2004
St. Kitts and Nevis,KNA,2005,547203703.7037036,KN,North America,2005-KN,2004
St. Kitts and Nevis,KNA,2006,644414814.8148148,KN,North America,2006-KN,2004
St. Kitts and Nevis,KNA,2007,689285185.1851852,KN,North America,2007-KN,2004
St. Kitts and Nevis,KNA,2008,777691333.3333333,KN,North America,2008-KN,2008
St. Kitts and Nevis,KNA,2009,774273111.1111112,KN,North America,2009-KN,2008
St. Kitts and Nevis,KNA,2010,778718518.5185184,KN,North America,2010-KN,2008
St. Kitts and Nevis,KNA,2011,836092592.5925926,KN,North America,2011-KN,2008
St. Kitts and Nevis,KNA,2012,825381481.4814814,KN,North America,2012-KN,2012
St. Kitts and Nevis,KNA,2013,874896296.2962962,KN,North America,2013-KN,2012
St. Kitts and Nevis,KNA,2014,952111111.1,KN,North America,2014-KN,2012
St. Kitts and Nevis,KNA,2015,957222222.2222222,KN,North America,2015-KN,2012
St. Kitts and Nevis,KNA,2016,1006818518.5185184,KN,North America,2016-KN,2016
St. Kitts and Nevis,KNA,2017,1056977777.7777777,KN,North America,2017-KN,2016
St. Kitts and Nevis,KNA,2018,1076548148.148148,KN,North America,2018-KN,2016
St. Kitts and Nevis,KNA,2019,1107855555.5555556,KN,North America,2019-KN,2016
St. Kitts and Nevis,KNA,2020,883922222.2222222,KN,North America,2020-KN,2020
St. Kitts and Nevis,KNA,2021,858622222.2222222,KN,North America,2021-KN,2020
St. Kitts and Nevis,KNA,2022,981429629.6296296,KN,North America,2022-KN,2020
St. Kitts and Nevis,KNA,2023,1077033111.111111,KN,North America,2023-KN,2020
St. Lucia,LCA,1980,170370370.37037036,LC,North America,1980-LC,1980
St. Lucia,LCA,1981,194444444.44444442,LC,North America,1981-LC,1980
St. Lucia,LCA,1982,183333333.3333333,LC,North America,1982-LC,1980
St. Lucia,LCA,1983,197037037.03703701,LC,North America,1983-LC,1980
St. Lucia,LCA,1984,251481481.48148146,LC,North America,1984-LC,1984
St. Lucia,LCA,1985,284444444.4444444,LC,North America,1985-LC,1984
St. Lucia,LCA,1986,340000000,LC,North America,1986-LC,1984
St. Lucia,LCA,1987,375555555.5555555,LC,North America,1987-LC,1984
St. Lucia,LCA,1988,429629629.6296296,LC,North America,1988-LC,1988
St. Lucia,LCA,1989,486666666.6666666,LC,North America,1989-LC,1988
St. Lucia,LCA,1990,579629629.6296296,LC,North America,1990-LC,1988
St. Lucia,LCA,1991,613703703.7037036,LC,North America,1991-LC,1988
St. Lucia,LCA,1992,674074074.1,LC,North America,1992-LC,1992
St. Lucia,LCA,1993,684814814.8148148,LC,North America,1993-LC,1992
St. Lucia,LCA,1994,713703703.7037036,LC,North America,1994-LC,1992
St. Lucia,LCA,1995,762962962.9629629,LC,North America,1995-LC,1992
St. Lucia,LCA,1996,788888888.8888888,LC,North America,1996-LC,1996
St. Lucia,LCA,1997,805925925.9259259,LC,North America,1997-LC,1996
St. Lucia,LCA,1998,877407407.4074074,LC,North America,1998-LC,1996
St. Lucia,LCA,1999,921851851.8518518,LC,North America,1999-LC,1996
St. Lucia,LCA,2000,932592592.5925925,LC,North America,2000-LC,2000
St. Lucia,LCA,2001,892592592.5925925,LC,North America,2001-LC,2000
St. Lucia,LCA,2002,900000000,LC,North America,2002-LC,2000
St. Lucia,LCA,2003,987407407.4074073,LC,North America,2003-LC,2000
St. Lucia,LCA,2004,1066666666.6666666,LC,North America,2004-LC,2004
St. Lucia,LCA,2005,1135555555.5555556,LC,North America,2005-LC,2004
St. Lucia,LCA,2006,1268319185.1851852,LC,North America,2006-LC,2004
St. Lucia,LCA,2007,1336088814.8148148,LC,North America,2007-LC,2004
St. Lucia,LCA,2008,1437731111.111111,LC,North America,2008-LC,2008
St. Lucia,LCA,2009,1401507888.8888888,LC,North America,2009-LC,2008
St. Lucia,LCA,2010,1482385185.1851852,LC,North America,2010-LC,2008
St. Lucia,LCA,2011,1568370370.3703704,LC,North America,2011-LC,2008
St. Lucia,LCA,2012,1598207407.4074073,LC,North America,2012-LC,2012
St. Lucia,LCA,2013,1660222222.222222,LC,North America,2013-LC,2012
St. Lucia,LCA,2014,1749185185.185185,LC,North America,2014-LC,2012
St. Lucia,LCA,2015,1807640740.7407405,LC,North America,2015-LC,2012
St. Lucia,LCA,2016,1868544444.4444444,LC,North America,2016-LC,2016
St. Lucia,LCA,2017,1998503703.7037036,LC,North America,2017-LC,2016
St. Lucia,LCA,2018,2060955555.5555553,LC,North America,2018-LC,2016
St. Lucia,LCA,2019,2092081549.0244443,LC,North America,2019-LC,2016
St. Lucia,LCA,2020,1497825994.2322073,LC,North America,2020-LC,2020
St. Lucia,LCA,2021,1834796401.6326072,LC,North America,2021-LC,2020
St. Lucia,LCA,2022,2343703788.173233,LC,North America,2022-LC,2020
St. Lucia,LCA,2023,2519925938.5244665,LC,North America,2023-LC,2020
St. Martin (French part),MAF,2011,775875748.5238317,MF,North America,2011-MF,2008
St. Martin (French part),MAF,2014,772921958.5295087,MF,North America,2014-MF,2012
St. Martin (French part),MAF,2019,652206037.1038738,MF,North America,2019-MF,2016
St. Martin (French part),MAF,2021,649206262.8475188,MF,North America,2021-MF,2020
St. Vincent and the Grenadines,VCT,1960,13066634.000081666,VC,North America,1960-VC,1960
St. Vincent and the Grenadines,VCT,1961,13999965,VC,North America,1961-VC,1960
St. Vincent and the Grenadines,VCT,1962,14524963.68759078,VC,North America,1962-VC,1960
St. Vincent and the Grenadines,VCT,1963,13708299.062585676,VC,North America,1963-VC,1960
St. Vincent and the Grenadines,VCT,1964,14758296.437592238,VC,North America,1964-VC,1964
St. Vincent and the Grenadines,VCT,1965,15108295.562594427,VC,North America,1965-VC,1964
St. Vincent and the Grenadines,VCT,1966,16099959.750100624,VC,North America,1966-VC,1964
St. Vincent and the Grenadines,VCT,1967,15835106.032778101,VC,North America,1967-VC,1964
St. Vincent and the Grenadines,VCT,1968,15350000,VC,North America,1968-VC,1968
St. Vincent and the Grenadines,VCT,1969,16649999.999999998,VC,North America,1969-VC,1968
St. Vincent and the Grenadines,VCT,1970,18450000,VC,North America,1970-VC,1968
St. Vincent and the Grenadines,VCT,1971,20051922.326144516,VC,North America,1971-VC,1968
St. Vincent and the Grenadines,VCT,1972,27585804.87,VC,North America,1972-VC,1972
St. Vincent and the Grenadines,VCT,1973,30165081.08588167,VC,North America,1973-VC,1972
St. Vincent and the Grenadines,VCT,1974,32923702.728186585,VC,North America,1974-VC,1972
St. Vincent and the Grenadines,VCT,1975,33237225.98806524,VC,North America,1975-VC,1972
St. Vincent and the Grenadines,VCT,1976,32792844.682944816,VC,North America,1976-VC,1976
St. Vincent and the Grenadines,VCT,1977,49353161.85185185,VC,North America,1977-VC,1976
St. Vincent and the Grenadines,VCT,1978,60844771.48148148,VC,North America,1978-VC,1976
St. Vincent and the Grenadines,VCT,1979,71096359.62962963,VC,North America,1979-VC,1976
St. Vincent and the Grenadines,VCT,1980,82340339.62962963,VC,North America,1980-VC,1980
St. Vincent and the Grenadines,VCT,1981,102086539.25925925,VC,North America,1981-VC,1980
St. Vincent and the Grenadines,VCT,1982,113759203.33333333,VC,North America,1982-VC,1980
St. Vincent and the Grenadines,VCT,1983,122255349.62962963,VC,North America,1983-VC,1980
St. Vincent and the Grenadines,VCT,1984,135024987.77777776,VC,North America,1984-VC,1984
St. Vincent and the Grenadines,VCT,1985,145641705.18518516,VC,North America,1985-VC,1984
St. Vincent and the Grenadines,VCT,1986,160846656.66666666,VC,North America,1986-VC,1984
St. Vincent and the Grenadines,VCT,1987,175580647.4074074,VC,North America,1987-VC,1984
St. Vincent and the Grenadines,VCT,1988,200726712.59259257,VC,North America,1988-VC,1988
St. Vincent and the Grenadines,VCT,1989,214745002.2222222,VC,North America,1989-VC,1988
St. Vincent and the Grenadines,VCT,1990,240366666.66666666,VC,North America,1990-VC,1988
St. Vincent and the Grenadines,VCT,1991,254829629.6296296,VC,North America,1991-VC,1988
St. Vincent and the Grenadines,VCT,1992,277955555.5555555,VC,North America,1992-VC,1992
St. Vincent and the Grenadines,VCT,1993,286307407.4074074,VC,North America,1993-VC,1992
St. Vincent and the Grenadines,VCT,1994,289437037,VC,North America,1994-VC,1992
St. Vincent and the Grenadines,VCT,1995,316007407.4074074,VC,North America,1995-VC,1992
St. Vincent and the Grenadines,VCT,1996,331488888.8888889,VC,North America,1996-VC,1996
St. Vincent and the Grenadines,VCT,1997,347770370.3703703,VC,North America,1997-VC,1996
St. Vincent and the Grenadines,VCT,1998,373618518.5185185,VC,North America,1998-VC,1996
St. Vincent and the Grenadines,VCT,1999,390718518.5185185,VC,North America,1999-VC,1996
St. Vincent and the Grenadines,VCT,2000,427946037,VC,North America,2000-VC,2000
St. Vincent and the Grenadines,VCT,2001,462072333.3333333,VC,North America,2001-VC,2000
St. Vincent and the Grenadines,VCT,2002,487763851.8518518,VC,North America,2002-VC,2000
St. Vincent and the Grenadines,VCT,2003,509090888.88888884,VC,North America,2003-VC,2000
St. Vincent and the Grenadines,VCT,2004,549900185.1851852,VC,North America,2004-VC,2004
St. Vincent and the Grenadines,VCT,2005,579948925.9259259,VC,North America,2005-VC,2004
St. Vincent and the Grenadines,VCT,2006,643501148.1481481,VC,North America,2006-VC,2004
St. Vincent and the Grenadines,VCT,2007,713596666.6666666,VC,North America,2007-VC,2004
St. Vincent and the Grenadines,VCT,2008,732663259.2592592,VC,North America,2008-VC,2008
St. Vincent and the Grenadines,VCT,2009,714300259.2592592,VC,North America,2009-VC,2008
St. Vincent and the Grenadines,VCT,2010,720447888.8888888,VC,North America,2010-VC,2008
St. Vincent and the Grenadines,VCT,2011,713796370.3703703,VC,North America,2011-VC,2008
St. Vincent and the Grenadines,VCT,2012,730032592.5925926,VC,North America,2012-VC,2012
St. Vincent and the Grenadines,VCT,2013,764781259.2592592,VC,North America,2013-VC,2012
St. Vincent and the Grenadines,VCT,2014,770899999.9999999,VC,North America,2014-VC,2012
St. Vincent and the Grenadines,VCT,2015,786555555.5555555,VC,North America,2015-VC,2012
St. Vincent and the Grenadines,VCT,2016,814303703.7037036,VC,North America,2016-VC,2016
St. Vincent and the Grenadines,VCT,2017,844040740.7407407,VC,North America,2017-VC,2016
St. Vincent and the Grenadines,VCT,2018,884329629.6296296,VC,North America,2018-VC,2016
St. Vincent and the Grenadines,VCT,2019,910766666.6666666,VC,North America,2019-VC,2016
St. Vincent and the Grenadines,VCT,2020,869111111.1,VC,North America,2020-VC,2020
St. Vincent and the Grenadines,VCT,2021,872225925.9259259,VC,North America,2021-VC,2020
St. Vincent and the Grenadines,VCT,2022,966492592.5925925,VC,North America,2022-VC,2020
St. Vincent and the Grenadines,VCT,2023,1065962962.9629629,VC,North America,2023-VC,2020
Sudan,SDN,1960,1127011494.2528737,SD,Africa,1960-SD,1960
Sudan,SDN,1961,1223563218.3908045,SD,Africa,1961-SD,1960
Sudan,SDN,1962,1329022988.505747,SD,Africa,1962-SD,1960
Sudan,SDN,1963,1352011494.2528737,SD,Africa,1963-SD,1960
Sudan,SDN,1964,1389080459.770115,SD,Africa,1964-SD,1964
Sudan,SDN,1965,1447701149.4252872,SD,Africa,1965-SD,1964
Sudan,SDN,1966,1485344827.586207,SD,Africa,1966-SD,1964
Sudan,SDN,1967,1608333333.3333333,SD,Africa,1967-SD,1964
Sudan,SDN,1968,1678735632.1839085,SD,Africa,1968-SD,1968
Sudan,SDN,1969,1848563218.3908045,SD,Africa,1969-SD,1968
Sudan,SDN,1970,2101436781.6091955,SD,Africa,1970-SD,1968
Sudan,SDN,1971,2289655172.413793,SD,Africa,1971-SD,1968
Sudan,SDN,1972,2484482759,SD,Africa,1972-SD,1972
Sudan,SDN,1973,3079022988.5057473,SD,Africa,1973-SD,1972
Sudan,SDN,1974,3961206896.551724,SD,Africa,1974-SD,1972
Sudan,SDN,1975,4825862068.965517,SD,Africa,1975-SD,1972
Sudan,SDN,1976,6016666666.666667,SD,Africa,1976-SD,1976
Sudan,SDN,1977,7503448275.862069,SD,Africa,1977-SD,1976
Sudan,SDN,1978,8138461538.461538,SD,Africa,1978-SD,1976
Sudan,SDN,1979,8421678321.678321,SD,Africa,1979-SD,1976
Sudan,SDN,1980,8951800000,SD,Africa,1980-SD,1980
Sudan,SDN,1981,10751162790.697674,SD,Africa,1981-SD,1980
Sudan,SDN,1982,8735294117.647058,SD,Africa,1982-SD,1980
Sudan,SDN,1983,8230153846.153847,SD,Africa,1983-SD,1980
Sudan,SDN,1984,10447615384.615385,SD,Africa,1984-SD,1984
Sudan,SDN,1985,8075347222.222222,SD,Africa,1985-SD,1984
Sudan,SDN,1986,10092200000,SD,Africa,1986-SD,1984
Sudan,SDN,1987,12093333333.333334,SD,Africa,1987-SD,1984
Sudan,SDN,1988,14372555555.55556,SD,Africa,1988-SD,1988
Sudan,SDN,1989,21408111111.111115,SD,Africa,1989-SD,1988
Sudan,SDN,1990,33641222222.222225,SD,Africa,1990-SD,1988
Sudan,SDN,1991,44168918918.918915,SD,Africa,1991-SD,1988
Sudan,SDN,1992,7031909434.272107,SD,Africa,1992-SD,1992
Sudan,SDN,1993,8881005435.806017,SD,Africa,1993-SD,1992
Sudan,SDN,1994,12793794737.042011,SD,Africa,1994-SD,1992
Sudan,SDN,1995,13830363899.916332,SD,Africa,1995-SD,1992
Sudan,SDN,1996,9018300724.660856,SD,Africa,1996-SD,1996
Sudan,SDN,1997,11681175864.338284,SD,Africa,1997-SD,1996
Sudan,SDN,1998,11250221536.748407,SD,Africa,1998-SD,1996
Sudan,SDN,1999,10682028339.68982,SD,Africa,1999-SD,1996
Sudan,SDN,2000,12257299147.293604,SD,Africa,2000-SD,2000
Sudan,SDN,2001,15716361792.192642,SD,Africa,2001-SD,2000
Sudan,SDN,2002,18137128388.360603,SD,Africa,2002-SD,2000
Sudan,SDN,2003,21355298459.595512,SD,Africa,2003-SD,2000
Sudan,SDN,2004,26646007250.731857,SD,Africa,2004-SD,2004
Sudan,SDN,2005,35182711987.974014,SD,Africa,2005-SD,2004
Sudan,SDN,2006,45263831634,SD,Africa,2006-SD,2004
Sudan,SDN,2007,59440139774.81277,SD,Africa,2007-SD,2004
Sudan,SDN,2008,64833083257,SD,Africa,2008-SD,2008
Sudan,SDN,2009,51621044076.92307,SD,Africa,2009-SD,2008
Sudan,SDN,2010,58962978034.48276,SD,Africa,2010-SD,2008
Sudan,SDN,2011,55018567210.52632,SD,Africa,2011-SD,2008
Sudan,SDN,2012,37632919966.666664,SD,Africa,2012-SD,2012
Sudan,SDN,2013,43024018082.19178,SD,Africa,2013-SD,2012
Sudan,SDN,2014,49516748617.97752,SD,Africa,2014-SD,2012
Sudan,SDN,2015,51726758676.76768,SD,Africa,2015-SD,2012
Sudan,SDN,2016,42630376000,SD,Africa,2016-SD,2016
Sudan,SDN,2017,41283617976.190475,SD,Africa,2017-SD,2016
Sudan,SDN,2018,32333780383.29238,SD,Africa,2018-SD,2016
Sudan,SDN,2019,32338079165.289257,SD,Africa,2019-SD,2016
Sudan,SDN,2020,27034593750,SD,Africa,2020-SD,2020
Sudan,SDN,2021,34229513774.993607,SD,Africa,2021-SD,2020
Sudan,SDN,2022,51666875363,SD,Africa,2022-SD,2020
Sudan,SDN,2023,109327023588.73239,SD,Africa,2023-SD,2020
Suriname,SUR,1960,99650000,SR,South America,1960-SR,1960
Suriname,SUR,1961,107700000,SR,South America,1961-SR,1960
Suriname,SUR,1962,116150000,SR,South America,1962-SR,1960
Suriname,SUR,1963,125950000,SR,South America,1963-SR,1960
Suriname,SUR,1964,134400000,SR,South America,1964-SR,1964
Suriname,SUR,1965,154150000,SR,South America,1965-SR,1964
Suriname,SUR,1966,190350000,SR,South America,1966-SR,1964
Suriname,SUR,1967,220700000,SR,South America,1967-SR,1964
Suriname,SUR,1968,241350000,SR,South America,1968-SR,1968
Suriname,SUR,1969,259650000,SR,South America,1969-SR,1968
Suriname,SUR,1970,274900000,SR,South America,1970-SR,1968
Suriname,SUR,1971,301000000,SR,South America,1971-SR,1968
Suriname,SUR,1972,311950000,SR,South America,1972-SR,1972
Suriname,SUR,1973,339449999.99999994,SR,South America,1973-SR,1972
Suriname,SUR,1974,409850000,SR,South America,1974-SR,1972
Suriname,SUR,1975,465500000.00000006,SR,South America,1975-SR,1972
Suriname,SUR,1976,505499999.99999994,SR,South America,1976-SR,1976
Suriname,SUR,1977,641500000,SR,South America,1977-SR,1976
Suriname,SUR,1978,735500000,SR,South America,1978-SR,1976
Suriname,SUR,1979,782500000,SR,South America,1979-SR,1976
Suriname,SUR,1980,795000000,SR,South America,1980-SR,1980
Suriname,SUR,1981,889000000,SR,South America,1981-SR,1980
Suriname,SUR,1982,915000000,SR,South America,1982-SR,1980
Suriname,SUR,1983,883500000,SR,South America,1983-SR,1980
Suriname,SUR,1984,864000000,SR,South America,1984-SR,1984
Suriname,SUR,1985,873000000,SR,South America,1985-SR,1984
Suriname,SUR,1986,891000000,SR,South America,1986-SR,1984
Suriname,SUR,1987,980000000,SR,South America,1987-SR,1984
Suriname,SUR,1988,1161000000,SR,South America,1988-SR,1988
Suriname,SUR,1989,542600000,SR,South America,1989-SR,1988
Suriname,SUR,1990,388400000,SR,South America,1990-SR,1988
Suriname,SUR,1991,448100000,SR,South America,1991-SR,1988
Suriname,SUR,1992,404600000,SR,South America,1992-SR,1992
Suriname,SUR,1993,428764705.8823529,SR,South America,1993-SR,1992
Suriname,SUR,1994,605492537.3134328,SR,South America,1994-SR,1992
Suriname,SUR,1995,691590497.7375566,SR,South America,1995-SR,1992
Suriname,SUR,1996,861372806.2082002,SR,South America,1996-SR,1996
Suriname,SUR,1997,926422500,SR,South America,1997-SR,1996
Suriname,SUR,1998,1110850000,SR,South America,1998-SR,1996
Suriname,SUR,1999,886290697.6744186,SR,South America,1999-SR,1996
Suriname,SUR,2000,947671969.6969696,SR,South America,2000-SR,2000
Suriname,SUR,2001,834279357.7981651,SR,South America,2001-SR,2000
Suriname,SUR,2002,1093574468.0851064,SR,South America,2002-SR,2000
Suriname,SUR,2003,1274190311.4186852,SR,South America,2003-SR,2000
Suriname,SUR,2004,1484092538.405267,SR,South America,2004-SR,2004
Suriname,SUR,2005,1793410397.387383,SR,South America,2005-SR,2004
Suriname,SUR,2006,2626380435.178773,SR,South America,2006-SR,2004
Suriname,SUR,2007,2936612021.8579235,SR,South America,2007-SR,2004
Suriname,SUR,2008,3532969034.608379,SR,South America,2008-SR,2008
Suriname,SUR,2009,3875409836.0655737,SR,South America,2009-SR,2008
Suriname,SUR,2010,4368370997.921263,SR,South America,2010-SR,2008
Suriname,SUR,2011,4422276621.787026,SR,South America,2011-SR,2008
Suriname,SUR,2012,4980000000,SR,South America,2012-SR,2012
Suriname,SUR,2013,5145757575.757576,SR,South America,2013-SR,2012
Suriname,SUR,2014,5240606060.606061,SR,South America,2014-SR,2012
Suriname,SUR,2015,5126237646.220717,SR,South America,2015-SR,2012
Suriname,SUR,2016,3317421648.0991807,SR,South America,2016-SR,2016
Suriname,SUR,2017,3591679430.999881,SR,South America,2017-SR,2016
Suriname,SUR,2018,3996198866.574535,SR,South America,2018-SR,2016
Suriname,SUR,2019,4016040575.0879593,SR,South America,2019-SR,2016
Suriname,SUR,2020,2911807496.2022653,SR,South America,2020-SR,2020
Suriname,SUR,2021,3081401725.888325,SR,South America,2021-SR,2020
Suriname,SUR,2022,3620987993.326366,SR,South America,2022-SR,2020
Suriname,SUR,2023,3782437296.0432286,SR,South America,2023-SR,2020
Sweden,SWE,1960,15953203852.683083,SE,Europe,1960-SE,1960
Sweden,SWE,1961,17354781170.861324,SE,Europe,1961-SE,1960
Sweden,SWE,1962,18821353528.99362,SE,Europe,1962-SE,1960
Sweden,SWE,1963,20371666154.376118,SE,Europe,1963-SE,1960
Sweden,SWE,1964,22718426804.352917,SE,Europe,1964-SE,1964
Sweden,SWE,1965,25000191834.464943,SE,Europe,1965-SE,1964
Sweden,SWE,1966,27194141951.330715,SE,Europe,1966-SE,1964
Sweden,SWE,1967,29517675437.388924,SE,Europe,1967-SE,1964
Sweden,SWE,1968,31323283317,SE,Europe,1968-SE,1968
Sweden,SWE,1969,34016617941.588882,SE,Europe,1969-SE,1968
Sweden,SWE,1970,38092452060.620125,SE,Europe,1970-SE,1968
Sweden,SWE,1971,41566412922.60872,SE,Europe,1971-SE,1968
Sweden,SWE,1972,48954145808.83588,SE,Europe,1972-SE,1972
Sweden,SWE,1973,59404966684.22137,SE,Europe,1973-SE,1972
Sweden,SWE,1974,66013338964.72496,SE,Europe,1974-SE,1972
Sweden,SWE,1975,82885397620.53851,SE,Europe,1975-SE,1972
Sweden,SWE,1976,89362071672.90341,SE,Europe,1976-SE,1976
Sweden,SWE,1977,94468740851.48161,SE,Europe,1977-SE,1976
Sweden,SWE,1978,104442351222.7509,SE,Europe,1978-SE,1976
Sweden,SWE,1979,123386410160.71469,SE,Europe,1979-SE,1976
Sweden,SWE,1980,142092068280.6885,SE,Europe,1980-SE,1980
Sweden,SWE,1981,129686938223.3282,SE,Europe,1981-SE,1980
Sweden,SWE,1982,114380557730.87575,SE,Europe,1982-SE,1980
Sweden,SWE,1983,105014356666.7971,SE,Europe,1983-SE,1980
Sweden,SWE,1984,109201362581.30031,SE,Europe,1984-SE,1984
Sweden,SWE,1985,114123537581.79431,SE,Europe,1985-SE,1984
Sweden,SWE,1986,150498057723.62286,SE,Europe,1986-SE,1984
Sweden,SWE,1987,183009638350.8927,SE,Europe,1987-SE,1984
Sweden,SWE,1988,206986674500.58752,SE,Europe,1988-SE,1988
Sweden,SWE,1989,217948315624.56372,SE,Europe,1989-SE,1988
Sweden,SWE,1990,261846194498.88492,SE,Europe,1990-SE,1988
Sweden,SWE,1991,274229034311.69904,SE,Europe,1991-SE,1988
Sweden,SWE,1992,284321115594.6289,SE,Europe,1992-SE,1992
Sweden,SWE,1993,212953336588.12344,SE,Europe,1993-SE,1992
Sweden,SWE,1994,229033566614.82632,SE,Europe,1994-SE,1992
Sweden,SWE,1995,267305875261.09933,SE,Europe,1995-SE,1992
Sweden,SWE,1996,291743811512.07874,SE,Europe,1996-SE,1996
Sweden,SWE,1997,268146144677.7299,SE,Europe,1997-SE,1996
Sweden,SWE,1998,270809066780.7142,SE,Europe,1998-SE,1996
Sweden,SWE,1999,274072182416.73123,SE,Europe,1999-SE,1996
Sweden,SWE,2000,262835454366.8551,SE,Europe,2000-SE,2000
Sweden,SWE,2001,2.42396E+11,SE,Europe,2001-SE,2000
Sweden,SWE,2002,266849061835.6595,SE,Europe,2002-SE,2000
Sweden,SWE,2003,334337212322.0756,SE,Europe,2003-SE,2000
Sweden,SWE,2004,385118044877.46466,SE,Europe,2004-SE,2004
Sweden,SWE,2005,392218088878.77856,SE,Europe,2005-SE,2004
Sweden,SWE,2006,423093437423.7619,SE,Europe,2006-SE,2004
Sweden,SWE,2007,491252589217.02075,SE,Europe,2007-SE,2004
Sweden,SWE,2008,517706149201.19556,SE,Europe,2008-SE,2008
Sweden,SWE,2009,436537014293.5535,SE,Europe,2009-SE,2008
Sweden,SWE,2010,495812558843.31036,SE,Europe,2010-SE,2008
Sweden,SWE,2011,574094112972.7327,SE,Europe,2011-SE,2008
Sweden,SWE,2012,552483727282.8025,SE,Europe,2012-SE,2012
Sweden,SWE,2013,586841821796.8911,SE,Europe,2013-SE,2012
Sweden,SWE,2014,581964017237.0946,SE,Europe,2014-SE,2012
Sweden,SWE,2015,505103781349.7569,SE,Europe,2015-SE,2012
Sweden,SWE,2016,515654671469.54694,SE,Europe,2016-SE,2016
Sweden,SWE,2017,541018749769.0971,SE,Europe,2017-SE,2016
Sweden,SWE,2018,555455371487.0894,SE,Europe,2018-SE,2016
Sweden,SWE,2019,533879529188.45374,SE,Europe,2019-SE,2016
Sweden,SWE,2020,547054174235.87585,SE,Europe,2020-SE,2020
Sweden,SWE,2021,639714956069.4681,SE,Europe,2021-SE,2020
Sweden,SWE,2022,590409594949.1022,SE,Europe,2022-SE,2020
Sweden,SWE,2023,593267701033.4082,SE,Europe,2023-SE,2020
Switzerland,CHE,1960,10412232620.525839,CH,Europe,1960-CH,1960
Switzerland,CHE,1961,11713348834.306866,CH,Europe,1961-CH,1960
Switzerland,CHE,1962,12989649694.281164,CH,Europe,1962-CH,1960
Switzerland,CHE,1963,14283872299.045553,CH,Europe,1963-CH,1960
Switzerland,CHE,1964,15833133857.628052,CH,Europe,1964-CH,1964
Switzerland,CHE,1965,16780226225.084959,CH,Europe,1965-CH,1964
Switzerland,CHE,1966,18019402373.538822,CH,Europe,1966-CH,1964
Switzerland,CHE,1967,19397044714.096264,CH,Europe,1967-CH,1964
Switzerland,CHE,1968,20712102793.802624,CH,Europe,1968-CH,1968
Switzerland,CHE,1969,22442043274.07404,CH,Europe,1969-CH,1968
Switzerland,CHE,1970,24998066773.382114,CH,Europe,1970-CH,1968
Switzerland,CHE,1971,30040171750.64709,CH,Europe,1971-CH,1968
Switzerland,CHE,1972,36844318854,CH,Europe,1972-CH,1972
Switzerland,CHE,1973,49550006319.51466,CH,Europe,1973-CH,1972
Switzerland,CHE,1974,57103011445.641594,CH,Europe,1974-CH,1972
Switzerland,CHE,1975,65466081819.238365,CH,Europe,1975-CH,1972
Switzerland,CHE,1976,68476524643.94303,CH,Europe,1976-CH,1976
Switzerland,CHE,1977,73135771167.04805,CH,Europe,1977-CH,1976
Switzerland,CHE,1978,102280472035.79417,CH,Europe,1978-CH,1976
Switzerland,CHE,1979,114970094424.73085,CH,Europe,1979-CH,1976
Switzerland,CHE,1980,122557843886.13715,CH,Europe,1980-CH,1980
Switzerland,CHE,1981,112244805518.78627,CH,Europe,1981-CH,1980
Switzerland,CHE,1982,115043365512.48584,CH,Europe,1982-CH,1980
Switzerland,CHE,1983,114634358534.61008,CH,Europe,1983-CH,1980
Switzerland,CHE,1984,109455312167.51076,CH,Europe,1984-CH,1984
Switzerland,CHE,1985,110980314191.52658,CH,Europe,1985-CH,1984
Switzerland,CHE,1986,159089921062.87177,CH,Europe,1986-CH,1984
Switzerland,CHE,1987,199236370037.55365,CH,Europe,1987-CH,1984
Switzerland,CHE,1988,215540625298.98175,CH,Europe,1988-CH,1988
Switzerland,CHE,1989,208105846934.4092,CH,Europe,1989-CH,1988
Switzerland,CHE,1990,265763573999.42413,CH,Europe,1990-CH,1988
Switzerland,CHE,1991,268901693863.3194,CH,Europe,1991-CH,1988
Switzerland,CHE,1992,279921425828.47394,CH,Europe,1992-CH,1992
Switzerland,CHE,1993,272237527070.9258,CH,Europe,1993-CH,1992
Switzerland,CHE,1994,301375055202.16425,CH,Europe,1994-CH,1992
Switzerland,CHE,1995,352835806342.4947,CH,Europe,1995-CH,1992
Switzerland,CHE,1996,340103959546.9256,CH,Europe,1996-CH,1996
Switzerland,CHE,1997,294788198856.1979,CH,Europe,1997-CH,1996
Switzerland,CHE,1998,303459014346.80646,CH,Europe,1998-CH,1996
Switzerland,CHE,1999,297873643323.1261,CH,Europe,1999-CH,1996
Switzerland,CHE,2000,279216033870.2037,CH,Europe,2000-CH,2000
Switzerland,CHE,2001,286582672434.22614,CH,Europe,2001-CH,2000
Switzerland,CHE,2002,309301422430.3862,CH,Europe,2002-CH,2000
Switzerland,CHE,2003,362075086507.7597,CH,Europe,2003-CH,2000
Switzerland,CHE,2004,403912891033.37354,CH,Europe,2004-CH,2004
Switzerland,CHE,2005,418284865884.99835,CH,Europe,2005-CH,2004
Switzerland,CHE,2006,441634672196.5226,CH,Europe,2006-CH,2004
Switzerland,CHE,2007,490740715594.80176,CH,Europe,2007-CH,2004
Switzerland,CHE,2008,5.67268E+11,CH,Europe,2008-CH,2008
Switzerland,CHE,2009,554212916092.2709,CH,Europe,2009-CH,2008
Switzerland,CHE,2010,598851028906.5803,CH,Europe,2010-CH,2008
Switzerland,CHE,2011,715888126682.3959,CH,Europe,2011-CH,2008
Switzerland,CHE,2012,686420221557.9899,CH,Europe,2012-CH,2012
Switzerland,CHE,2013,706234937370.9675,CH,Europe,2013-CH,2012
Switzerland,CHE,2014,726537808338.0005,CH,Europe,2014-CH,2012
Switzerland,CHE,2015,694118186379.6278,CH,Europe,2015-CH,2012
Switzerland,CHE,2016,687895460902.7133,CH,Europe,2016-CH,2016
Switzerland,CHE,2017,695200833086.4989,CH,Europe,2017-CH,2016
Switzerland,CHE,2018,725568717468.0009,CH,Europe,2018-CH,2016
Switzerland,CHE,2019,721369112726.7239,CH,Europe,2019-CH,2016
Switzerland,CHE,2020,741999406005.6272,CH,Europe,2020-CH,2020
Switzerland,CHE,2021,813408787222.4987,CH,Europe,2021-CH,2020
Switzerland,CHE,2022,818426550206.4498,CH,Europe,2022-CH,2020
Switzerland,CHE,2023,884940402230.4088,CH,Europe,2023-CH,2020
Syrian Arab Republic,SYR,1960,857704431.6879464,SY,Middle East,1960-SY,1960
Syrian Arab Republic,SYR,1961,945244992.2,SY,Middle East,1961-SY,1960
Syrian Arab Republic,SYR,1962,1110565863.543532,SY,Middle East,1962-SY,1960
Syrian Arab Republic,SYR,1963,1200447429.3690808,SY,Middle East,1963-SY,1960
Syrian Arab Republic,SYR,1964,1339494290.4393241,SY,Middle East,1964-SY,1964
Syrian Arab Republic,SYR,1965,1472036550.7118247,SY,Middle East,1965-SY,1964
Syrian Arab Republic,SYR,1966,1342287556.5829074,SY,Middle East,1966-SY,1964
Syrian Arab Republic,SYR,1967,1580229795.125449,SY,Middle East,1967-SY,1964
Syrian Arab Republic,SYR,1968,1753746369.6853652,SY,Middle East,1968-SY,1968
Syrian Arab Republic,SYR,1969,2245011571.9855757,SY,Middle East,1969-SY,1968
Syrian Arab Republic,SYR,1970,2140383979.216372,SY,Middle East,1970-SY,1968
Syrian Arab Republic,SYR,1971,2589851240.519082,SY,Middle East,1971-SY,1968
Syrian Arab Republic,SYR,1972,3059681664.7434726,SY,Middle East,1972-SY,1972
Syrian Arab Republic,SYR,1973,3239487611.7799244,SY,Middle East,1973-SY,1972
Syrian Arab Republic,SYR,1974,5159556980.8440075,SY,Middle East,1974-SY,1972
Syrian Arab Republic,SYR,1975,6826980534.889599,SY,Middle East,1975-SY,1972
Syrian Arab Republic,SYR,1976,7633528673.680348,SY,Middle East,1976-SY,1976
Syrian Arab Republic,SYR,1977,7696011416.841057,SY,Middle East,1977-SY,1976
Syrian Arab Republic,SYR,1978,9275200184.608929,SY,Middle East,1978-SY,1976
Syrian Arab Republic,SYR,1979,9929681649.336514,SY,Middle East,1979-SY,1976
Syrian Arab Republic,SYR,1980,13062420540.911455,SY,Middle East,1980-SY,1980
Syrian Arab Republic,SYR,1981,15518201653.828663,SY,Middle East,1981-SY,1980
Syrian Arab Republic,SYR,1982,16298929565.270233,SY,Middle East,1982-SY,1980
Syrian Arab Republic,SYR,1983,17589277049.840878,SY,Middle East,1983-SY,1980
Syrian Arab Republic,SYR,1984,17503077755.182484,SY,Middle East,1984-SY,1984
Syrian Arab Republic,SYR,1985,16403540489.611633,SY,Middle East,1985-SY,1984
Syrian Arab Republic,SYR,1986,13293205173.067772,SY,Middle East,1986-SY,1984
Syrian Arab Republic,SYR,1987,11356215250.563152,SY,Middle East,1987-SY,1984
Syrian Arab Republic,SYR,1988,10577041826.05192,SY,Middle East,1988-SY,1988
Syrian Arab Republic,SYR,1989,9853395871.832277,SY,Middle East,1989-SY,1988
Syrian Arab Republic,SYR,1990,12308624283.956398,SY,Middle East,1990-SY,1988
Syrian Arab Republic,SYR,1991,12981833333.333334,SY,Middle East,1991-SY,1988
Syrian Arab Republic,SYR,1992,13253565898.955755,SY,Middle East,1992-SY,1992
Syrian Arab Republic,SYR,1993,13695962019.208378,SY,Middle East,1993-SY,1992
Syrian Arab Republic,SYR,1994,10122020000,SY,Middle East,1994-SY,1992
Syrian Arab Republic,SYR,1995,11396706586.826347,SY,Middle East,1995-SY,1992
Syrian Arab Republic,SYR,1996,13789560878.243513,SY,Middle East,1996-SY,1996
Syrian Arab Republic,SYR,1997,14505233463.035019,SY,Middle East,1997-SY,1996
Syrian Arab Republic,SYR,1998,15200846153.846153,SY,Middle East,1998-SY,1996
Syrian Arab Republic,SYR,1999,15873875968.992249,SY,Middle East,1999-SY,1996
Syrian Arab Republic,SYR,2000,18937052543,SY,Middle East,2000-SY,2000
Syrian Arab Republic,SYR,2001,20237024724.703926,SY,Middle East,2001-SY,2000
Syrian Arab Republic,SYR,2002,20669357462.383083,SY,Middle East,2002-SY,2000
Syrian Arab Republic,SYR,2003,21828144686.03942,SY,Middle East,2003-SY,2000
Syrian Arab Republic,SYR,2004,25086950495.049503,SY,Middle East,2004-SY,2004
Syrian Arab Republic,SYR,2005,28858965517.24138,SY,Middle East,2005-SY,2004
Syrian Arab Republic,SYR,2006,33751788856.304985,SY,Middle East,2006-SY,2004
Syrian Arab Republic,SYR,2007,40465318382.05847,SY,Middle East,2007-SY,2004
Syrian Arab Republic,SYR,2008,52557913193,SY,Middle East,2008-SY,2008
Syrian Arab Republic,SYR,2009,54111735241.541405,SY,Middle East,2009-SY,2008
Syrian Arab Republic,SYR,2010,61390831317.86349,SY,Middle East,2010-SY,2008
Syrian Arab Republic,SYR,2011,67539427670.99577,SY,Middle East,2011-SY,2008
Syrian Arab Republic,SYR,2012,43190317724.70877,SY,Middle East,2012-SY,2012
Syrian Arab Republic,SYR,2013,21361254647.99036,SY,Middle East,2013-SY,2012
Syrian Arab Republic,SYR,2014,21502061462.21215,SY,Middle East,2014-SY,2012
Syrian Arab Republic,SYR,2015,16466863097.212492,SY,Middle East,2015-SY,2012
Syrian Arab Republic,SYR,2016,12597854884.462017,SY,Middle East,2016-SY,2016
Syrian Arab Republic,SYR,2017,16369843341.386547,SY,Middle East,2017-SY,2016
Syrian Arab Republic,SYR,2018,21497782880.748817,SY,Middle East,2018-SY,2016
Syrian Arab Republic,SYR,2019,22583045052.559994,SY,Middle East,2019-SY,2016
Syrian Arab Republic,SYR,2020,11155888304.002296,SY,Middle East,2020-SY,2020
Syrian Arab Republic,SYR,2021,8980060818.721447,SY,Middle East,2021-SY,2020
Tajikistan,TJK,1990,2603571428.571429,TJ,Middle East,1990-TJ,1988
Tajikistan,TJK,1991,2550943396.226415,TJ,Middle East,1991-TJ,1988
Tajikistan,TJK,1992,1908554572.2713864,TJ,Middle East,1992-TJ,1992
Tajikistan,TJK,1993,1646623195.1560316,TJ,Middle East,1993-TJ,1992
Tajikistan,TJK,1994,1522001205.5455093,TJ,Middle East,1994-TJ,1992
Tajikistan,TJK,1995,1231561860.3994637,TJ,Middle East,1995-TJ,1992
Tajikistan,TJK,1996,1043654822.3350254,TJ,Middle East,1996-TJ,1996
Tajikistan,TJK,1997,921518032.9093261,TJ,Middle East,1997-TJ,1996
Tajikistan,TJK,1998,1320199581.5226138,TJ,Middle East,1998-TJ,1996
Tajikistan,TJK,1999,1086612290.2717097,TJ,Middle East,1999-TJ,1996
Tajikistan,TJK,2000,860541842.2636966,TJ,Middle East,2000-TJ,2000
Tajikistan,TJK,2001,1080772551.2943304,TJ,Middle East,2001-TJ,2000
Tajikistan,TJK,2002,1221106220.2867951,TJ,Middle East,2002-TJ,2000
Tajikistan,TJK,2003,1555318261.4172034,TJ,Middle East,2003-TJ,2000
Tajikistan,TJK,2004,2076176869.4108884,TJ,Middle East,2004-TJ,2004
Tajikistan,TJK,2005,2312352020.668896,TJ,Middle East,2005-TJ,2004
Tajikistan,TJK,2006,2830213848.620304,TJ,Middle East,2006-TJ,2004
Tajikistan,TJK,2007,3719524541,TJ,Middle East,2007-TJ,2004
Tajikistan,TJK,2008,5161299725.276728,TJ,Middle East,2008-TJ,2008
Tajikistan,TJK,2009,4979472364.453397,TJ,Middle East,2009-TJ,2008
Tajikistan,TJK,2010,5642221099.177043,TJ,Middle East,2010-TJ,2008
Tajikistan,TJK,2011,6522756255.012003,TJ,Middle East,2011-TJ,2008
Tajikistan,TJK,2012,7633036903.076341,TJ,Middle East,2012-TJ,2012
Tajikistan,TJK,2013,8448411318.254166,TJ,Middle East,2013-TJ,2012
Tajikistan,TJK,2014,9112605459.328451,TJ,Middle East,2014-TJ,2012
Tajikistan,TJK,2015,8271431485.0748415,TJ,Middle East,2015-TJ,2012
Tajikistan,TJK,2016,6992416096.890184,TJ,Middle East,2016-TJ,2016
Tajikistan,TJK,2017,7536402852.858016,TJ,Middle East,2017-TJ,2016
Tajikistan,TJK,2018,7764999999.453624,TJ,Middle East,2018-TJ,2016
Tajikistan,TJK,2019,8300813599,TJ,Middle East,2019-TJ,2016
Tajikistan,TJK,2020,8133963550.657425,TJ,Middle East,2020-TJ,2020
Tajikistan,TJK,2021,8937805347,TJ,Middle East,2021-TJ,2020
Tajikistan,TJK,2022,10713525200.39978,TJ,Middle East,2022-TJ,2020
Tajikistan,TJK,2023,12060602008.847782,TJ,Middle East,2023-TJ,2020
Tanzania,TZA,1960,2651729807.3742733,TZ,Africa,1960-TZ,1960
Tanzania,TZA,1961,2826179031.2538676,TZ,Africa,1961-TZ,1960
Tanzania,TZA,1962,3101589992.641155,TZ,Africa,1962-TZ,1960
Tanzania,TZA,1963,3456579293.406073,TZ,Africa,1963-TZ,1960
Tanzania,TZA,1964,3748840925.1051965,TZ,Africa,1964-TZ,1964
Tanzania,TZA,1965,3817226546.2053022,TZ,Africa,1965-TZ,1964
Tanzania,TZA,1966,4377998825.131376,TZ,Africa,1966-TZ,1964
Tanzania,TZA,1967,4565132047.473071,TZ,Africa,1967-TZ,1964
Tanzania,TZA,1968,4895251824.049974,TZ,Africa,1968-TZ,1968
Tanzania,TZA,1969,5142066811.490287,TZ,Africa,1969-TZ,1968
Tanzania,TZA,1970,2851419386.0534015,TZ,Africa,1970-TZ,1968
Tanzania,TZA,1971,3050673517.284841,TZ,Africa,1971-TZ,1968
Tanzania,TZA,1972,3472787266,TZ,Africa,1972-TZ,1972
Tanzania,TZA,1973,4144104535.443735,TZ,Africa,1973-TZ,1972
Tanzania,TZA,1974,4977337978.409766,TZ,Africa,1974-TZ,1972
Tanzania,TZA,1975,5729917839.510141,TZ,Africa,1975-TZ,1972
Tanzania,TZA,1976,6472511987.882161,TZ,Africa,1976-TZ,1976
Tanzania,TZA,1977,7732598995.084452,TZ,Africa,1977-TZ,1976
Tanzania,TZA,1978,9261675709.837656,TZ,Africa,1978-TZ,1976
Tanzania,TZA,1979,9804637490.872066,TZ,Africa,1979-TZ,1976
Tanzania,TZA,1980,11409228086.757168,TZ,Africa,1980-TZ,1980
Tanzania,TZA,1981,13161540377.601131,TZ,Africa,1981-TZ,1980
Tanzania,TZA,1982,13927383239.779364,TZ,Africa,1982-TZ,1980
Tanzania,TZA,1983,14049883808.98596,TZ,Africa,1983-TZ,1980
Tanzania,TZA,1984,12906635133.152544,TZ,Africa,1984-TZ,1984
Tanzania,TZA,1985,15328295175.410576,TZ,Africa,1985-TZ,1984
Tanzania,TZA,1986,10840864521.245523,TZ,Africa,1986-TZ,1984
Tanzania,TZA,1987,7824193222.115487,TZ,Africa,1987-TZ,1984
Tanzania,TZA,1988,7406614407.458849,TZ,Africa,1988-TZ,1988
Tanzania,TZA,1989,6418799006.801046,TZ,Africa,1989-TZ,1988
Tanzania,TZA,1990,6184384225.025945,TZ,Africa,1990-TZ,1988
Tanzania,TZA,1991,7197768158.583471,TZ,Africa,1991-TZ,1988
Tanzania,TZA,1992,6681997469.312918,TZ,Africa,1992-TZ,1992
Tanzania,TZA,1993,6182872707.825234,TZ,Africa,1993-TZ,1992
Tanzania,TZA,1994,6550480483.938498,TZ,Africa,1994-TZ,1992
Tanzania,TZA,1995,7631431840.499919,TZ,Africa,1995-TZ,1992
Tanzania,TZA,1996,9433528150,TZ,Africa,1996-TZ,1996
Tanzania,TZA,1997,11158197941.915222,TZ,Africa,1997-TZ,1996
Tanzania,TZA,1998,12172790056.373257,TZ,Africa,1998-TZ,1996
Tanzania,TZA,1999,12704334195.815088,TZ,Africa,1999-TZ,1996
Tanzania,TZA,2000,13371767081.742813,TZ,Africa,2000-TZ,2000
Tanzania,TZA,2001,13563990022.364098,TZ,Africa,2001-TZ,2000
Tanzania,TZA,2002,14129651895.691141,TZ,Africa,2002-TZ,2000
Tanzania,TZA,2003,15211487708.76844,TZ,Africa,2003-TZ,2000
Tanzania,TZA,2004,16673062473.398092,TZ,Africa,2004-TZ,2004
Tanzania,TZA,2005,18395383647.497456,TZ,Africa,2005-TZ,2004
Tanzania,TZA,2006,18619859795.285236,TZ,Africa,2006-TZ,2004
Tanzania,TZA,2007,21860434823.480766,TZ,Africa,2007-TZ,2004
Tanzania,TZA,2008,27947821397.927227,TZ,Africa,2008-TZ,2008
Tanzania,TZA,2009,29400573553.60746,TZ,Africa,2009-TZ,2008
Tanzania,TZA,2010,32012892919.369995,TZ,Africa,2010-TZ,2008
Tanzania,TZA,2011,34657140096,TZ,Africa,2011-TZ,2008
Tanzania,TZA,2012,39650394362.92873,TZ,Africa,2012-TZ,2012
Tanzania,TZA,2013,45648857242.314995,TZ,Africa,2013-TZ,2012
Tanzania,TZA,2014,49986726460.68049,TZ,Africa,2014-TZ,2012
Tanzania,TZA,2015,47413919817.12405,TZ,Africa,2015-TZ,2012
Tanzania,TZA,2016,49774409374.453766,TZ,Africa,2016-TZ,2016
Tanzania,TZA,2017,53274884532.78861,TZ,Africa,2017-TZ,2016
Tanzania,TZA,2018,57003712892.08581,TZ,Africa,2018-TZ,2016
Tanzania,TZA,2019,61026731925.92128,TZ,Africa,2019-TZ,2016
Tanzania,TZA,2020,66068737786.06392,TZ,Africa,2020-TZ,2020
Tanzania,TZA,2021,70655628147.89859,TZ,Africa,2021-TZ,2020
Tanzania,TZA,2022,75769974505.01057,TZ,Africa,2022-TZ,2020
Tanzania,TZA,2023,79158286333.52399,TZ,Africa,2023-TZ,2020
Thailand,THA,1960,2760750860.621967,TH,Asia,1960-TH,1960
Thailand,THA,1961,3034037810.9679537,TH,Asia,1961-TH,1960
Thailand,THA,1962,3308912796.934866,TH,Asia,1962-TH,1960
Thailand,THA,1963,3540403456.5530486,TH,Asia,1963-TH,1960
Thailand,THA,1964,3889129942.307692,TH,Asia,1964-TH,1964
Thailand,THA,1965,4388937649.038462,TH,Asia,1965-TH,1964
Thailand,THA,1966,5279230817.307693,TH,Asia,1966-TH,1964
Thailand,THA,1967,5638461442.307693,TH,Asia,1967-TH,1964
Thailand,THA,1968,6081009427.884615,TH,Asia,1968-TH,1968
Thailand,THA,1969,6695336567.307693,TH,Asia,1969-TH,1968
Thailand,THA,1970,7086538438,TH,Asia,1970-TH,1968
Thailand,THA,1971,7375000024.038462,TH,Asia,1971-TH,1968
Thailand,THA,1972,8177873151.042242,TH,Asia,1972-TH,1972
Thailand,THA,1973,10838587357.74659,TH,Asia,1973-TH,1972
Thailand,THA,1974,13702998512.449238,TH,Asia,1974-TH,1972
Thailand,THA,1975,14882770593.979597,TH,Asia,1975-TH,1972
Thailand,THA,1976,16985208648.211235,TH,Asia,1976-TH,1976
Thailand,THA,1977,19779312261.31554,TH,Asia,1977-TH,1976
Thailand,THA,1978,24006566637,TH,Asia,1978-TH,1976
Thailand,THA,1979,27371650824.509174,TH,Asia,1979-TH,1976
Thailand,THA,1980,32353514988.728706,TH,Asia,1980-TH,1980
Thailand,THA,1981,34846039193.61307,TH,Asia,1981-TH,1980
Thailand,THA,1982,36589772403.75658,TH,Asia,1982-TH,1980
Thailand,THA,1983,40042798388.49509,TH,Asia,1983-TH,1980
Thailand,THA,1984,41797647775.623795,TH,Asia,1984-TH,1984
Thailand,THA,1985,38900711333,TH,Asia,1985-TH,1984
Thailand,THA,1986,43096773981,TH,Asia,1986-TH,1984
Thailand,THA,1987,50535446554.876854,TH,Asia,1987-TH,1984
Thailand,THA,1988,61667253471.37359,TH,Asia,1988-TH,1988
Thailand,THA,1989,72250748099.97617,TH,Asia,1989-TH,1988
Thailand,THA,1990,85343190719.01065,TH,Asia,1990-TH,1988
Thailand,THA,1991,98234714971.06122,TH,Asia,1991-TH,1988
Thailand,THA,1992,111452746517.65535,TH,Asia,1992-TH,1992
Thailand,THA,1993,128889262951.15672,TH,Asia,1993-TH,1992
Thailand,THA,1994,1.46684E+11,TH,Asia,1994-TH,1992
Thailand,THA,1995,169278916592.84286,TH,Asia,1995-TH,1992
Thailand,THA,1996,183035237429.28085,TH,Asia,1996-TH,1996
Thailand,THA,1997,150180456565.72845,TH,Asia,1997-TH,1996
Thailand,THA,1998,113675596787.7377,TH,Asia,1998-TH,1996
Thailand,THA,1999,126669211778.94038,TH,Asia,1999-TH,1996
Thailand,THA,2000,126392224253.79382,TH,Asia,2000-TH,2000
Thailand,THA,2001,120296476180.40192,TH,Asia,2001-TH,2000
Thailand,THA,2002,134300904400.02177,TH,Asia,2002-TH,2000
Thailand,THA,2003,152280615245.88742,TH,Asia,2003-TH,2000
Thailand,THA,2004,172895685154.65817,TH,Asia,2004-TH,2004
Thailand,THA,2005,189318408468.5952,TH,Asia,2005-TH,2004
Thailand,THA,2006,221758296021.62064,TH,Asia,2006-TH,2004
Thailand,THA,2007,262942621455.05292,TH,Asia,2007-TH,2004
Thailand,THA,2008,291382982430.9515,TH,Asia,2008-TH,2008
Thailand,THA,2009,281710630187.3191,TH,Asia,2009-TH,2008
Thailand,THA,2010,341104766329.1696,TH,Asia,2010-TH,2008
Thailand,THA,2011,370818739623.62195,TH,Asia,2011-TH,2008
Thailand,THA,2012,397558325278.5791,TH,Asia,2012-TH,2012
Thailand,THA,2013,420333654592.54706,TH,Asia,2013-TH,2012
Thailand,THA,2014,407339040197.65125,TH,Asia,2014-TH,2012
Thailand,THA,2015,401296238228.0839,TH,Asia,2015-TH,2012
Thailand,THA,2016,413366349747.5081,TH,Asia,2016-TH,2016
Thailand,THA,2017,456356813536.7637,TH,Asia,2017-TH,2016
Thailand,THA,2018,506754208404.4847,TH,Asia,2018-TH,2016
Thailand,THA,2019,543976691793.88586,TH,Asia,2019-TH,2016
Thailand,THA,2020,500461898480.24554,TH,Asia,2020-TH,2020
Thailand,THA,2021,506256494297.33966,TH,Asia,2021-TH,2020
Thailand,THA,2022,495645210972.7507,TH,Asia,2022-TH,2020
Thailand,THA,2023,514944993833.5776,TH,Asia,2023-TH,2020
Timor-Leste,TLS,1990,128210141.76168899,TL,Asia,1990-TL,1988
Timor-Leste,TLS,1991,147713000,TL,Asia,1991-TL,1988
Timor-Leste,TLS,1992,187891500,TL,Asia,1992-TL,1992
Timor-Leste,TLS,1993,216914400,TL,Asia,1993-TL,1992
Timor-Leste,TLS,1994,239040500,TL,Asia,1994-TL,1992
Timor-Leste,TLS,1995,262819900.00000003,TL,Asia,1995-TL,1992
Timor-Leste,TLS,1996,306956900,TL,Asia,1996-TL,1996
Timor-Leste,TLS,1997,319972700,TL,Asia,1997-TL,1996
Timor-Leste,TLS,1998,325729800,TL,Asia,1998-TL,1996
Timor-Leste,TLS,1999,225357600,TL,Asia,1999-TL,1996
Timor-Leste,TLS,2000,366924300,TL,Asia,2000-TL,2000
Timor-Leste,TLS,2001,477443500,TL,Asia,2001-TL,2000
Timor-Leste,TLS,2002,469455500,TL,Asia,2002-TL,2000
Timor-Leste,TLS,2003,490439100,TL,Asia,2003-TL,2000
Timor-Leste,TLS,2004,440772000,TL,Asia,2004-TL,2004
Timor-Leste,TLS,2005,462268000,TL,Asia,2005-TL,2004
Timor-Leste,TLS,2006,453792400,TL,Asia,2006-TL,2004
Timor-Leste,TLS,2007,542795400,TL,Asia,2007-TL,2004
Timor-Leste,TLS,2008,648523600,TL,Asia,2008-TL,2008
Timor-Leste,TLS,2009,726937800,TL,Asia,2009-TL,2008
Timor-Leste,TLS,2010,881909300,TL,Asia,2010-TL,2008
Timor-Leste,TLS,2011,1042534600,TL,Asia,2011-TL,2008
Timor-Leste,TLS,2012,1160555000,TL,Asia,2012-TL,2012
Timor-Leste,TLS,2013,1395727400,TL,Asia,2013-TL,2012
Timor-Leste,TLS,2014,1447535200,TL,Asia,2014-TL,2012
Timor-Leste,TLS,2015,1595205100,TL,Asia,2015-TL,2012
Timor-Leste,TLS,2016,1652603700,TL,Asia,2016-TL,2016
Timor-Leste,TLS,2017,1598208400,TL,Asia,2017-TL,2016
Timor-Leste,TLS,2018,1566157200,TL,Asia,2018-TL,2016
Timor-Leste,TLS,2019,2027034000,TL,Asia,2019-TL,2016
Timor-Leste,TLS,2020,2162619200,TL,Asia,2020-TL,2020
Timor-Leste,TLS,2021,3621958000,TL,Asia,2021-TL,2020
Timor-Leste,TLS,2022,3204753000,TL,Asia,2022-TL,2020
Timor-Leste,TLS,2023,2243142908.4616103,TL,Asia,2023-TL,2020
Togo,TGO,1960,171057069.13648126,TG,Africa,1960-TG,1960
Togo,TGO,1961,178497098.26393983,TG,Africa,1961-TG,1960
Togo,TGO,1962,186745757.8576066,TG,Africa,1962-TG,1960
Togo,TGO,1963,202305865.2,TG,Africa,1963-TG,1960
Togo,TGO,1964,234572186.45698878,TG,Africa,1964-TG,1964
Togo,TGO,1965,264505506.02184188,TG,Africa,1965-TG,1964
Togo,TGO,1966,305227594.81949085,TG,Africa,1966-TG,1964
Togo,TGO,1967,327215843.63611007,TG,Africa,1967-TG,1964
Togo,TGO,1968,341691567.5,TG,Africa,1968-TG,1968
Togo,TGO,1969,378091809.6,TG,Africa,1969-TG,1968
Togo,TGO,1970,358665753.90774816,TG,Africa,1970-TG,1968
Togo,TGO,1971,404648367.76818347,TG,Africa,1971-TG,1968
Togo,TGO,1972,474043921.84427863,TG,Africa,1972-TG,1972
Togo,TGO,1973,574030983.9808153,TG,Africa,1973-TG,1972
Togo,TGO,1974,791450308.3634921,TG,Africa,1974-TG,1972
Togo,TGO,1975,871781686.9,TG,Africa,1975-TG,1972
Togo,TGO,1976,874681611.9302436,TG,Africa,1976-TG,1976
Togo,TGO,1977,1097893825.9895089,TG,Africa,1977-TG,1976
Togo,TGO,1978,1164025637.2635083,TG,Africa,1978-TG,1976
Togo,TGO,1979,1259365711.5355926,TG,Africa,1979-TG,1976
Togo,TGO,1980,1604836915.964917,TG,Africa,1980-TG,1980
Togo,TGO,1981,1359026709.449752,TG,Africa,1981-TG,1980
Togo,TGO,1982,1160337039.381871,TG,Africa,1982-TG,1980
Togo,TGO,1983,1081387264.6067913,TG,Africa,1983-TG,1980
Togo,TGO,1984,1014170069.2163923,TG,Africa,1984-TG,1984
Togo,TGO,1985,1076604520.4239416,TG,Africa,1985-TG,1984
Togo,TGO,1986,1498219578.8695881,TG,Africa,1986-TG,1984
Togo,TGO,1987,1763978065.837011,TG,Africa,1987-TG,1984
Togo,TGO,1988,1947208354.2258651,TG,Africa,1988-TG,1988
Togo,TGO,1989,1910635575.3796613,TG,Africa,1989-TG,1988
Togo,TGO,1990,2299665505.6155224,TG,Africa,1990-TG,1988
Togo,TGO,1991,2262767860.1422486,TG,Africa,1991-TG,1988
Togo,TGO,1992,2390796916.0024905,TG,Africa,1992-TG,1992
Togo,TGO,1993,1741944426.3196552,TG,Africa,1993-TG,1992
Togo,TGO,1994,1387662121.4840896,TG,Africa,1994-TG,1992
Togo,TGO,1995,1849110468,TG,Africa,1995-TG,1992
Togo,TGO,1996,2069506014.5337007,TG,Africa,1996-TG,1996
Togo,TGO,1997,2116818622.8985136,TG,Africa,1997-TG,1996
Togo,TGO,1998,2241650112.252904,TG,Africa,1998-TG,1996
Togo,TGO,1999,2226577203.9642944,TG,Africa,1999-TG,1996
Togo,TGO,2000,2106848752.2546792,TG,Africa,2000-TG,2000
Togo,TGO,2001,2093498674.4431212,TG,Africa,2001-TG,2000
Togo,TGO,2002,2410199032.4326053,TG,Africa,2002-TG,2000
Togo,TGO,2003,2987984050.9418645,TG,Africa,2003-TG,2000
Togo,TGO,2004,3191561508.734136,TG,Africa,2004-TG,2004
Togo,TGO,2005,3221910408.4300694,TG,Africa,2005-TG,2004
Togo,TGO,2006,3320907721.810947,TG,Africa,2006-TG,2004
Togo,TGO,2007,3759964943.4056797,TG,Africa,2007-TG,2004
Togo,TGO,2008,4578849658.060658,TG,Africa,2008-TG,2008
Togo,TGO,2009,4721890900.138889,TG,Africa,2009-TG,2008
Togo,TGO,2010,4746389531.713688,TG,Africa,2010-TG,2008
Togo,TGO,2011,5422442166.4106245,TG,Africa,2011-TG,2008
Togo,TGO,2012,5413544658.504504,TG,Africa,2012-TG,2012
Togo,TGO,2013,6021732977.268109,TG,Africa,2013-TG,2012
Togo,TGO,2014,6393318261.860072,TG,Africa,2014-TG,2012
Togo,TGO,2015,5755461035.443332,TG,Africa,2015-TG,2012
Togo,TGO,2016,6071170959.120933,TG,Africa,2016-TG,2016
Togo,TGO,2017,6387422517.692251,TG,Africa,2017-TG,2016
Togo,TGO,2018,7029300383.080308,TG,Africa,2018-TG,2016
Togo,TGO,2019,6992700101.371879,TG,Africa,2019-TG,2016
Togo,TGO,2020,7400284167.784795,TG,Africa,2020-TG,2020
Togo,TGO,2021,8342243645.944384,TG,Africa,2021-TG,2020
Togo,TGO,2022,8169476148.956921,TG,Africa,2022-TG,2020
Togo,TGO,2023,9171261835.062641,TG,Africa,2023-TG,2020
Tonga,TON,1975,32506741.720120434,TO,Oceania,1975-TO,1972
Tonga,TON,1976,30036416.961994376,TO,Oceania,1976-TO,1976
Tonga,TON,1977,34139387.89,TO,Oceania,1977-TO,1976
Tonga,TON,1978,41567471.67219869,TO,Oceania,1978-TO,1976
Tonga,TON,1979,44667002.01207244,TO,Oceania,1979-TO,1976
Tonga,TON,1980,53260077.431109086,TO,Oceania,1980-TO,1980
Tonga,TON,1981,62242013.330268905,TO,Oceania,1981-TO,1980
Tonga,TON,1982,62068161.071102545,TO,Oceania,1982-TO,1980
Tonga,TON,1983,60863963.963963956,TO,Oceania,1983-TO,1980
Tonga,TON,1984,64248354.54146556,TO,Oceania,1984-TO,1984
Tonga,TON,1985,60058663.31447727,TO,Oceania,1985-TO,1984
Tonga,TON,1986,68195855.61497326,TO,Oceania,1986-TO,1984
Tonga,TON,1987,81667133.45469822,TO,Oceania,1987-TO,1984
Tonga,TON,1988,106657267.36734171,TO,Oceania,1988-TO,1988
Tonga,TON,1989,106344854.98609458,TO,Oceania,1989-TO,1988
Tonga,TON,1990,113563821.57740392,TO,Oceania,1990-TO,1988
Tonga,TON,1991,132201141.44686103,TO,Oceania,1991-TO,1988
Tonga,TON,1992,137066290.55007052,TO,Oceania,1992-TO,1992
Tonga,TON,1993,138489884.3930636,TO,Oceania,1993-TO,1992
Tonga,TON,1994,195990986.21420997,TO,Oceania,1994-TO,1992
Tonga,TON,1995,208871665.74868202,TO,Oceania,1995-TO,1992
Tonga,TON,1996,222100576.3454826,TO,Oceania,1996-TO,1996
Tonga,TON,1997,214991452.3,TO,Oceania,1997-TO,1996
Tonga,TON,1998,191504892.7613941,TO,Oceania,1998-TO,1996
Tonga,TON,1999,199208717.50191283,TO,Oceania,1999-TO,1996
Tonga,TON,2000,204848487.80648512,TO,Oceania,2000-TO,2000
Tonga,TON,2001,181117230.40654567,TO,Oceania,2001-TO,2000
Tonga,TON,2002,182764280.8285007,TO,Oceania,2002-TO,2000
Tonga,TON,2003,202246591.2155022,TO,Oceania,2003-TO,2000
Tonga,TON,2004,230657627.23132342,TO,Oceania,2004-TO,2004
Tonga,TON,2005,261803684.24175352,TO,Oceania,2005-TO,2004
Tonga,TON,2006,292230662.3990124,TO,Oceania,2006-TO,2004
Tonga,TON,2007,298519024.14082026,TO,Oceania,2007-TO,2004
Tonga,TON,2008,344436582.0757636,TO,Oceania,2008-TO,2008
Tonga,TON,2009,312377678.8394101,TO,Oceania,2009-TO,2008
Tonga,TON,2010,366832215.1895781,TO,Oceania,2010-TO,2008
Tonga,TON,2011,414533117.6922989,TO,Oceania,2011-TO,2008
Tonga,TON,2012,470705196.4326592,TO,Oceania,2012-TO,2012
Tonga,TON,2013,450650633.0413497,TO,Oceania,2013-TO,2012
Tonga,TON,2014,439877614.41920644,TO,Oceania,2014-TO,2012
Tonga,TON,2015,437003078.6,TO,Oceania,2015-TO,2012
Tonga,TON,2016,420548712.43328804,TO,Oceania,2016-TO,2016
Tonga,TON,2017,460374354.8472466,TO,Oceania,2017-TO,2016
Tonga,TON,2018,488906838.5948662,TO,Oceania,2018-TO,2016
Tonga,TON,2019,512053692.0786754,TO,Oceania,2019-TO,2016
Tonga,TON,2020,484796854.9187562,TO,Oceania,2020-TO,2020
Tonga,TON,2021,469228219.6657909,TO,Oceania,2021-TO,2020
Tonga,TON,2022,500274898.08522147,TO,Oceania,2022-TO,2020
Trinidad and Tobago,TTO,1960,535670127.74893546,TT,North America,1960-TT,1960
Trinidad and Tobago,TTO,1961,584961208.6565945,TT,North America,1961-TT,1960
Trinidad and Tobago,TTO,1962,619319197.3400222,TT,North America,1962-TT,1960
Trinidad and Tobago,TTO,1963,678235373,TT,North America,1963-TT,1960
Trinidad and Tobago,TTO,1964,711893367.5552704,TT,North America,1964-TT,1964
Trinidad and Tobago,TTO,1965,736568861.9261507,TT,North America,1965-TT,1964
Trinidad and Tobago,TTO,1966,723735635.5363705,TT,North America,1966-TT,1964
Trinidad and Tobago,TTO,1967,761981474.0233588,TT,North America,1967-TT,1964
Trinidad and Tobago,TTO,1968,758899950,TT,North America,1968-TT,1968
Trinidad and Tobago,TTO,1969,779200000,TT,North America,1969-TT,1968
Trinidad and Tobago,TTO,1970,821850000,TT,North America,1970-TT,1968
Trinidad and Tobago,TTO,1971,896754316.6742619,TT,North America,1971-TT,1968
Trinidad and Tobago,TTO,1972,1083381044.0847342,TT,North America,1972-TT,1972
Trinidad and Tobago,TTO,1973,1308799458.962842,TT,North America,1973-TT,1972
Trinidad and Tobago,TTO,1974,2042031901.4221702,TT,North America,1974-TT,1972
Trinidad and Tobago,TTO,1975,2442667573.0482073,TT,North America,1975-TT,1972
Trinidad and Tobago,TTO,1976,2500410583.791773,TT,North America,1976-TT,1976
Trinidad and Tobago,TTO,1977,3138666666.666667,TT,North America,1977-TT,1976
Trinidad and Tobago,TTO,1978,3562333458.3333335,TT,North America,1978-TT,1976
Trinidad and Tobago,TTO,1979,4602416625,TT,North America,1979-TT,1976
Trinidad and Tobago,TTO,1980,6235833333.333334,TT,North America,1980-TT,1980
Trinidad and Tobago,TTO,1981,6992083333.333334,TT,North America,1981-TT,1980
Trinidad and Tobago,TTO,1982,8140416666.666667,TT,North America,1982-TT,1980
Trinidad and Tobago,TTO,1983,7763750000,TT,North America,1983-TT,1980
Trinidad and Tobago,TTO,1984,7757083333.333334,TT,North America,1984-TT,1984
Trinidad and Tobago,TTO,1985,7375918367.346938,TT,North America,1985-TT,1984
Trinidad and Tobago,TTO,1986,4794444444.444445,TT,North America,1986-TT,1984
Trinidad and Tobago,TTO,1987,4797777777.777778,TT,North America,1987-TT,1984
Trinidad and Tobago,TTO,1988,4496852073.468963,TT,North America,1988-TT,1988
Trinidad and Tobago,TTO,1989,4323058823.529411,TT,North America,1989-TT,1988
Trinidad and Tobago,TTO,1990,5068000000,TT,North America,1990-TT,1988
Trinidad and Tobago,TTO,1991,5307905882.3529415,TT,North America,1991-TT,1988
Trinidad and Tobago,TTO,1992,5439552941.176471,TT,North America,1992-TT,1992
Trinidad and Tobago,TTO,1993,4669488516,TT,North America,1993-TT,1992
Trinidad and Tobago,TTO,1994,4947205860.014515,TT,North America,1994-TT,1992
Trinidad and Tobago,TTO,1995,5329214163.220015,TT,North America,1995-TT,1992
Trinidad and Tobago,TTO,1996,5759537726.266007,TT,North America,1996-TT,1996
Trinidad and Tobago,TTO,1997,5737751331.6377945,TT,North America,1997-TT,1996
Trinidad and Tobago,TTO,1998,6043694330,TT,North America,1998-TT,1996
Trinidad and Tobago,TTO,1999,6808982520.757593,TT,North America,1999-TT,1996
Trinidad and Tobago,TTO,2000,8154338232.959776,TT,North America,2000-TT,2000
Trinidad and Tobago,TTO,2001,8824873259.321054,TT,North America,2001-TT,2000
Trinidad and Tobago,TTO,2002,9008273720.933954,TT,North America,2002-TT,2000
Trinidad and Tobago,TTO,2003,11305459802.068275,TT,North America,2003-TT,2000
Trinidad and Tobago,TTO,2004,13280275123.035402,TT,North America,2004-TT,2004
Trinidad and Tobago,TTO,2005,15982282462.378565,TT,North America,2005-TT,2004
Trinidad and Tobago,TTO,2006,18369361094.388645,TT,North America,2006-TT,2004
Trinidad and Tobago,TTO,2007,21641620049.93521,TT,North America,2007-TT,2004
Trinidad and Tobago,TTO,2008,27871587349.541267,TT,North America,2008-TT,2008
Trinidad and Tobago,TTO,2009,19172165225.50151,TT,North America,2009-TT,2008
Trinidad and Tobago,TTO,2010,22157948396.20422,TT,North America,2010-TT,2008
Trinidad and Tobago,TTO,2011,25433011405.30167,TT,North America,2011-TT,2008
Trinidad and Tobago,TTO,2012,27334581560.283688,TT,North America,2012-TT,2012
Trinidad and Tobago,TTO,2013,28709988700,TT,North America,2013-TT,2012
Trinidad and Tobago,TTO,2014,29699968760.72777,TT,North America,2014-TT,2012
Trinidad and Tobago,TTO,2015,27026080986.578022,TT,North America,2015-TT,2012
Trinidad and Tobago,TTO,2016,23713671528.142097,TT,North America,2016-TT,2016
Trinidad and Tobago,TTO,2017,24040299977.874477,TT,North America,2017-TT,2016
Trinidad and Tobago,TTO,2018,24569079488.391327,TT,North America,2018-TT,2016
Trinidad and Tobago,TTO,2019,23775754304.665176,TT,North America,2019-TT,2016
Trinidad and Tobago,TTO,2020,20807571314.304337,TT,North America,2020-TT,2020
Trinidad and Tobago,TTO,2021,24496505940.66731,TT,North America,2021-TT,2020
Trinidad and Tobago,TTO,2022,30053575132.141956,TT,North America,2022-TT,2020
Trinidad and Tobago,TTO,2023,28139944790.291103,TT,North America,2023-TT,2020
Tunisia,TUN,1961,866155428.5714287,TN,Africa,1961-TN,1960
Tunisia,TUN,1962,880027733.3333334,TN,Africa,1962-TN,1960
Tunisia,TUN,1963,1026737600,TN,Africa,1963-TN,1960
Tunisia,TUN,1964,1025866792.1568627,TN,Africa,1964-TN,1964
Tunisia,TUN,1965,991047619.0476189,TN,Africa,1965-TN,1964
Tunisia,TUN,1966,1040952380.9523809,TN,Africa,1966-TN,1964
Tunisia,TUN,1967,1085714285.7142856,TN,Africa,1967-TN,1964
Tunisia,TUN,1968,1214666666.6666665,TN,Africa,1968-TN,1968
Tunisia,TUN,1969,1289904761.9047618,TN,Africa,1969-TN,1968
Tunisia,TUN,1970,1439238095.2380953,TN,Africa,1970-TN,1968
Tunisia,TUN,1971,1685162272.4065197,TN,Africa,1971-TN,1968
Tunisia,TUN,1972,2237556148.510846,TN,Africa,1972-TN,1972
Tunisia,TUN,1973,2730813385.3262362,TN,Africa,1973-TN,1972
Tunisia,TUN,1974,3545868575.146389,TN,Africa,1974-TN,1972
Tunisia,TUN,1975,4328965587.532659,TN,Africa,1975-TN,1972
Tunisia,TUN,1976,4508191942.160807,TN,Africa,1976-TN,1976
Tunisia,TUN,1977,5109324009.324009,TN,Africa,1977-TN,1976
Tunisia,TUN,1978,5968460080,TN,Africa,1978-TN,1976
Tunisia,TUN,1979,7188863903.636748,TN,Africa,1979-TN,1976
Tunisia,TUN,1980,8744134354.161522,TN,Africa,1980-TN,1980
Tunisia,TUN,1981,8428445294.084292,TN,Africa,1981-TN,1980
Tunisia,TUN,1982,8133580052,TN,Africa,1982-TN,1980
Tunisia,TUN,1983,8350582747.835413,TN,Africa,1983-TN,1980
Tunisia,TUN,1984,8254541194.825658,TN,Africa,1984-TN,1984
Tunisia,TUN,1985,8410226052.611397,TN,Africa,1985-TN,1984
Tunisia,TUN,1986,9017806654.416904,TN,Africa,1986-TN,1984
Tunisia,TUN,1987,9696715911,TN,Africa,1987-TN,1984
Tunisia,TUN,1988,10096245762.435242,TN,Africa,1988-TN,1988
Tunisia,TUN,1989,10101851744.562693,TN,Africa,1989-TN,1988
Tunisia,TUN,1990,12290568181.818182,TN,Africa,1990-TN,1988
Tunisia,TUN,1991,13074782608.695652,TN,Africa,1991-TN,1988
Tunisia,TUN,1992,15496708060.41837,TN,Africa,1992-TN,1992
Tunisia,TUN,1993,14608335608.154287,TN,Africa,1993-TN,1992
Tunisia,TUN,1994,15633174304.090536,TN,Africa,1994-TN,1992
Tunisia,TUN,1995,18030876599.344402,TN,Africa,1995-TN,1992
Tunisia,TUN,1996,19587161806.765507,TN,Africa,1996-TN,1996
Tunisia,TUN,1997,20746210353.844986,TN,Africa,1997-TN,1996
Tunisia,TUN,1998,21802893587.125954,TN,Africa,1998-TN,1996
Tunisia,TUN,1999,22943202174.966805,TN,Africa,1999-TN,1996
Tunisia,TUN,2000,21473528160.778236,TN,Africa,2000-TN,2000
Tunisia,TUN,2001,22065832448.86228,TN,Africa,2001-TN,2000
Tunisia,TUN,2002,23141616604.524197,TN,Africa,2002-TN,2000
Tunisia,TUN,2003,27453902261.462925,TN,Africa,2003-TN,2000
Tunisia,TUN,2004,31183885241.439552,TN,Africa,2004-TN,2004
Tunisia,TUN,2005,32272186694.80428,TN,Africa,2005-TN,2004
Tunisia,TUN,2006,34376664600.589775,TN,Africa,2006-TN,2004
Tunisia,TUN,2007,38915353866.75699,TN,Africa,2007-TN,2004
Tunisia,TUN,2008,44859439902.21906,TN,Africa,2008-TN,2008
Tunisia,TUN,2009,43455740497.30611,TN,Africa,2009-TN,2008
Tunisia,TUN,2010,46206091937.96283,TN,Africa,2010-TN,2008
Tunisia,TUN,2011,48123325825.07389,TN,Africa,2011-TN,2008
Tunisia,TUN,2012,47311401812.67335,TN,Africa,2012-TN,2012
Tunisia,TUN,2013,48685446413.95297,TN,Africa,2013-TN,2012
Tunisia,TUN,2014,50271812920.612015,TN,Africa,2014-TN,2012
Tunisia,TUN,2015,45779494041.92953,TN,Africa,2015-TN,2012
Tunisia,TUN,2016,44360072680.44765,TN,Africa,2016-TN,2016
Tunisia,TUN,2017,42163530591,TN,Africa,2017-TN,2016
Tunisia,TUN,2018,42686580020.83218,TN,Africa,2018-TN,2016
Tunisia,TUN,2019,41905540184.42405,TN,Africa,2019-TN,2016
Tunisia,TUN,2020,42491816475.71184,TN,Africa,2020-TN,2020
Tunisia,TUN,2021,46812290143.34397,TN,Africa,2021-TN,2020
Tunisia,TUN,2022,44579761022.899284,TN,Africa,2022-TN,2020
Tunisia,TUN,2023,48529595416.65326,TN,Africa,2023-TN,2020
Turkiye,TUR,1960,7566666666.666666,TR,Middle East,1960-TR,1960
Turkiye,TUR,1961,7988888888.888888,TR,Middle East,1961-TR,1960
Turkiye,TUR,1962,8922222222.222221,TR,Middle East,1962-TR,1960
Turkiye,TUR,1963,10355555555.555555,TR,Middle East,1963-TR,1960
Turkiye,TUR,1964,11177777777.777777,TR,Middle East,1964-TR,1964
Turkiye,TUR,1965,11966666666.666666,TR,Middle East,1965-TR,1964
Turkiye,TUR,1966,14100000000,TR,Middle East,1966-TR,1964
Turkiye,TUR,1967,15644444444.444445,TR,Middle East,1967-TR,1964
Turkiye,TUR,1968,17500000000,TR,Middle East,1968-TR,1968
Turkiye,TUR,1969,19466666666.666668,TR,Middle East,1969-TR,1968
Turkiye,TUR,1970,17863636363.636364,TR,Middle East,1970-TR,1968
Turkiye,TUR,1971,16166666666.666666,TR,Middle East,1971-TR,1968
Turkiye,TUR,1972,20650000000,TR,Middle East,1972-TR,1972
Turkiye,TUR,1973,26000000000,TR,Middle East,1973-TR,1972
Turkiye,TUR,1974,35414285714.28571,TR,Middle East,1974-TR,1972
Turkiye,TUR,1975,46042857142.85715,TR,Middle East,1975-TR,1972
Turkiye,TUR,1976,51450000000,TR,Middle East,1976-TR,1976
Turkiye,TUR,1977,58683333333.33333,TR,Middle East,1977-TR,1976
Turkiye,TUR,1978,65912500000,TR,Middle East,1978-TR,1976
Turkiye,TUR,1979,89616129032.25806,TR,Middle East,1979-TR,1976
Turkiye,TUR,1980,68823684211,TR,Middle East,1980-TR,1980
Turkiye,TUR,1981,71180180180.18018,TR,Middle East,1981-TR,1980
Turkiye,TUR,1982,64369325153.37423,TR,Middle East,1982-TR,1980
Turkiye,TUR,1983,61803555555.55556,TR,Middle East,1983-TR,1980
Turkiye,TUR,1984,59937602179.83652,TR,Middle East,1984-TR,1984
Turkiye,TUR,1985,67232758620.68965,TR,Middle East,1985-TR,1984
Turkiye,TUR,1986,75673037037.03703,TR,Middle East,1986-TR,1984
Turkiye,TUR,1987,87190081680.28004,TR,Middle East,1987-TR,1984
Turkiye,TUR,1988,90875175808.72011,TR,Middle East,1988-TR,1988
Turkiye,TUR,1989,107127191328.93495,TR,Middle East,1989-TR,1988
Turkiye,TUR,1990,150655500191.6443,TR,Middle East,1990-TR,1988
Turkiye,TUR,1991,151034731543.62415,TR,Middle East,1991-TR,1988
Turkiye,TUR,1992,1.59105E+11,TR,Middle East,1992-TR,1992
Turkiye,TUR,1993,180415757851.61584,TR,Middle East,1993-TR,1992
Turkiye,TUR,1994,130650447499.07123,TR,Middle East,1994-TR,1992
Turkiye,TUR,1995,169319579016.25043,TR,Middle East,1995-TR,1992
Turkiye,TUR,1996,181464408820.09705,TR,Middle East,1996-TR,1996
Turkiye,TUR,1997,189878399894.64328,TR,Middle East,1997-TR,1996
Turkiye,TUR,1998,275941990764.17975,TR,Middle East,1998-TR,1996
Turkiye,TUR,1999,256395932738.43494,TR,Middle East,1999-TR,1996
Turkiye,TUR,2000,274294623164.04333,TR,Middle East,2000-TR,2000
Turkiye,TUR,2001,201753123806.69525,TR,Middle East,2001-TR,2000
Turkiye,TUR,2002,240249071871.10626,TR,Middle East,2002-TR,2000
Turkiye,TUR,2003,314595572145.76733,TR,Middle East,2003-TR,2000
Turkiye,TUR,2004,4.08865E+11,TR,Middle East,2004-TR,2004
Turkiye,TUR,2005,506314717661.65546,TR,Middle East,2005-TR,2004
Turkiye,TUR,2006,557076157773.4795,TR,Middle East,2006-TR,2004
Turkiye,TUR,2007,681321124295.9143,TR,Middle East,2007-TR,2004
Turkiye,TUR,2008,7.70449E+11,TR,Middle East,2008-TR,2008
Turkiye,TUR,2009,649289324627.7323,TR,Middle East,2009-TR,2008
Turkiye,TUR,2010,776967266305.5303,TR,Middle East,2010-TR,2008
Turkiye,TUR,2011,8.38785E+11,TR,Middle East,2011-TR,2008
Turkiye,TUR,2012,880555885492.2687,TR,Middle East,2012-TR,2012
Turkiye,TUR,2013,957799120008.3204,TR,Middle East,2013-TR,2012
Turkiye,TUR,2014,938934609296.9657,TR,Middle East,2014-TR,2012
Turkiye,TUR,2015,864313810469.0094,TR,Middle East,2015-TR,2012
Turkiye,TUR,2016,869682881593.0414,TR,Middle East,2016-TR,2016
Turkiye,TUR,2017,8.58988E+11,TR,Middle East,2017-TR,2016
Turkiye,TUR,2018,778972199727.8585,TR,Middle East,2018-TR,2016
Turkiye,TUR,2019,761005946788.2214,TR,Middle East,2019-TR,2016
Turkiye,TUR,2020,720338498174.7438,TR,Middle East,2020-TR,2020
Turkiye,TUR,2021,819865253669.6614,TR,Middle East,2021-TR,2020
Turkiye,TUR,2022,907118435952.6879,TR,Middle East,2022-TR,2020
Turkiye,TUR,2023,1108022373259.511,TR,Middle East,2023-TR,2020
Turkmenistan,TKM,1987,2500000000,TM,Middle East,1987-TM,1984
Turkmenistan,TKM,1988,2700000000,TM,Middle East,1988-TM,1988
Turkmenistan,TKM,1989,2800000000,TM,Middle East,1989-TM,1988
Turkmenistan,TKM,1990,3000000000,TM,Middle East,1990-TM,1988
Turkmenistan,TKM,1991,2950000000,TM,Middle East,1991-TM,1988
Turkmenistan,TKM,1992,3200000000,TM,Middle East,1992-TM,1992
Turkmenistan,TKM,1993,3180952380.9523807,TM,Middle East,1993-TM,1992
Turkmenistan,TKM,1994,2560939794.4199705,TM,Middle East,1994-TM,1992
Turkmenistan,TKM,1995,2482249252.850589,TM,Middle East,1995-TM,1992
Turkmenistan,TKM,1996,2378759975.4450583,TM,Middle East,1996-TM,1996
Turkmenistan,TKM,1997,2450350625.104074,TM,Middle East,1997-TM,1996
Turkmenistan,TKM,1998,2605689134.4904246,TM,Middle East,1998-TM,1996
Turkmenistan,TKM,1999,2450564100.182922,TM,Middle East,1999-TM,1996
Turkmenistan,TKM,2000,2904663310.9824967,TM,Middle East,2000-TM,2000
Turkmenistan,TKM,2001,3534772732.3974595,TM,Middle East,2001-TM,2000
Turkmenistan,TKM,2002,4462029108.723494,TM,Middle East,2002-TM,2000
Turkmenistan,TKM,2003,5977440582.801714,TM,Middle East,2003-TM,2000
Turkmenistan,TKM,2004,6838351088.466884,TM,Middle East,2004-TM,2004
Turkmenistan,TKM,2005,8103901996.370235,TM,Middle East,2005-TM,2004
Turkmenistan,TKM,2006,10276674364.896074,TM,Middle East,2006-TM,2004
Turkmenistan,TKM,2007,12664165103.189493,TM,Middle East,2007-TM,2004
Turkmenistan,TKM,2008,19271523178.807945,TM,Middle East,2008-TM,2008
Turkmenistan,TKM,2009,20214385964.91228,TM,Middle East,2009-TM,2008
Turkmenistan,TKM,2010,22583157894.736843,TM,Middle East,2010-TM,2008
Turkmenistan,TKM,2011,29233333333.333332,TM,Middle East,2011-TM,2008
Turkmenistan,TKM,2012,35164210526.31579,TM,Middle East,2012-TM,2012
Turkmenistan,TKM,2013,39197543859.649124,TM,Middle East,2013-TM,2012
Turkmenistan,TKM,2014,43524210526.31579,TM,Middle East,2014-TM,2012
Turkmenistan,TKM,2015,35799714285.71429,TM,Middle East,2015-TM,2012
Turkmenistan,TKM,2016,36169428571.42857,TM,Middle East,2016-TM,2016
Turkmenistan,TKM,2017,37926285714.28571,TM,Middle East,2017-TM,2016
Turkmenistan,TKM,2018,40765428571.42857,TM,Middle East,2018-TM,2016
Turkmenistan,TKM,2019,45232857142.85714,TM,Middle East,2019-TM,2016
Turkmenistan,TKM,2020,45818000000,TM,Middle East,2020-TM,2020
Turkmenistan,TKM,2021,50007428571.42857,TM,Middle East,2021-TM,2020
Turkmenistan,TKM,2022,56542857142.85714,TM,Middle East,2022-TM,2020
Turkmenistan,TKM,2023,59887334844.06514,TM,Middle East,2023-TM,2020
Turks and Caicos Islands,TCA,2001,358744800,TC,North America,2001-TC,2000
Turks and Caicos Islands,TCA,2002,366707900,TC,North America,2002-TC,2000
Turks and Caicos Islands,TCA,2003,409753600,TC,North America,2003-TC,2000
Turks and Caicos Islands,TCA,2004,485598800,TC,North America,2004-TC,2004
Turks and Caicos Islands,TCA,2005,578645800,TC,North America,2005-TC,2004
Turks and Caicos Islands,TCA,2006,721891500,TC,North America,2006-TC,2004
Turks and Caicos Islands,TCA,2007,773489700,TC,North America,2007-TC,2004
Turks and Caicos Islands,TCA,2008,862683600,TC,North America,2008-TC,2008
Turks and Caicos Islands,TCA,2009,703175800,TC,North America,2009-TC,2008
Turks and Caicos Islands,TCA,2010,686787800,TC,North America,2010-TC,2008
Turks and Caicos Islands,TCA,2011,728789600,TC,North America,2011-TC,2008
Turks and Caicos Islands,TCA,2012,727161000,TC,North America,2012-TC,2012
Turks and Caicos Islands,TCA,2013,754238000,TC,North America,2013-TC,2012
Turks and Caicos Islands,TCA,2014,841070000,TC,North America,2014-TC,2012
Turks and Caicos Islands,TCA,2015,942070000,TC,North America,2015-TC,2012
Turks and Caicos Islands,TCA,2016,1032452000,TC,North America,2016-TC,2016
Turks and Caicos Islands,TCA,2017,1028941663,TC,North America,2017-TC,2016
Turks and Caicos Islands,TCA,2018,1128749005,TC,North America,2018-TC,2016
Turks and Caicos Islands,TCA,2019,1177285212,TC,North America,2019-TC,2016
Turks and Caicos Islands,TCA,2020,774653669.3,TC,North America,2020-TC,2020
Turks and Caicos Islands,TCA,2021,1045782453.5755001,TC,North America,2021-TC,2020
Turks and Caicos Islands,TCA,2022,1228794383,TC,North America,2022-TC,2020
Turks and Caicos Islands,TCA,2023,1402054391,TC,North America,2023-TC,2020
Tuvalu,TUV,1970,2585955.874118042,TV,Oceania,1970-TV,1968
Tuvalu,TUV,1971,2716989.584499944,TV,Oceania,1971-TV,1968
Tuvalu,TUV,1972,2968457.9439252336,TV,Oceania,1972-TV,1972
Tuvalu,TUV,1973,3411915.4388212687,TV,Oceania,1973-TV,1972
Tuvalu,TUV,1974,4122328.666175387,TV,Oceania,1974-TV,1972
Tuvalu,TUV,1975,4014748.0540761985,TV,Oceania,1975-TV,1972
Tuvalu,TUV,1976,3919072.229925627,TV,Oceania,1976-TV,1976
Tuvalu,TUV,1977,3669419.5916494606,TV,Oceania,1977-TV,1976
Tuvalu,TUV,1978,3798781.863297992,TV,Oceania,1978-TV,1976
Tuvalu,TUV,1979,4065659.434283767,TV,Oceania,1979-TV,1976
Tuvalu,TUV,1980,4206128.133704736,TV,Oceania,1980-TV,1980
Tuvalu,TUV,1981,4773017.531638222,TV,Oceania,1981-TV,1980
Tuvalu,TUV,1982,4118945.161646254,TV,Oceania,1982-TV,1980
Tuvalu,TUV,1983,4152550.304164717,TV,Oceania,1983-TV,1980
Tuvalu,TUV,1984,4481977.902553885,TV,Oceania,1984-TV,1984
Tuvalu,TUV,1985,3862851.8831019406,TV,Oceania,1985-TV,1984
Tuvalu,TUV,1986,4574706.211527701,TV,Oceania,1986-TV,1984
Tuvalu,TUV,1987,5020513.499205928,TV,Oceania,1987-TV,1984
Tuvalu,TUV,1988,7011059.371362042,TV,Oceania,1988-TV,1988
Tuvalu,TUV,1989,8454523.247292565,TV,Oceania,1989-TV,1988
Tuvalu,TUV,1990,9542900.901365045,TV,Oceania,1990-TV,1988
Tuvalu,TUV,1991,10127313.913235849,TV,Oceania,1991-TV,1988
Tuvalu,TUV,1992,10535028.14236866,TV,Oceania,1992-TV,1992
Tuvalu,TUV,1993,10414399.956479164,TV,Oceania,1993-TV,1992
Tuvalu,TUV,1994,11772610.657934083,TV,Oceania,1994-TV,1992
Tuvalu,TUV,1995,11922614.198466606,TV,Oceania,1995-TV,1992
Tuvalu,TUV,1996,13338597.330073725,TV,Oceania,1996-TV,1996
Tuvalu,TUV,1997,13734210.096631981,TV,Oceania,1997-TV,1996
Tuvalu,TUV,1998,13795146.209263815,TV,Oceania,1998-TV,1996
Tuvalu,TUV,1999,14800503.258274727,TV,Oceania,1999-TV,1996
Tuvalu,TUV,2000,15073975.534937706,TV,Oceania,2000-TV,2000
Tuvalu,TUV,2001,13964732.327114027,TV,Oceania,2001-TV,2000
Tuvalu,TUV,2002,16842672.59528742,TV,Oceania,2002-TV,2000
Tuvalu,TUV,2003,19456338.031822786,TV,Oceania,2003-TV,2000
Tuvalu,TUV,2004,22798274.979555093,TV,Oceania,2004-TV,2004
Tuvalu,TUV,2005,22909979.81630778,TV,Oceania,2005-TV,2004
Tuvalu,TUV,2006,24096875.463582467,TV,Oceania,2006-TV,2004
Tuvalu,TUV,2007,28450168.692764957,TV,Oceania,2007-TV,2004
Tuvalu,TUV,2008,31874434.857881963,TV,Oceania,2008-TV,2008
Tuvalu,TUV,2009,28076983.97,TV,Oceania,2009-TV,2008
Tuvalu,TUV,2010,32105408.47711205,TV,Oceania,2010-TV,2008
Tuvalu,TUV,2011,39196957.49,TV,Oceania,2011-TV,2008
Tuvalu,TUV,2012,39345579.47237578,TV,Oceania,2012-TV,2012
Tuvalu,TUV,2013,38615890.63207455,TV,Oceania,2013-TV,2012
Tuvalu,TUV,2014,38760982.65400955,TV,Oceania,2014-TV,2012
Tuvalu,TUV,2015,36811936.082458735,TV,Oceania,2015-TV,2012
Tuvalu,TUV,2016,41629064.22323883,TV,Oceania,2016-TV,2016
Tuvalu,TUV,2017,45276595.353314556,TV,Oceania,2017-TV,2016
Tuvalu,TUV,2018,48015259.87513561,TV,Oceania,2018-TV,2016
Tuvalu,TUV,2019,54123198.57,TV,Oceania,2019-TV,2016
Tuvalu,TUV,2020,51746594.31485426,TV,Oceania,2020-TV,2020
Tuvalu,TUV,2021,60196405.71383929,TV,Oceania,2021-TV,2020
Tuvalu,TUV,2022,59065982.08736571,TV,Oceania,2022-TV,2020
Tuvalu,TUV,2023,62280311.585217156,TV,Oceania,2023-TV,2020
Uganda,UGA,1960,423008385.7442348,UG,Africa,1960-UG,1960
Uganda,UGA,1961,441524109.0146751,UG,Africa,1961-UG,1960
Uganda,UGA,1962,449012578.6163522,UG,Africa,1962-UG,1960
Uganda,UGA,1963,516147798.7421384,UG,Africa,1963-UG,1960
Uganda,UGA,1964,589056603.8,UG,Africa,1964-UG,1964
Uganda,UGA,1965,884502310,UG,Africa,1965-UG,1964
Uganda,UGA,1966,925381492.3701526,UG,Africa,1966-UG,1964
Uganda,UGA,1967,967240655.1868963,UG,Africa,1967-UG,1964
Uganda,UGA,1968,1037379252.4149518,UG,Africa,1968-UG,1968
Uganda,UGA,1969,1168556628.8674228,UG,Africa,1969-UG,1968
Uganda,UGA,1970,1259554808.903822,UG,Africa,1970-UG,1968
Uganda,UGA,1971,1417191656.1668768,UG,Africa,1971-UG,1968
Uganda,UGA,1972,1490970180.596388,UG,Africa,1972-UG,1972
Uganda,UGA,1973,1701829789.0212657,UG,Africa,1973-UG,1972
Uganda,UGA,1974,2098944967.2084405,UG,Africa,1974-UG,1972
Uganda,UGA,1975,2359555555.555556,UG,Africa,1975-UG,1972
Uganda,UGA,1976,2447300000,UG,Africa,1976-UG,1976
Uganda,UGA,1977,2936470588.235294,UG,Africa,1977-UG,1976
Uganda,UGA,1978,2420260869.5652175,UG,Africa,1978-UG,1976
Uganda,UGA,1979,2139025000,UG,Africa,1979-UG,1976
Uganda,UGA,1980,1244610000,UG,Africa,1980-UG,1980
Uganda,UGA,1981,1337300000,UG,Africa,1981-UG,1980
Uganda,UGA,1982,2177500000,UG,Africa,1982-UG,1980
Uganda,UGA,1983,2240333333.3333335,UG,Africa,1983-UG,1980
Uganda,UGA,1984,3615647477.054337,UG,Africa,1984-UG,1984
Uganda,UGA,1985,3519695443.525158,UG,Africa,1985-UG,1984
Uganda,UGA,1986,3923244049.9579563,UG,Africa,1986-UG,1984
Uganda,UGA,1987,6269522042.115557,UG,Africa,1987-UG,1984
Uganda,UGA,1988,6508931651.666667,UG,Africa,1988-UG,1988
Uganda,UGA,1989,5276480799.338676,UG,Africa,1989-UG,1988
Uganda,UGA,1990,4304399310,UG,Africa,1990-UG,1988
Uganda,UGA,1991,3321729159.622774,UG,Africa,1991-UG,1988
Uganda,UGA,1992,2857457761.909216,UG,Africa,1992-UG,1992
Uganda,UGA,1993,3220439044.1894865,UG,Africa,1993-UG,1992
Uganda,UGA,1994,3990430446.7121596,UG,Africa,1994-UG,1992
Uganda,UGA,1995,5755818842.492457,UG,Africa,1995-UG,1992
Uganda,UGA,1996,6044585326.938001,UG,Africa,1996-UG,1996
Uganda,UGA,1997,6269333313.171083,UG,Africa,1997-UG,1996
Uganda,UGA,1998,6584815846.527538,UG,Africa,1998-UG,1996
Uganda,UGA,1999,5998563257.946589,UG,Africa,1999-UG,1996
Uganda,UGA,2000,6193246837.096873,UG,Africa,2000-UG,2000
Uganda,UGA,2001,5840503868.515731,UG,Africa,2001-UG,2000
Uganda,UGA,2002,6178563591.120514,UG,Africa,2002-UG,2000
Uganda,UGA,2003,6606884275,UG,Africa,2003-UG,2000
Uganda,UGA,2004,7939487547.773837,UG,Africa,2004-UG,2004
Uganda,UGA,2005,9239221763.057926,UG,Africa,2005-UG,2004
Uganda,UGA,2006,9977647682.969542,UG,Africa,2006-UG,2004
Uganda,UGA,2007,11902564494.883343,UG,Africa,2007-UG,2004
Uganda,UGA,2008,14440404132.204687,UG,Africa,2008-UG,2008
Uganda,UGA,2009,25127805566.658375,UG,Africa,2009-UG,2008
Uganda,UGA,2010,26673441430.785694,UG,Africa,2010-UG,2008
Uganda,UGA,2011,27871725241,UG,Africa,2011-UG,2008
Uganda,UGA,2012,27305915910.78771,UG,Africa,2012-UG,2012
Uganda,UGA,2013,28915786516.61233,UG,Africa,2013-UG,2012
Uganda,UGA,2014,32612397257.44579,UG,Africa,2014-UG,2012
Uganda,UGA,2015,32387183730.10015,UG,Africa,2015-UG,2012
Uganda,UGA,2016,29203988696.262615,UG,Africa,2016-UG,2016
Uganda,UGA,2017,30744473841.42399,UG,Africa,2017-UG,2016
Uganda,UGA,2018,32927025619.679546,UG,Africa,2018-UG,2016
Uganda,UGA,2019,35348155095.421455,UG,Africa,2019-UG,2016
Uganda,UGA,2020,37600368239.882416,UG,Africa,2020-UG,2020
Uganda,UGA,2021,40529788744.05949,UG,Africa,2021-UG,2020
Uganda,UGA,2022,45565333216.414154,UG,Africa,2022-UG,2020
Uganda,UGA,2023,49272882214,UG,Africa,2023-UG,2020
Ukraine,UKR,1987,64904761904.76191,UA,Europe,1987-UA,1984
Ukraine,UKR,1988,74842105263,UA,Europe,1988-UA,1988
Ukraine,UKR,1989,80731578947.36842,UA,Europe,1989-UA,1988
Ukraine,UKR,1990,79523809523.80952,UA,Europe,1990-UA,1988
Ukraine,UKR,1991,76666666666.66667,UA,Europe,1991-UA,1988
Ukraine,UKR,1992,73906020558.00294,UA,Europe,1992-UA,1992
Ukraine,UKR,1993,65648189143.717354,UA,Europe,1993-UA,1992
Ukraine,UKR,1994,52549580264.80642,UA,Europe,1994-UA,1992
Ukraine,UKR,1995,48213856468.571815,UA,Europe,1995-UA,1992
Ukraine,UKR,1996,44558831005.062126,UA,Europe,1996-UA,1996
Ukraine,UKR,1997,50151531591.731674,UA,Europe,1997-UA,1996
Ukraine,UKR,1998,41882523345.18044,UA,Europe,1998-UA,1996
Ukraine,UKR,1999,31580639553.82983,UA,Europe,1999-UA,1996
Ukraine,UKR,2000,32375083934.824116,UA,Europe,2000-UA,2000
Ukraine,UKR,2001,39309580983.228165,UA,Europe,2001-UA,2000
Ukraine,UKR,2002,43956163612.043274,UA,Europe,2002-UA,2000
Ukraine,UKR,2003,52010355753.04612,UA,Europe,2003-UA,2000
Ukraine,UKR,2004,67220154164.316605,UA,Europe,2004-UA,2004
Ukraine,UKR,2005,89238865118.52626,UA,Europe,2005-UA,2004
Ukraine,UKR,2006,111884752475.24753,UA,Europe,2006-UA,2004
Ukraine,UKR,2007,148733861386.1386,UA,Europe,2007-UA,2004
Ukraine,UKR,2008,188110390659.51477,UA,Europe,2008-UA,2008
Ukraine,UKR,2009,121552153444.12442,UA,Europe,2009-UA,2008
Ukraine,UKR,2010,141209170427.2334,UA,Europe,2010-UA,2008
Ukraine,UKR,2011,169333835201.5541,UA,Europe,2011-UA,2008
Ukraine,UKR,2012,182591753827.94882,UA,Europe,2012-UA,2012
Ukraine,UKR,2013,190498811460.02753,UA,Europe,2013-UA,2012
Ukraine,UKR,2014,133503871861.7233,UA,Europe,2014-UA,2012
Ukraine,UKR,2015,91030967789.07175,UA,Europe,2015-UA,2012
Ukraine,UKR,2016,93355869403.92232,UA,Europe,2016-UA,2016
Ukraine,UKR,2017,112090505081.73862,UA,Europe,2017-UA,2016
Ukraine,UKR,2018,130891088293.54999,UA,Europe,2018-UA,2016
Ukraine,UKR,2019,153883047509.57697,UA,Europe,2019-UA,2016
Ukraine,UKR,2020,156617722013.3422,UA,Europe,2020-UA,2020
Ukraine,UKR,2021,199765859570.9353,UA,Europe,2021-UA,2020
Ukraine,UKR,2022,161989520721.1905,UA,Europe,2022-UA,2020
Ukraine,UKR,2023,178757021386.80896,UA,Europe,2023-UA,2020
United Arab Emirates,ARE,1970,685986701.3469204,AE,Middle East,1970-AE,1968
United Arab Emirates,ARE,1971,939893599.6141399,AE,Middle East,1971-AE,1968
United Arab Emirates,ARE,1972,1415086929.2130854,AE,Middle East,1972-AE,1972
United Arab Emirates,ARE,1973,4231243615.8714213,AE,Middle East,1973-AE,1972
United Arab Emirates,ARE,1974,11651505689.534113,AE,Middle East,1974-AE,1972
United Arab Emirates,ARE,1975,14720728248.535488,AE,Middle East,1975-AE,1972
United Arab Emirates,ARE,1976,19213158778.79277,AE,Middle East,1976-AE,1976
United Arab Emirates,ARE,1977,24871775164.604256,AE,Middle East,1977-AE,1976
United Arab Emirates,ARE,1978,23775764224.68313,AE,Middle East,1978-AE,1976
United Arab Emirates,ARE,1979,31225659620.995075,AE,Middle East,1979-AE,1976
United Arab Emirates,ARE,1980,43599160050.332245,AE,Middle East,1980-AE,1980
United Arab Emirates,ARE,1981,49333424135.11305,AE,Middle East,1981-AE,1980
United Arab Emirates,ARE,1982,46622718605.28467,AE,Middle East,1982-AE,1980
United Arab Emirates,ARE,1983,42803323345.137566,AE,Middle East,1983-AE,1980
United Arab Emirates,ARE,1984,41807954235.90302,AE,Middle East,1984-AE,1984
United Arab Emirates,ARE,1985,40603650231.54454,AE,Middle East,1985-AE,1984
United Arab Emirates,ARE,1986,33943612094.79706,AE,Middle East,1986-AE,1984
United Arab Emirates,ARE,1987,36384908744.21139,AE,Middle East,1987-AE,1984
United Arab Emirates,ARE,1988,36275674203.214386,AE,Middle East,1988-AE,1988
United Arab Emirates,ARE,1989,41464995913.919914,AE,Middle East,1989-AE,1988
United Arab Emirates,ARE,1990,50701443748.29747,AE,Middle East,1990-AE,1988
United Arab Emirates,ARE,1991,51552165622.446205,AE,Middle East,1991-AE,1988
United Arab Emirates,ARE,1992,54239171887.769005,AE,Middle East,1992-AE,1992
United Arab Emirates,ARE,1993,55625170253.33697,AE,Middle East,1993-AE,1992
United Arab Emirates,ARE,1994,59305093979.84201,AE,Middle East,1994-AE,1992
United Arab Emirates,ARE,1995,65743666575.86489,AE,Middle East,1995-AE,1992
United Arab Emirates,ARE,1996,73571233996.18633,AE,Middle East,1996-AE,1996
United Arab Emirates,ARE,1997,78839008444.56552,AE,Middle East,1997-AE,1996
United Arab Emirates,ARE,1998,75674336283.18584,AE,Middle East,1998-AE,1996
United Arab Emirates,ARE,1999,84445473110.95984,AE,Middle East,1999-AE,1996
United Arab Emirates,ARE,2000,104337372362.15112,AE,Middle East,2000-AE,2000
United Arab Emirates,ARE,2001,103311640571.81757,AE,Middle East,2001-AE,2000
United Arab Emirates,ARE,2002,109816201497.61743,AE,Middle East,2002-AE,2000
United Arab Emirates,ARE,2003,124346358066.71205,AE,Middle East,2003-AE,2000
United Arab Emirates,ARE,2004,147824370319.94556,AE,Middle East,2004-AE,2004
United Arab Emirates,ARE,2005,180617467964.60178,AE,Middle East,2005-AE,2004
United Arab Emirates,ARE,2006,222116541865.21445,AE,Middle East,2006-AE,2004
United Arab Emirates,ARE,2007,257916133424.09802,AE,Middle East,2007-AE,2004
United Arab Emirates,ARE,2008,315474615738.5977,AE,Middle East,2008-AE,2008
United Arab Emirates,ARE,2009,253547358747.44727,AE,Middle East,2009-AE,2008
United Arab Emirates,ARE,2010,300189052688.90405,AE,Middle East,2010-AE,2008
United Arab Emirates,ARE,2011,360832739550.7148,AE,Middle East,2011-AE,2008
United Arab Emirates,ARE,2012,384610125391.4227,AE,Middle East,2012-AE,2012
United Arab Emirates,ARE,2013,4.00219E+11,AE,Middle East,2013-AE,2012
United Arab Emirates,ARE,2014,414105366752.8931,AE,Middle East,2014-AE,2012
United Arab Emirates,ARE,2015,370275469571.13684,AE,Middle East,2015-AE,2012
United Arab Emirates,ARE,2016,369255326235.53436,AE,Middle East,2016-AE,2016
United Arab Emirates,ARE,2017,390516804029.95233,AE,Middle East,2017-AE,2016
United Arab Emirates,ARE,2018,427049432157.9306,AE,Middle East,2018-AE,2016
United Arab Emirates,ARE,2019,417989721742.6821,AE,Middle East,2019-AE,2016
United Arab Emirates,ARE,2020,349473015330.15656,AE,Middle East,2020-AE,2020
United Arab Emirates,ARE,2021,415178792756.97754,AE,Middle East,2021-AE,2020
United Arab Emirates,ARE,2022,5.07064E+11,AE,Middle East,2022-AE,2020
United Arab Emirates,ARE,2023,504173451327.43365,AE,Middle East,2023-AE,2020
United Kingdom,GBR,1960,73233967692.10281,GB,Europe,1960-GB,1960
United Kingdom,GBR,1961,77741965703.35442,GB,Europe,1961-GB,1960
United Kingdom,GBR,1962,81247564157,GB,Europe,1962-GB,1960
United Kingdom,GBR,1963,86561961812.32494,GB,Europe,1963-GB,1960
United Kingdom,GBR,1964,94407558351.16156,GB,Europe,1964-GB,1964
United Kingdom,GBR,1965,101824755078.99106,GB,Europe,1965-GB,1964
United Kingdom,GBR,1966,108572752102.0447,GB,Europe,1966-GB,1964
United Kingdom,GBR,1967,113116888210.78702,GB,Europe,1967-GB,1964
United Kingdom,GBR,1968,107759910067.88947,GB,Europe,1968-GB,1968
United Kingdom,GBR,1969,116464702803.21764,GB,Europe,1969-GB,1968
United Kingdom,GBR,1970,130671946244.30045,GB,Europe,1970-GB,1968
United Kingdom,GBR,1971,148113896325.13995,GB,Europe,1971-GB,1968
United Kingdom,GBR,1972,169965034965.03497,GB,Europe,1972-GB,1972
United Kingdom,GBR,1973,192537971582.55756,GB,Europe,1973-GB,1972
United Kingdom,GBR,1974,206131369798.97147,GB,Europe,1974-GB,1972
United Kingdom,GBR,1975,241756637168.14157,GB,Europe,1975-GB,1972
United Kingdom,GBR,1976,232614555256.0647,GB,Europe,1976-GB,1976
United Kingdom,GBR,1977,263066457352.17163,GB,Europe,1977-GB,1976
United Kingdom,GBR,1978,335883029721.95593,GB,Europe,1978-GB,1976
United Kingdom,GBR,1979,438994070309.19104,GB,Europe,1979-GB,1976
United Kingdom,GBR,1980,564947710899.3726,GB,Europe,1980-GB,1980
United Kingdom,GBR,1981,540765675241.1576,GB,Europe,1981-GB,1980
United Kingdom,GBR,1982,515048916841.3696,GB,Europe,1982-GB,1980
United Kingdom,GBR,1983,489618008185.53894,GB,Europe,1983-GB,1980
United Kingdom,GBR,1984,4.61487E+11,GB,Europe,1984-GB,1984
United Kingdom,GBR,1985,489285164271.04724,GB,Europe,1985-GB,1984
United Kingdom,GBR,1986,601452653180.8854,GB,Europe,1986-GB,1984
United Kingdom,GBR,1987,745162608269.3251,GB,Europe,1987-GB,1984
United Kingdom,GBR,1988,910122732123.7993,GB,Europe,1988-GB,1988
United Kingdom,GBR,1989,926884816753.9268,GB,Europe,1989-GB,1988
United Kingdom,GBR,1990,1093169389204.5454,GB,Europe,1990-GB,1988
United Kingdom,GBR,1991,1142797178130.5115,GB,Europe,1991-GB,1988
United Kingdom,GBR,1992,1179659529659.5298,GB,Europe,1992-GB,1992
United Kingdom,GBR,1993,1061388722255.549,GB,Europe,1993-GB,1992
United Kingdom,GBR,1994,1140489745944.2915,GB,Europe,1994-GB,1992
United Kingdom,GBR,1995,1344240176739.7822,GB,Europe,1995-GB,1992
United Kingdom,GBR,1996,1419645865834.6333,GB,Europe,1996-GB,1996
United Kingdom,GBR,1997,1560911918795.023,GB,Europe,1997-GB,1996
United Kingdom,GBR,1998,1653694932096.7207,GB,Europe,1998-GB,1996
United Kingdom,GBR,1999,1687830448147.549,GB,Europe,1999-GB,1996
United Kingdom,GBR,2000,1665534876683.3105,GB,Europe,2000-GB,2000
United Kingdom,GBR,2001,1649827263567.0073,GB,Europe,2001-GB,2000
United Kingdom,GBR,2002,1785729916067.1462,GB,Europe,2002-GB,2000
United Kingdom,GBR,2003,2054422857142.857,GB,Europe,2003-GB,2000
United Kingdom,GBR,2004,2421525082387.404,GB,Europe,2004-GB,2004
United Kingdom,GBR,2005,2.54318E+12,GB,Europe,2005-GB,2004
United Kingdom,GBR,2006,2708441582336.7065,GB,Europe,2006-GB,2004
United Kingdom,GBR,2007,3090510204081.6323,GB,Europe,2007-GB,2004
United Kingdom,GBR,2008,2929411764705.8823,GB,Europe,2008-GB,2008
United Kingdom,GBR,2009,2.41284E+12,GB,Europe,2009-GB,2008
United Kingdom,GBR,2010,2485482596184.7095,GB,Europe,2010-GB,2008
United Kingdom,GBR,2011,2663805834828.0723,GB,Europe,2011-GB,2008
United Kingdom,GBR,2012,2707089726614.636,GB,Europe,2012-GB,2012
United Kingdom,GBR,2013,2784853502534.292,GB,Europe,2013-GB,2012
United Kingdom,GBR,2014,3064708247921.4277,GB,Europe,2014-GB,2012
United Kingdom,GBR,2015,2927911140916.7314,GB,Europe,2015-GB,2012
United Kingdom,GBR,2016,2689106566899.611,GB,Europe,2016-GB,2016
United Kingdom,GBR,2017,2680148052335.299,GB,Europe,2017-GB,2016
United Kingdom,GBR,2018,2871340347581.7856,GB,Europe,2018-GB,2016
United Kingdom,GBR,2019,2851407164907.808,GB,Europe,2019-GB,2016
United Kingdom,GBR,2020,2697806592293.8604,GB,Europe,2020-GB,2020
United Kingdom,GBR,2021,3141506156618.7026,GB,Europe,2021-GB,2020
United Kingdom,GBR,2022,3088839763445.0234,GB,Europe,2022-GB,2020
United Kingdom,GBR,2023,3340032380668.0356,GB,Europe,2023-GB,2020
United States,USA,1960,5.41989E+11,US,North America,1960-US,1960
United States,USA,1961,5.6194E+11,US,North America,1961-US,1960
United States,USA,1962,6.03639E+11,US,North America,1962-US,1960
United States,USA,1963,6.37059E+11,US,North America,1963-US,1960
United States,USA,1964,6.84145E+11,US,North America,1964-US,1964
United States,USA,1965,7.41905E+11,US,North America,1965-US,1964
United States,USA,1966,8.13033E+11,US,North America,1966-US,1964
United States,USA,1967,8.5962E+11,US,North America,1967-US,1964
United States,USA,1968,9.40225E+11,US,North America,1968-US,1968
United States,USA,1969,1.01744E+12,US,North America,1969-US,1968
United States,USA,1970,1.0733E+12,US,North America,1970-US,1968
United States,USA,1971,1.16485E+12,US,North America,1971-US,1968
United States,USA,1972,1.27911E+12,US,North America,1972-US,1972
United States,USA,1973,1.42538E+12,US,North America,1973-US,1972
United States,USA,1974,1.54524E+12,US,North America,1974-US,1972
United States,USA,1975,1.6849E+12,US,North America,1975-US,1972
United States,USA,1976,1.87341E+12,US,North America,1976-US,1976
United States,USA,1977,2.08183E+12,US,North America,1977-US,1976
United States,USA,1978,2.3516E+12,US,North America,1978-US,1976
United States,USA,1979,2.62733E+12,US,North America,1979-US,1976
United States,USA,1980,2.85731E+12,US,North America,1980-US,1980
United States,USA,1981,3.20704E+12,US,North America,1981-US,1980
United States,USA,1982,3.34379E+12,US,North America,1982-US,1980
United States,USA,1983,3.63404E+12,US,North America,1983-US,1980
United States,USA,1984,4.03761E+12,US,North America,1984-US,1984
United States,USA,1985,4.33898E+12,US,North America,1985-US,1984
United States,USA,1986,4.57963E+12,US,North America,1986-US,1984
United States,USA,1987,4.85522E+12,US,North America,1987-US,1984
United States,USA,1988,5.23644E+12,US,North America,1988-US,1988
United States,USA,1989,5.64158E+12,US,North America,1989-US,1988
United States,USA,1990,5.96314E+12,US,North America,1990-US,1988
United States,USA,1991,6.15813E+12,US,North America,1991-US,1988
United States,USA,1992,6.52033E+12,US,North America,1992-US,1992
United States,USA,1993,6.85856E+12,US,North America,1993-US,1992
United States,USA,1994,7.28724E+12,US,North America,1994-US,1992
United States,USA,1995,7.63975E+12,US,North America,1995-US,1992
United States,USA,1996,8.07312E+12,US,North America,1996-US,1996
United States,USA,1997,8.57755E+12,US,North America,1997-US,1996
United States,USA,1998,9.06282E+12,US,North America,1998-US,1996
United States,USA,1999,9.63117E+12,US,North America,1999-US,1996
United States,USA,2000,1.0251E+13,US,North America,2000-US,2000
United States,USA,2001,1.05819E+13,US,North America,2001-US,2000
United States,USA,2002,1.09291E+13,US,North America,2002-US,2000
United States,USA,2003,1.14565E+13,US,North America,2003-US,2000
United States,USA,2004,1.22172E+13,US,North America,2004-US,2004
United States,USA,2005,1.30392E+13,US,North America,2005-US,2004
United States,USA,2006,1.38156E+13,US,North America,2006-US,2004
United States,USA,2007,1.44742E+13,US,North America,2007-US,2004
United States,USA,2008,1.47699E+13,US,North America,2008-US,2008
United States,USA,2009,1.44781E+13,US,North America,2009-US,2008
United States,USA,2010,1.5049E+13,US,North America,2010-US,2008
United States,USA,2011,1.55997E+13,US,North America,2011-US,2008
United States,USA,2012,1.6254E+13,US,North America,2012-US,2012
United States,USA,2013,1.68807E+13,US,North America,2013-US,2012
United States,USA,2014,1.76081E+13,US,North America,2014-US,2012
United States,USA,2015,1.8295E+13,US,North America,2015-US,2012
United States,USA,2016,1.88049E+13,US,North America,2016-US,2016
United States,USA,2017,1.96121E+13,US,North America,2017-US,2016
United States,USA,2018,2.06565E+13,US,North America,2018-US,2016
United States,USA,2019,2.15214E+13,US,North America,2019-US,2016
United States,USA,2020,2.1323E+13,US,North America,2020-US,2020
United States,USA,2021,2.3594E+13,US,North America,2021-US,2020
United States,USA,2022,2.57441E+13,US,North America,2022-US,2020
United States,USA,2023,2.73609E+13,US,North America,2023-US,2020
Uruguay,URY,1960,1208333333.3333333,UY,South America,1960-UY,1960
Uruguay,URY,1961,1600000000,UY,South America,1961-UY,1960
Uruguay,URY,1962,1763636363.6363637,UY,South America,1962-UY,1960
Uruguay,URY,1963,1553333333.3333333,UY,South America,1963-UY,1960
Uruguay,URY,1964,1970588235.2941177,UY,South America,1964-UY,1964
Uruguay,URY,1965,1893103448.275862,UY,South America,1965-UY,1964
Uruguay,URY,1966,1805555555.5555556,UY,South America,1966-UY,1964
Uruguay,URY,1967,1597142857.142857,UY,South America,1967-UY,1964
Uruguay,URY,1968,1592672413.7931035,UY,South America,1968-UY,1968
Uruguay,URY,1969,2004435483.8709676,UY,South America,1969-UY,1968
Uruguay,URY,1970,2137096774.1935482,UY,South America,1970-UY,1968
Uruguay,URY,1971,2807258064.516129,UY,South America,1971-UY,1968
Uruguay,URY,1972,2188700564.971751,UY,South America,1972-UY,1972
Uruguay,URY,1973,3964994165.6942825,UY,South America,1973-UY,1972
Uruguay,URY,1974,4091438980,UY,South America,1974-UY,1972
Uruguay,URY,1975,3538014311.270125,UY,South America,1975-UY,1972
Uruguay,URY,1976,3667716535.433071,UY,South America,1976-UY,1976
Uruguay,URY,1977,4114374865.5046268,UY,South America,1977-UY,1976
Uruguay,URY,1978,4910526315.789474,UY,South America,1978-UY,1976
Uruguay,URY,1979,7181487624.393978,UY,South America,1979-UY,1976
Uruguay,URY,1980,10162460046.291195,UY,South America,1980-UY,1980
Uruguay,URY,1981,11048642638.747335,UY,South America,1981-UY,1980
Uruguay,URY,1982,9179000938.424889,UY,South America,1982-UY,1980
Uruguay,URY,1983,5102251570.863394,UY,South America,1983-UY,1980
Uruguay,URY,1984,4850267475.354695,UY,South America,1984-UY,1984
Uruguay,URY,1985,4732017873.383685,UY,South America,1985-UY,1984
Uruguay,URY,1986,5880112788.4094715,UY,South America,1986-UY,1984
Uruguay,URY,1987,7367494080.400138,UY,South America,1987-UY,1984
Uruguay,URY,1988,8213538368.846354,UY,South America,1988-UY,1988
Uruguay,URY,1989,8438951476.066442,UY,South America,1989-UY,1988
Uruguay,URY,1990,9298807850.299791,UY,South America,1990-UY,1988
Uruguay,URY,1991,11206176650.907509,UY,South America,1991-UY,1988
Uruguay,URY,1992,12878148790.734764,UY,South America,1992-UY,1992
Uruguay,URY,1993,15002136971.174488,UY,South America,1993-UY,1992
Uruguay,URY,1994,17474588895.891823,UY,South America,1994-UY,1992
Uruguay,URY,1995,19297663096.550636,UY,South America,1995-UY,1992
Uruguay,URY,1996,20515458113.58567,UY,South America,1996-UY,1996
Uruguay,URY,1997,23969739233.896637,UY,South America,1997-UY,1996
Uruguay,URY,1998,25385886977.522835,UY,South America,1998-UY,1996
Uruguay,URY,1999,23983945190.62023,UY,South America,1999-UY,1996
Uruguay,URY,2000,22823270892.10942,UY,South America,2000-UY,2000
Uruguay,URY,2001,20898761742.238617,UY,South America,2001-UY,2000
Uruguay,URY,2002,13606515722.586388,UY,South America,2002-UY,2000
Uruguay,URY,2003,12045638351.85074,UY,South America,2003-UY,2000
Uruguay,URY,2004,13686329890.119078,UY,South America,2004-UY,2004
Uruguay,URY,2005,17362857683.85447,UY,South America,2005-UY,2004
Uruguay,URY,2006,19741420739.890133,UY,South America,2006-UY,2004
Uruguay,URY,2007,23797773024.39923,UY,South America,2007-UY,2004
Uruguay,URY,2008,31119602538.832172,UY,South America,2008-UY,2008
Uruguay,URY,2009,32708319077.517914,UY,South America,2009-UY,2008
Uruguay,URY,2010,41950361211.95806,UY,South America,2010-UY,2008
Uruguay,URY,2011,50342406067.07767,UY,South America,2011-UY,2008
Uruguay,URY,2012,54232266358.781075,UY,South America,2012-UY,2012
Uruguay,URY,2013,61337621933.78566,UY,South America,2013-UY,2012
Uruguay,URY,2014,61496186973.90199,UY,South America,2014-UY,2012
Uruguay,URY,2015,57680327998.668884,UY,South America,2015-UY,2012
Uruguay,URY,2016,57480788380.31204,UY,South America,2016-UY,2016
Uruguay,URY,2017,65006047680.322495,UY,South America,2017-UY,2016
Uruguay,URY,2018,65344408987.196465,UY,South America,2018-UY,2016
Uruguay,URY,2019,62222387928.99324,UY,South America,2019-UY,2016
Uruguay,URY,2020,53668636567.86667,UY,South America,2020-UY,2020
Uruguay,URY,2021,60760798595.54362,UY,South America,2021-UY,2020
Uruguay,URY,2022,70164683290.37762,UY,South America,2022-UY,2020
Uruguay,URY,2023,77240831587.16696,UY,South America,2023-UY,2020
Uzbekistan,UZB,1987,14352105263.157894,UZ,Middle East,1987-UZ,1984
Uzbekistan,UZB,1988,18357500000,UZ,Middle East,1988-UZ,1988
Uzbekistan,UZB,1989,20465333333.333332,UZ,Middle East,1989-UZ,1988
Uzbekistan,UZB,1990,13362340337.865679,UZ,Middle East,1990-UZ,1988
Uzbekistan,UZB,1991,13677622222.222223,UZ,Middle East,1991-UZ,1988
Uzbekistan,UZB,1992,12941297376.093296,UZ,Middle East,1992-UZ,1992
Uzbekistan,UZB,1993,13099013835.511147,UZ,Middle East,1993-UZ,1992
Uzbekistan,UZB,1994,12899156990.615555,UZ,Middle East,1994-UZ,1992
Uzbekistan,UZB,1995,13350468917.411453,UZ,Middle East,1995-UZ,1992
Uzbekistan,UZB,1996,13948892215.568863,UZ,Middle East,1996-UZ,1996
Uzbekistan,UZB,1997,14744603773.584906,UZ,Middle East,1997-UZ,1996
Uzbekistan,UZB,1998,14988971210.838272,UZ,Middle East,1998-UZ,1996
Uzbekistan,UZB,1999,17078465982.028242,UZ,Middle East,1999-UZ,1996
Uzbekistan,UZB,2000,13760513969.314003,UZ,Middle East,2000-UZ,2000
Uzbekistan,UZB,2001,11401421329.197435,UZ,Middle East,2001-UZ,2000
Uzbekistan,UZB,2002,9687788512.801842,UZ,Middle East,2002-UZ,2000
Uzbekistan,UZB,2003,10134453435.46029,UZ,Middle East,2003-UZ,2000
Uzbekistan,UZB,2004,12030023547.88069,UZ,Middle East,2004-UZ,2004
Uzbekistan,UZB,2005,14307509838.805326,UZ,Middle East,2005-UZ,2004
Uzbekistan,UZB,2006,17330833852.918976,UZ,Middle East,2006-UZ,2004
Uzbekistan,UZB,2007,22311393927.88172,UZ,Middle East,2007-UZ,2004
Uzbekistan,UZB,2008,29549438883.83379,UZ,Middle East,2008-UZ,2008
Uzbekistan,UZB,2009,33689223673.257736,UZ,Middle East,2009-UZ,2008
Uzbekistan,UZB,2010,49765676402.449455,UZ,Middle East,2010-UZ,2008
Uzbekistan,UZB,2011,60178909297.20801,UZ,Middle East,2011-UZ,2008
Uzbekistan,UZB,2012,67517349212.06092,UZ,Middle East,2012-UZ,2012
Uzbekistan,UZB,2013,73180037914.91043,UZ,Middle East,2013-UZ,2012
Uzbekistan,UZB,2014,80845385809.45294,UZ,Middle East,2014-UZ,2012
Uzbekistan,UZB,2015,86196264755.31053,UZ,Middle East,2015-UZ,2012
Uzbekistan,UZB,2016,86138288644.17099,UZ,Middle East,2016-UZ,2016
Uzbekistan,UZB,2017,62081322740.01623,UZ,Middle East,2017-UZ,2016
Uzbekistan,UZB,2018,52870108214.67422,UZ,Middle East,2018-UZ,2016
Uzbekistan,UZB,2019,60283503705.39067,UZ,Middle East,2019-UZ,2016
Uzbekistan,UZB,2020,60224701296.78847,UZ,Middle East,2020-UZ,2020
Uzbekistan,UZB,2021,69600614987.35088,UZ,Middle East,2021-UZ,2020
Uzbekistan,UZB,2022,81140823252.41638,UZ,Middle East,2022-UZ,2020
Uzbekistan,UZB,2023,90889149306.73126,UZ,Middle East,2023-UZ,2020
Vanuatu,VUT,1979,119258835.3355246,NH,Oceania,1979-NH,1976
Vanuatu,VUT,1980,121185497.5692614,NH,Oceania,1980-NH,1980
Vanuatu,VUT,1981,113781795.82356022,NH,Oceania,1981-NH,1980
Vanuatu,VUT,1982,114501912.52286713,NH,Oceania,1982-NH,1980
Vanuatu,VUT,1983,117389554.19140585,NH,Oceania,1983-NH,1980
Vanuatu,VUT,1984,144482515.36833617,NH,Oceania,1984-NH,1984
Vanuatu,VUT,1985,131856420.70318395,NH,Oceania,1985-NH,1984
Vanuatu,VUT,1986,126498935.33564945,NH,Oceania,1986-NH,1984
Vanuatu,VUT,1987,139464173.54732406,NH,Oceania,1987-NH,1984
Vanuatu,VUT,1988,158351368.43314883,NH,Oceania,1988-NH,1988
Vanuatu,VUT,1989,154013202.11647508,NH,Oceania,1989-NH,1988
Vanuatu,VUT,1990,168879207.24414828,NH,Oceania,1990-NH,1988
Vanuatu,VUT,1991,201334169.05444124,NH,Oceania,1991-NH,1988
Vanuatu,VUT,1992,209088824.6,NH,Oceania,1992-NH,1992
Vanuatu,VUT,1993,200491853.16784695,NH,Oceania,1993-NH,1992
Vanuatu,VUT,1994,233701301.4904858,NH,Oceania,1994-NH,1992
Vanuatu,VUT,1995,249333250.0825075,NH,Oceania,1995-NH,1992
Vanuatu,VUT,1996,261370044.48661375,NH,Oceania,1996-NH,1996
Vanuatu,VUT,1997,272771209.1136618,NH,Oceania,1997-NH,1996
Vanuatu,VUT,1998,262293410.70833415,NH,Oceania,1998-NH,1996
Vanuatu,VUT,1999,268006972.69029635,NH,Oceania,1999-NH,1996
Vanuatu,VUT,2000,272014627.8352617,NH,Oceania,2000-NH,2000
Vanuatu,VUT,2001,257926881.7204301,NH,Oceania,2001-NH,2000
Vanuatu,VUT,2002,262596535.54902846,NH,Oceania,2002-NH,2000
Vanuatu,VUT,2003,314471413.00177616,NH,Oceania,2003-NH,2000
Vanuatu,VUT,2004,364996869.1,NH,Oceania,2004-NH,2004
Vanuatu,VUT,2005,394962433.0293678,NH,Oceania,2005-NH,2004
Vanuatu,VUT,2006,439358586.5355876,NH,Oceania,2006-NH,2004
Vanuatu,VUT,2007,516392922.5137279,NH,Oceania,2007-NH,2004
Vanuatu,VUT,2008,590748429.4019016,NH,Oceania,2008-NH,2008
Vanuatu,VUT,2009,592622319.1456639,NH,Oceania,2009-NH,2008
Vanuatu,VUT,2010,670712979.6820383,NH,Oceania,2010-NH,2008
Vanuatu,VUT,2011,770153588.2,NH,Oceania,2011-NH,2008
Vanuatu,VUT,2012,747839697.7465929,NH,Oceania,2012-NH,2012
Vanuatu,VUT,2013,758304466.2453394,NH,Oceania,2013-NH,2012
Vanuatu,VUT,2014,772315983.8184297,NH,Oceania,2014-NH,2012
Vanuatu,VUT,2015,730870802.9670509,NH,Oceania,2015-NH,2012
Vanuatu,VUT,2016,780889605.9,NH,Oceania,2016-NH,2016
Vanuatu,VUT,2017,880061833.6903408,NH,Oceania,2017-NH,2016
Vanuatu,VUT,2018,914736985.4309444,NH,Oceania,2018-NH,2016
Vanuatu,VUT,2019,936526267.6225132,NH,Oceania,2019-NH,2016
Vanuatu,VUT,2020,909421043.5,NH,Oceania,2020-NH,2020
Vanuatu,VUT,2021,950394006.5325141,NH,Oceania,2021-NH,2020
Vanuatu,VUT,2022,1022219297.5033523,NH,Oceania,2022-NH,2020
Vanuatu,VUT,2023,1126313359.2192256,NH,Oceania,2023-NH,2020
"Venezuela, RB",VEN,1960,7663938303.071715,VE,South America,1960-VE,1960
"Venezuela, RB",VEN,1961,8067267030.618626,VE,South America,1961-VE,1960
"Venezuela, RB",VEN,1962,8814309884.211647,VE,South America,1962-VE,1960
"Venezuela, RB",VEN,1963,9608717288,VE,South America,1963-VE,1960
"Venezuela, RB",VEN,1964,8192413793.103449,VE,South America,1964-VE,1964
"Venezuela, RB",VEN,1965,8427777777.777779,VE,South America,1965-VE,1964
"Venezuela, RB",VEN,1966,8781333333.333334,VE,South America,1966-VE,1964
"Venezuela, RB",VEN,1967,9250000000,VE,South America,1967-VE,1964
"Venezuela, RB",VEN,1968,10034444444.444445,VE,South America,1968-VE,1968
"Venezuela, RB",VEN,1969,10285111111.111113,VE,South America,1969-VE,1968
"Venezuela, RB",VEN,1970,11561111111.111113,VE,South America,1970-VE,1968
"Venezuela, RB",VEN,1971,12986590909.090908,VE,South America,1971-VE,1968
"Venezuela, RB",VEN,1972,13977727272.727272,VE,South America,1972-VE,1972
"Venezuela, RB",VEN,1973,17035581395.348837,VE,South America,1973-VE,1972
"Venezuela, RB",VEN,1974,26100930232.55814,VE,South America,1974-VE,1972
"Venezuela, RB",VEN,1975,27464651163,VE,South America,1975-VE,1972
"Venezuela, RB",VEN,1976,31419534883.720932,VE,South America,1976-VE,1976
"Venezuela, RB",VEN,1977,36210697674,VE,South America,1977-VE,1976
"Venezuela, RB",VEN,1978,39316279069.76744,VE,South America,1978-VE,1976
"Venezuela, RB",VEN,1979,48310930232.558136,VE,South America,1979-VE,1976
"Venezuela, RB",VEN,1980,59116511627.906975,VE,South America,1980-VE,1980
"Venezuela, RB",VEN,1981,66327441860.46512,VE,South America,1981-VE,1980
"Venezuela, RB",VEN,1982,67736744186.04651,VE,South America,1982-VE,1980
"Venezuela, RB",VEN,1983,67556279069.76744,VE,South America,1983-VE,1980
"Venezuela, RB",VEN,1984,59867743467.933464,VE,South America,1984-VE,1984
"Venezuela, RB",VEN,1985,61965466666.66667,VE,South America,1985-VE,1984
"Venezuela, RB",VEN,1986,60516123711.34023,VE,South America,1986-VE,1984
"Venezuela, RB",VEN,1987,48029034482.75862,VE,South America,1987-VE,1984
"Venezuela, RB",VEN,1988,60226413793.10345,VE,South America,1988-VE,1988
"Venezuela, RB",VEN,1989,43536709104.01149,VE,South America,1989-VE,1988
"Venezuela, RB",VEN,1990,48606952194.775154,VE,South America,1990-VE,1988
"Venezuela, RB",VEN,1991,53453444787,VE,South America,1991-VE,1988
"Venezuela, RB",VEN,1992,60416519620,VE,South America,1992-VE,1992
"Venezuela, RB",VEN,1993,60037460783.19407,VE,South America,1993-VE,1992
"Venezuela, RB",VEN,1994,58418666666.66667,VE,South America,1994-VE,1992
"Venezuela, RB",VEN,1995,77389487770.08832,VE,South America,1995-VE,1992
"Venezuela, RB",VEN,1996,70543211119.09897,VE,South America,1996-VE,1996
"Venezuela, RB",VEN,1997,85837678559.83244,VE,South America,1997-VE,1996
"Venezuela, RB",VEN,1998,91336763255.05974,VE,South America,1998-VE,1996
"Venezuela, RB",VEN,1999,97972842461.51308,VE,South America,1999-VE,1996
"Venezuela, RB",VEN,2000,117146466002.66116,VE,South America,2000-VE,2000
"Venezuela, RB",VEN,2001,122911036746.7286,VE,South America,2001-VE,2000
"Venezuela, RB",VEN,2002,92893587733.65492,VE,South America,2002-VE,2000
"Venezuela, RB",VEN,2003,83620628582.10815,VE,South America,2003-VE,2000
"Venezuela, RB",VEN,2004,112451400424.9639,VE,South America,2004-VE,2004
"Venezuela, RB",VEN,2005,145513489651.87222,VE,South America,2005-VE,2004
"Venezuela, RB",VEN,2006,183477522123.89383,VE,South America,2006-VE,2004
"Venezuela, RB",VEN,2007,2.30364E+11,VE,South America,2007-VE,2004
"Venezuela, RB",VEN,2008,3.15953E+11,VE,South America,2008-VE,2008
"Venezuela, RB",VEN,2009,329787628928.4715,VE,South America,2009-VE,2008
"Venezuela, RB",VEN,2010,393192354510.6531,VE,South America,2010-VE,2008
"Venezuela, RB",VEN,2011,316482190800.3637,VE,South America,2011-VE,2008
"Venezuela, RB",VEN,2012,381286237847.6675,VE,South America,2012-VE,2012
"Venezuela, RB",VEN,2013,371005379786.5662,VE,South America,2013-VE,2012
"Venezuela, RB",VEN,2014,482359318767.7031,VE,South America,2014-VE,2012
Viet Nam,VNM,1985,14094687820.744488,VN,Asia,1985-VN,1984
Viet Nam,VNM,1986,26336616250.43968,VN,Asia,1986-VN,1984
Viet Nam,VNM,1987,36658108850.31485,VN,Asia,1987-VN,1984
Viet Nam,VNM,1988,25423812648.594105,VN,Asia,1988-VN,1988
Viet Nam,VNM,1989,6293304974.594027,VN,Asia,1989-VN,1988
Viet Nam,VNM,1990,6471740806,VN,Asia,1990-VN,1988
Viet Nam,VNM,1991,9613369520,VN,Asia,1991-VN,1988
Viet Nam,VNM,1992,9866990236.435875,VN,Asia,1992-VN,1992
Viet Nam,VNM,1993,13180953598.171595,VN,Asia,1993-VN,1992
Viet Nam,VNM,1994,16286433533.322754,VN,Asia,1994-VN,1992
Viet Nam,VNM,1995,20736164458.950462,VN,Asia,1995-VN,1992
Viet Nam,VNM,1996,24657470574.750126,VN,Asia,1996-VN,1996
Viet Nam,VNM,1997,26843700442,VN,Asia,1997-VN,1996
Viet Nam,VNM,1998,27209602050.045223,VN,Asia,1998-VN,1996
Viet Nam,VNM,1999,28683659006.77522,VN,Asia,1999-VN,1996
Viet Nam,VNM,2000,31172518403.316227,VN,Asia,2000-VN,2000
Viet Nam,VNM,2001,32685198808.55485,VN,Asia,2001-VN,2000
Viet Nam,VNM,2002,35064105500.83445,VN,Asia,2002-VN,2000
Viet Nam,VNM,2003,39552513231.91688,VN,Asia,2003-VN,2000
Viet Nam,VNM,2004,45427854693.25543,VN,Asia,2004-VN,2004
Viet Nam,VNM,2005,57633255738.19916,VN,Asia,2005-VN,2004
Viet Nam,VNM,2006,66371664817.043625,VN,Asia,2006-VN,2004
Viet Nam,VNM,2007,77414425532.24516,VN,Asia,2007-VN,2004
Viet Nam,VNM,2008,99130304099.12743,VN,Asia,2008-VN,2008
Viet Nam,VNM,2009,106014659565.21387,VN,Asia,2009-VN,2008
Viet Nam,VNM,2010,147201173196.97876,VN,Asia,2010-VN,2008
Viet Nam,VNM,2011,172595049183.9247,VN,Asia,2011-VN,2008
Viet Nam,VNM,2012,195590661129.24908,VN,Asia,2012-VN,2012
Viet Nam,VNM,2013,213708811665.34036,VN,Asia,2013-VN,2012
Viet Nam,VNM,2014,233451469642.51938,VN,Asia,2014-VN,2012
Viet Nam,VNM,2015,239258328381.7414,VN,Asia,2015-VN,2012
Viet Nam,VNM,2016,257096001177.98184,VN,Asia,2016-VN,2016
Viet Nam,VNM,2017,281353605986.90344,VN,Asia,2017-VN,2016
Viet Nam,VNM,2018,310106478394.6589,VN,Asia,2018-VN,2016
Viet Nam,VNM,2019,334365270496.66705,VN,Asia,2019-VN,2016
Viet Nam,VNM,2020,346615738537.7963,VN,Asia,2020-VN,2020
Viet Nam,VNM,2021,366474752771.00934,VN,Asia,2021-VN,2020
Viet Nam,VNM,2022,410324028883.32526,VN,Asia,2022-VN,2020
Viet Nam,VNM,2023,429716969049.5928,VN,Asia,2023-VN,2020
Virgin Islands (U.S.),VIR,2002,3262000000,VI,North America,2002-VI,2000
Virgin Islands (U.S.),VIR,2003,3443000000,VI,North America,2003-VI,2000
Virgin Islands (U.S.),VIR,2004,3797000000,VI,North America,2004-VI,2004
Virgin Islands (U.S.),VIR,2005,4428000000,VI,North America,2005-VI,2004
Virgin Islands (U.S.),VIR,2006,4484000000,VI,North America,2006-VI,2004
Virgin Islands (U.S.),VIR,2007,4784000000,VI,North America,2007-VI,2004
Virgin Islands (U.S.),VIR,2008,4244000000,VI,North America,2008-VI,2008
Virgin Islands (U.S.),VIR,2009,4201000000,VI,North America,2009-VI,2008
Virgin Islands (U.S.),VIR,2010,4324000000,VI,North America,2010-VI,2008
Virgin Islands (U.S.),VIR,2011,4223000000,VI,North America,2011-VI,2008
Virgin Islands (U.S.),VIR,2012,4089000000,VI,North America,2012-VI,2012
Virgin Islands (U.S.),VIR,2013,3738000000,VI,North America,2013-VI,2012
Virgin Islands (U.S.),VIR,2014,3565000000,VI,North America,2014-VI,2012
Virgin Islands (U.S.),VIR,2015,3663000000,VI,North America,2015-VI,2012
Virgin Islands (U.S.),VIR,2016,3798000000,VI,North America,2016-VI,2016
Virgin Islands (U.S.),VIR,2017,3794000000,VI,North America,2017-VI,2016
Virgin Islands (U.S.),VIR,2018,3923000000,VI,North America,2018-VI,2016
Virgin Islands (U.S.),VIR,2019,4121000000,VI,North America,2019-VI,2016
Virgin Islands (U.S.),VIR,2020,4189000000,VI,North America,2020-VI,2020
Virgin Islands (U.S.),VIR,2021,4444000000,VI,North America,2021-VI,2020
West Bank and Gaza,PSE,1994,2843300000,PS,Middle East,1994-PS,1992
West Bank and Gaza,PSE,1995,3282800000,PS,Middle East,1995-PS,1992
West Bank and Gaza,PSE,1996,3409600000,PS,Middle East,1996-PS,1996
West Bank and Gaza,PSE,1997,3759800000,PS,Middle East,1997-PS,1996
West Bank and Gaza,PSE,1998,4067800000,PS,Middle East,1998-PS,1996
West Bank and Gaza,PSE,1999,4271200000,PS,Middle East,1999-PS,1996
West Bank and Gaza,PSE,2000,4313600000,PS,Middle East,2000-PS,2000
West Bank and Gaza,PSE,2001,4003700000,PS,Middle East,2001-PS,2000
West Bank and Gaza,PSE,2002,3555800000,PS,Middle East,2002-PS,2000
West Bank and Gaza,PSE,2003,3968000000,PS,Middle East,2003-PS,2000
West Bank and Gaza,PSE,2004,4603100000,PS,Middle East,2004-PS,2004
West Bank and Gaza,PSE,2005,5125700000,PS,Middle East,2005-PS,2004
West Bank and Gaza,PSE,2006,5348300000,PS,Middle East,2006-PS,2004
West Bank and Gaza,PSE,2007,5815700000,PS,Middle East,2007-PS,2004
West Bank and Gaza,PSE,2008,7310400000,PS,Middle East,2008-PS,2008
West Bank and Gaza,PSE,2009,8085700000,PS,Middle East,2009-PS,2008
West Bank and Gaza,PSE,2010,9681500000,PS,Middle East,2010-PS,2008
West Bank and Gaza,PSE,2011,11186100000,PS,Middle East,2011-PS,2008
West Bank and Gaza,PSE,2012,12208400000,PS,Middle East,2012-PS,2012
West Bank and Gaza,PSE,2013,13515500000,PS,Middle East,2013-PS,2012
West Bank and Gaza,PSE,2014,13989700000,PS,Middle East,2014-PS,2012
West Bank and Gaza,PSE,2015,13972400000,PS,Middle East,2015-PS,2012
West Bank and Gaza,PSE,2016,15405400000,PS,Middle East,2016-PS,2016
West Bank and Gaza,PSE,2017,16128000000,PS,Middle East,2017-PS,2016
West Bank and Gaza,PSE,2018,16276600000,PS,Middle East,2018-PS,2016
West Bank and Gaza,PSE,2019,17133500000,PS,Middle East,2019-PS,2016
West Bank and Gaza,PSE,2020,15531700000,PS,Middle East,2020-PS,2020
West Bank and Gaza,PSE,2021,18109000000,PS,Middle East,2021-PS,2020
West Bank and Gaza,PSE,2022,19165500000,PS,Middle East,2022-PS,2020
West Bank and Gaza,PSE,2023,17396300000,PS,Middle East,2023-PS,2020
"Yemen, Rep.",YEM,1990,12643821568.96257,YE,Middle East,1990-YE,1988
"Yemen, Rep.",YEM,1991,14665445462.114904,YE,Middle East,1991-YE,1988
"Yemen, Rep.",YEM,1992,17959367194.004997,YE,Middle East,1992-YE,1992
"Yemen, Rep.",YEM,1993,21736802664.446297,YE,Middle East,1993-YE,1992
"Yemen, Rep.",YEM,1994,28019483763.53039,YE,Middle East,1994-YE,1992
"Yemen, Rep.",YEM,1995,12796345679.012346,YE,Middle East,1995-YE,1992
"Yemen, Rep.",YEM,1996,6496163615.660856,YE,Middle East,1996-YE,1996
"Yemen, Rep.",YEM,1997,6838298531,YE,Middle East,1997-YE,1996
"Yemen, Rep.",YEM,1998,6322175565.946511,YE,Middle East,1998-YE,1996
"Yemen, Rep.",YEM,1999,7639325295.882872,YE,Middle East,1999-YE,1996
"Yemen, Rep.",YEM,2000,9679316770.186335,YE,Middle East,2000-YE,2000
"Yemen, Rep.",YEM,2001,9852990692.987137,YE,Middle East,2001-YE,2000
"Yemen, Rep.",YEM,2002,10693430511.466354,YE,Middle East,2002-YE,2000
"Yemen, Rep.",YEM,2003,11777532662.04989,YE,Middle East,2003-YE,2000
"Yemen, Rep.",YEM,2004,13867634371.477274,YE,Middle East,2004-YE,2004
"Yemen, Rep.",YEM,2005,16731566717.188839,YE,Middle East,2005-YE,2004
"Yemen, Rep.",YEM,2006,19063143369.85798,YE,Middle East,2006-YE,2004
"Yemen, Rep.",YEM,2007,21650528674.09326,YE,Middle East,2007-YE,2004
"Yemen, Rep.",YEM,2008,26910855807.288002,YE,Middle East,2008-YE,2008
"Yemen, Rep.",YEM,2009,25130278212.55747,YE,Middle East,2009-YE,2008
"Yemen, Rep.",YEM,2010,30906749533,YE,Middle East,2010-YE,2008
"Yemen, Rep.",YEM,2011,32726417878.391018,YE,Middle East,2011-YE,2008
"Yemen, Rep.",YEM,2012,35401331609.59164,YE,Middle East,2012-YE,2012
"Yemen, Rep.",YEM,2013,40415233436.17665,YE,Middle East,2013-YE,2012
"Yemen, Rep.",YEM,2014,43228585321.327194,YE,Middle East,2014-YE,2012
"Yemen, Rep.",YEM,2015,42444490073.85545,YE,Middle East,2015-YE,2012
"Yemen, Rep.",YEM,2016,31317825274.150734,YE,Middle East,2016-YE,2016
"Yemen, Rep.",YEM,2017,26842229044.584846,YE,Middle East,2017-YE,2016
"Yemen, Rep.",YEM,2018,21606160663.03177,YE,Middle East,2018-YE,2016
Zambia,ZMB,1960,713000000,ZM,Africa,1960-ZM,1960
Zambia,ZMB,1961,696285714.2857143,ZM,Africa,1961-ZM,1960
Zambia,ZMB,1962,693142857.1428572,ZM,Africa,1962-ZM,1960
Zambia,ZMB,1963,718714285.7142857,ZM,Africa,1963-ZM,1960
Zambia,ZMB,1964,839428571.4285715,ZM,Africa,1964-ZM,1964
Zambia,ZMB,1965,1082857142.857143,ZM,Africa,1965-ZM,1964
Zambia,ZMB,1966,1264285714.2857144,ZM,Africa,1966-ZM,1964
Zambia,ZMB,1967,1368000000,ZM,Africa,1967-ZM,1964
Zambia,ZMB,1968,1605857142.857143,ZM,Africa,1968-ZM,1968
Zambia,ZMB,1969,1965714285.7142859,ZM,Africa,1969-ZM,1968
Zambia,ZMB,1970,1825285714.2857144,ZM,Africa,1970-ZM,1968
Zambia,ZMB,1971,1687000000,ZM,Africa,1971-ZM,1968
Zambia,ZMB,1972,1873249299.719888,ZM,Africa,1972-ZM,1972
Zambia,ZMB,1973,2435736196.3190184,ZM,Africa,1973-ZM,1972
Zambia,ZMB,1974,2913063763.608087,ZM,Africa,1974-ZM,1972
Zambia,ZMB,1975,2443545878.6936235,ZM,Africa,1975-ZM,1972
Zambia,ZMB,1976,2742796005.706134,ZM,Africa,1976-ZM,1976
Zambia,ZMB,1977,2514430379.746835,ZM,Africa,1977-ZM,1976
Zambia,ZMB,1978,2809862671.6604247,ZM,Africa,1978-ZM,1976
Zambia,ZMB,1979,3354854981.0844893,ZM,Africa,1979-ZM,1976
Zambia,ZMB,1980,3882889733.8403044,ZM,Africa,1980-ZM,1980
Zambia,ZMB,1981,4006206896.551724,ZM,Africa,1981-ZM,1980
Zambia,ZMB,1982,3870075349.838536,ZM,Africa,1982-ZM,1980
Zambia,ZMB,1983,3321048451.1517076,ZM,Africa,1983-ZM,1980
Zambia,ZMB,1984,2719801434.0871487,ZM,Africa,1984-ZM,1984
Zambia,ZMB,1985,2252197452.2292995,ZM,Africa,1985-ZM,1984
Zambia,ZMB,1986,1664509501.7976375,ZM,Africa,1986-ZM,1984
Zambia,ZMB,1987,2265364008.824456,ZM,Africa,1987-ZM,1984
Zambia,ZMB,1988,3728889426.566658,ZM,Africa,1988-ZM,1988
Zambia,ZMB,1989,3994585203.4168234,ZM,Africa,1989-ZM,1988
Zambia,ZMB,1990,3285217391.3043475,ZM,Africa,1990-ZM,1988
Zambia,ZMB,1991,3376791460.3960395,ZM,Africa,1991-ZM,1988
Zambia,ZMB,1992,3181921787.7094975,ZM,Africa,1992-ZM,1992
Zambia,ZMB,1993,3273505343.8553944,ZM,Africa,1993-ZM,1992
Zambia,ZMB,1994,3656806165.788479,ZM,Africa,1994-ZM,1992
Zambia,ZMB,1995,3806983413.1641593,ZM,Africa,1995-ZM,1992
Zambia,ZMB,1996,3597220962.0001655,ZM,Africa,1996-ZM,1996
Zambia,ZMB,1997,4303288479.708604,ZM,Africa,1997-ZM,1996
Zambia,ZMB,1998,3537741941.8936677,ZM,Africa,1998-ZM,1996
Zambia,ZMB,1999,3404284890.530603,ZM,Africa,1999-ZM,1996
Zambia,ZMB,2000,3600632111.414137,ZM,Africa,2000-ZM,2000
Zambia,ZMB,2001,4094441301.2142286,ZM,Africa,2001-ZM,2000
Zambia,ZMB,2002,4193850445.4263234,ZM,Africa,2002-ZM,2000
Zambia,ZMB,2003,4901869764.059568,ZM,Africa,2003-ZM,2000
Zambia,ZMB,2004,6221110219.455416,ZM,Africa,2004-ZM,2004
Zambia,ZMB,2005,8331870169.149771,ZM,Africa,2005-ZM,2004
Zambia,ZMB,2006,12756858899.281174,ZM,Africa,2006-ZM,2004
Zambia,ZMB,2007,14056957976.264833,ZM,Africa,2007-ZM,2004
Zambia,ZMB,2008,17910858637.904797,ZM,Africa,2008-ZM,2008
Zambia,ZMB,2009,15328342303.957512,ZM,Africa,2009-ZM,2008
Zambia,ZMB,2010,20265559483.854828,ZM,Africa,2010-ZM,2008
Zambia,ZMB,2011,23459515275.577595,ZM,Africa,2011-ZM,2008
Zambia,ZMB,2012,25503060420.026028,ZM,Africa,2012-ZM,2012
Zambia,ZMB,2013,28037239462.71422,ZM,Africa,2013-ZM,2012
Zambia,ZMB,2014,27141023558.08286,ZM,Africa,2014-ZM,2012
Zambia,ZMB,2015,21251216798.776245,ZM,Africa,2015-ZM,2012
Zambia,ZMB,2016,20958412538.309345,ZM,Africa,2016-ZM,2016
Zambia,ZMB,2017,25873601260.835304,ZM,Africa,2017-ZM,2016
Zambia,ZMB,2018,26311507273.67354,ZM,Africa,2018-ZM,2016
Zambia,ZMB,2019,23308667781.225754,ZM,Africa,2019-ZM,2016
Zambia,ZMB,2020,18137764931.280766,ZM,Africa,2020-ZM,2020
Zambia,ZMB,2021,22096416932.008896,ZM,Africa,2021-ZM,2020
Zambia,ZMB,2022,29163782140.485832,ZM,Africa,2022-ZM,2020
Zambia,ZMB,2023,28162630954,ZM,Africa,2023-ZM,2020
Zimbabwe,ZWE,1960,1052990399.9999999,ZW,Africa,1960-ZW,1960
Zimbabwe,ZWE,1961,1096646600,ZW,Africa,1961-ZW,1960
Zimbabwe,ZWE,1962,1117601600,ZW,Africa,1962-ZW,1960
Zimbabwe,ZWE,1963,1159511700,ZW,Africa,1963-ZW,1960
Zimbabwe,ZWE,1964,1217138000,ZW,Africa,1964-ZW,1964
Zimbabwe,ZWE,1965,1311435800,ZW,Africa,1965-ZW,1964
Zimbabwe,ZWE,1966,1281749500,ZW,Africa,1966-ZW,1964
Zimbabwe,ZWE,1967,1397002000,ZW,Africa,1967-ZW,1964
Zimbabwe,ZWE,1968,1479599900,ZW,Africa,1968-ZW,1968
Zimbabwe,ZWE,1969,1747998800,ZW,Africa,1969-ZW,1968
Zimbabwe,ZWE,1970,1884206300,ZW,Africa,1970-ZW,1968
Zimbabwe,ZWE,1971,2178716300,ZW,Africa,1971-ZW,1968
Zimbabwe,ZWE,1972,2677729400,ZW,Africa,1972-ZW,1972
Zimbabwe,ZWE,1973,3309353600,ZW,Africa,1973-ZW,1972
Zimbabwe,ZWE,1974,3982161400,ZW,Africa,1974-ZW,1972
Zimbabwe,ZWE,1975,4371300700,ZW,Africa,1975-ZW,1972
Zimbabwe,ZWE,1976,4318372000,ZW,Africa,1976-ZW,1976
Zimbabwe,ZWE,1977,4364382100,ZW,Africa,1977-ZW,1976
Zimbabwe,ZWE,1978,4351600500,ZW,Africa,1978-ZW,1976
Zimbabwe,ZWE,1979,5177459400,ZW,Africa,1979-ZW,1976
Zimbabwe,ZWE,1980,6678868200,ZW,Africa,1980-ZW,1980
Zimbabwe,ZWE,1981,8011373800,ZW,Africa,1981-ZW,1980
Zimbabwe,ZWE,1982,8539700699.999999,ZW,Africa,1982-ZW,1980
Zimbabwe,ZWE,1983,7764067000,ZW,Africa,1983-ZW,1980
Zimbabwe,ZWE,1984,6352125900,ZW,Africa,1984-ZW,1984
Zimbabwe,ZWE,1985,5637259300,ZW,Africa,1985-ZW,1984
Zimbabwe,ZWE,1986,6217523700,ZW,Africa,1986-ZW,1984
Zimbabwe,ZWE,1987,6741215100,ZW,Africa,1987-ZW,1984
Zimbabwe,ZWE,1988,7814784100,ZW,Africa,1988-ZW,1988
Zimbabwe,ZWE,1989,8286322700.000001,ZW,Africa,1989-ZW,1988
Zimbabwe,ZWE,1990,8783816700,ZW,Africa,1990-ZW,1988
Zimbabwe,ZWE,1991,8641481700,ZW,Africa,1991-ZW,1988
Zimbabwe,ZWE,1992,6751472200,ZW,Africa,1992-ZW,1992
Zimbabwe,ZWE,1993,6563813300,ZW,Africa,1993-ZW,1992
Zimbabwe,ZWE,1994,6890675000,ZW,Africa,1994-ZW,1992
Zimbabwe,ZWE,1995,7111270700,ZW,Africa,1995-ZW,1992
Zimbabwe,ZWE,1996,8553146600,ZW,Africa,1996-ZW,1996
Zimbabwe,ZWE,1997,8529571599.999999,ZW,Africa,1997-ZW,1996
Zimbabwe,ZWE,1998,6401968200,ZW,Africa,1998-ZW,1996
Zimbabwe,ZWE,1999,6858013100,ZW,Africa,1999-ZW,1996
Zimbabwe,ZWE,2000,6689957600,ZW,Africa,2000-ZW,2000
Zimbabwe,ZWE,2001,6777384700,ZW,Africa,2001-ZW,2000
Zimbabwe,ZWE,2002,6342116400,ZW,Africa,2002-ZW,2000
Zimbabwe,ZWE,2003,5727591800,ZW,Africa,2003-ZW,2000
Zimbabwe,ZWE,2004,5805598400,ZW,Africa,2004-ZW,2004
Zimbabwe,ZWE,2005,5755215200,ZW,Africa,2005-ZW,2004
Zimbabwe,ZWE,2006,5443896500,ZW,Africa,2006-ZW,2004
Zimbabwe,ZWE,2007,5291950100,ZW,Africa,2007-ZW,2004
Zimbabwe,ZWE,2008,4415702800,ZW,Africa,2008-ZW,2008
Zimbabwe,ZWE,2009,9665793300,ZW,Africa,2009-ZW,2008
Zimbabwe,ZWE,2010,12041655200,ZW,Africa,2010-ZW,2008
Zimbabwe,ZWE,2011,14101920300,ZW,Africa,2011-ZW,2008
Zimbabwe,ZWE,2012,17114849900.000002,ZW,Africa,2012-ZW,2012
Zimbabwe,ZWE,2013,19091020000,ZW,Africa,2013-ZW,2012
Zimbabwe,ZWE,2014,19495519600,ZW,Africa,2014-ZW,2012
Zimbabwe,ZWE,2015,19963120600,ZW,Africa,2015-ZW,2012
Zimbabwe,ZWE,2016,20548678100,ZW,Africa,2016-ZW,2016
Zimbabwe,ZWE,2017,17584890936.652306,ZW,Africa,2017-ZW,2016
Zimbabwe,ZWE,2018,34156069918.06094,ZW,Africa,2018-ZW,2016
Zimbabwe,ZWE,2019,21832234925.50214,ZW,Africa,2019-ZW,2016
Zimbabwe,ZWE,2020,21509698406.111595,ZW,Africa,2020-ZW,2020
Zimbabwe,ZWE,2021,28371238665.511635,ZW,Africa,2021-ZW,2020
Zimbabwe,ZWE,2022,27366627153.095413,ZW,Africa,2022-ZW,2020
Zimbabwe,ZWE,2023,26538273498.84614,ZW,Africa,2023-ZW,2020