Year,Country,Area,MedalType,GDP,MedalCount,game_season
1960,Australia,Oceania,BRONZE,18606562977.050076,6,Summer
1960,Australia,Oceania,GOLD,18606562977.050076,8,Summer
1960,Australia,Oceania,SILVER,18606562977.050076,8,Summer
1960,Austria,Europe,GOLD,6650133914.547951,1,Summer
1960,Austria,Europe,SILVER,6650133914.547951,1,Summer
1960,Belgium,Europe,BRONZE,11810619368.387356,2,Summer
1960,Belgium,Europe,SILVER,11810619368.387356,2,Summer
1960,Canada,North America,SILVER,40563768946.95027,1,Summer
1960,Denmark,Europe,BRONZE,6361166312.9475155,1,Summer
1960,Denmark,Europe,GOLD,6361166312.9475155,2,Summer
1960,Denmark,Europe,SILVER,6361166312.9475155,3,Summer
1960,Ethiopia,Africa,GOLD,1610511693.785427,1,Summer
1960,Finland,Europe,BRONZE,5279011362.127209,3,Summer
1960,Finland,Europe,GOLD,5279011362.127209,1,Summer
1960,Finland,Europe,SILVER,5279011362.127209,1,Summer
1960,France,Europe,BRONZE,62225478000.88224,3,Summer
1960,France,Europe,SILVER,62225478000.88224,2,Summer
1960,Germany,Europe,BRONZE,84310950194.11525,11,Summer
1960,Germany,Europe,GOLD,84310950194.11525,12,Summer
1960,Germany,Europe,SILVER,84310950194.11525,19,Summer
1960,Ghana,Africa,SILVER,1223943661.9718308,1,Summer
1960,Great Britain,Europe,BRONZE,73233967692.10281,12,Summer
1960,Great Britain,Europe,GOLD,73233967692.10281,2,Summer
1960,Great Britain,Europe,SILVER,73233967692.10281,6,Summer
1960,Greece,Europe,GOLD,4335191696.005855,1,Summer
1960,India,Asia,SILVER,37029883876.18387,1,Summer
1960,Iraq,Middle East,BRONZE,1537252191.859759,1,Summer
1960,Islamic Republic of Iran,Middle East,BRONZE,4199134389.903696,3,Summer
1960,Islamic Republic of Iran,Middle East,SILVER,4199134389.903696,1,Summer
1960,Italy,Europe,BRONZE,41915814948.0,13,Summer
1960,Italy,Europe,GOLD,41915814948.0,13,Summer
1960,Italy,Europe,SILVER,41915814948.0,10,Summer
1960,Japan,Asia,BRONZE,47419238274.461945,7,Summer
1960,Japan,Asia,GOLD,47419238274.461945,4,Summer
1960,Japan,Asia,SILVER,47419238274.461945,7,Summer
1960,Mexico,North America,BRONZE,13040000000.0,1,Summer
1960,Morocco,Africa,SILVER,2037154741.9321055,1,Summer
1960,Netherlands,Europe,BRONZE,13263458995.38695,2,Summer
1960,Netherlands,Europe,SILVER,13263458995.38695,1,Summer
1960,New Zealand,Oceania,BRONZE,5536098606.292308,1,Summer
1960,New Zealand,Oceania,GOLD,5536098606.292308,2,Summer
1960,Norway,Europe,GOLD,5197398721.413668,1,Summer
1960,Pakistan,Middle East,BRONZE,3749265014.6997066,1,Summer
1960,Pakistan,Middle East,GOLD,3749265014.6997066,1,Summer
1960,Portugal,Europe,SILVER,3339150157.8560543,1,Summer
1960,Singapore,Asia,SILVER,704751700.3024938,1,Summer
1960,South Africa,Africa,BRONZE,8748596501.0,2,Summer
1960,South Africa,Africa,SILVER,8748596501.0,1,Summer
1960,Spain,Europe,BRONZE,12433394725.215897,1,Summer
1960,Sweden,Europe,BRONZE,15953203852.683084,3,Summer
1960,Sweden,Europe,GOLD,15953203852.683084,1,Summer
1960,Sweden,Europe,SILVER,15953203852.683084,2,Summer
1960,Switzerland,Europe,BRONZE,10412232620.52584,3,Summer
1960,Switzerland,Europe,SILVER,10412232620.52584,3,Summer
1960,Turkey,Middle East,GOLD,7566666666.666666,7,Summer
1960,Turkey,Middle East,SILVER,7566666666.666666,2,Summer
1960,United States of America,North America,BRONZE,541989000000.0,16,Summer
1960,United States of America,North America,GOLD,541989000000.0,34,Summer
1960,United States of America,North America,SILVER,541989000000.0,21,Summer
1960,Venezuela,South America,BRONZE,7663938303.071715,1,Summer
1964,Australia,Oceania,BRONZE,23801123808.17981,10,Summer
1964,Australia,Oceania,GOLD,23801123808.17981,6,Summer
1964,Australia,Oceania,SILVER,23801123808.17981,2,Summer
1964,Bahamas,North America,GOLD,266666666.66666663,1,Summer
1964,Belgium,Europe,BRONZE,16168044450.25225,1,Summer
1964,Belgium,Europe,GOLD,16168044450.25225,2,Summer
1964,Canada,North America,BRONZE,49503663836.0,1,Summer
1964,Canada,North America,GOLD,49503663836.0,1,Summer
1964,Canada,North America,SILVER,49503663836.0,2,Summer
1964,Denmark,Europe,BRONZE,9677400984.901217,3,Summer
1964,Denmark,Europe,GOLD,9677400984.901217,2,Summer
1964,Denmark,Europe,SILVER,9677400984.901217,1,Summer
1964,Ethiopia,Africa,GOLD,1984129185.465532,1,Summer
1964,Finland,Europe,BRONZE,7848288358.0,2,Summer
1964,Finland,Europe,GOLD,7848288358.0,3,Summer
1964,France,Europe,BRONZE,94007851047.36778,6,Summer
1964,France,Europe,GOLD,94007851047.36778,1,Summer
1964,France,Europe,SILVER,94007851047.36778,8,Summer
1964,Germany,Europe,BRONZE,122880200227.83871,18,Summer
1964,Germany,Europe,GOLD,122880200227.83871,10,Summer
1964,Germany,Europe,SILVER,122880200227.83871,22,Summer
1964,Ghana,Africa,BRONZE,1740845070.4225352,1,Summer
1964,Great Britain,Europe,BRONZE,94407558351.16156,2,Summer
1964,Great Britain,Europe,GOLD,94407558351.16156,4,Summer
1964,Great Britain,Europe,SILVER,94407558351.16156,12,Summer
1964,India,Asia,GOLD,56480289940.989944,1,Summer
1964,Ireland,Europe,BRONZE,2851091646.431651,1,Summer
1964,Islamic Republic of Iran,Middle East,BRONZE,5379845647.7013855,2,Summer
1964,Italy,Europe,BRONZE,65569646710.202965,7,Summer
1964,Italy,Europe,GOLD,65569646710.202965,10,Summer
1964,Italy,Europe,SILVER,65569646710.202965,10,Summer
1964,Japan,Asia,BRONZE,87490590817.98027,8,Summer
1964,Japan,Asia,GOLD,87490590817.98027,16,Summer
1964,Japan,Asia,SILVER,87490590817.98027,5,Summer
1964,Kenya,Africa,BRONZE,998759334.4962662,1,Summer
1964,Mexico,North America,BRONZE,20080000000.0,1,Summer
1964,Netherlands,Europe,BRONZE,20202316519.43203,4,Summer
1964,Netherlands,Europe,GOLD,20202316519.43203,2,Summer
1964,Netherlands,Europe,SILVER,20202316519.43203,4,Summer
1964,New Zealand,Oceania,BRONZE,7340766740.941144,2,Summer
1964,New Zealand,Oceania,GOLD,7340766740.941144,3,Summer
1964,Nigeria,Africa,BRONZE,5552931318.827473,1,Summer
1964,Pakistan,Middle East,SILVER,5204955900.881983,1,Summer
1964,Philippines,Asia,SILVER,5953756194.809882,1,Summer
1964,Republic of Korea,Asia,BRONZE,3459019942.7907934,1,Summer
1964,Republic of Korea,Asia,SILVER,3459019942.7907934,2,Summer
1964,Sweden,Europe,BRONZE,22718426804.352917,4,Summer
1964,Sweden,Europe,GOLD,22718426804.352917,2,Summer
1964,Sweden,Europe,SILVER,22718426804.352917,2,Summer
1964,Switzerland,Europe,BRONZE,15833133857.628052,1,Summer
1964,Switzerland,Europe,GOLD,15833133857.628052,1,Summer
1964,Switzerland,Europe,SILVER,15833133857.628052,2,Summer
1964,Trinidad and Tobago,North America,BRONZE,711893367.5552704,2,Summer
1964,Trinidad and Tobago,North America,SILVER,711893367.5552704,1,Summer
1964,Tunisia,Africa,BRONZE,1025866792.1568629,1,Summer
1964,Tunisia,Africa,SILVER,1025866792.1568629,1,Summer
1964,Turkey,Middle East,BRONZE,11177777777.777777,1,Summer
1964,Turkey,Middle East,GOLD,11177777777.777777,2,Summer
1964,Turkey,Middle East,SILVER,11177777777.777777,3,Summer
1964,United States of America,North America,BRONZE,684145000000.0,28,Summer
1964,United States of America,North America,GOLD,684145000000.0,36,Summer
1964,United States of America,North America,SILVER,684145000000.0,26,Summer
1964,Uruguay,South America,BRONZE,1970588235.2941177,1,Summer
1968,Australia,Oceania,BRONZE,32714085234.253635,5,Summer
1968,Australia,Oceania,GOLD,32714085234.253635,5,Summer
1968,Australia,Oceania,SILVER,32714085234.253635,7,Summer
1968,Austria,Europe,BRONZE,12549016578.695044,2,Summer
1968,Austria,Europe,SILVER,12549016578.695044,2,Summer
1968,Belgium,Europe,BRONZE,21654856965.428123,1,Summer
1968,Belgium,Europe,SILVER,21654856965.428123,1,Summer
1968,Cameroon,Africa,SILVER,1046191217.7994168,1,Summer
1968,Canada,North America,BRONZE,72048833006.16019,1,Summer
1968,Canada,North America,GOLD,72048833006.16019,1,Summer
1968,Canada,North America,SILVER,72048833006.16019,3,Summer
1968,Denmark,Europe,BRONZE,13505573866.666666,3,Summer
1968,Denmark,Europe,GOLD,13505573866.666666,1,Summer
1968,Denmark,Europe,SILVER,13505573866.666666,4,Summer
1968,Ethiopia,Africa,GOLD,2619948864.8650637,1,Summer
1968,Ethiopia,Africa,SILVER,2619948864.8650637,1,Summer
1968,Federal Republic of Germany,Europe,BRONZE,155955906530.69864,10,Summer
1968,Federal Republic of Germany,Europe,GOLD,155955906530.69864,5,Summer
1968,Federal Republic of Germany,Europe,SILVER,155955906530.69864,11,Summer
1968,Finland,Europe,BRONZE,8915770472.976006,1,Summer
1968,Finland,Europe,GOLD,8915770472.976006,1,Summer
1968,Finland,Europe,SILVER,8915770472.976006,2,Summer
1968,France,Europe,BRONZE,129785441507.45567,5,Summer
1968,France,Europe,GOLD,129785441507.45567,7,Summer
1968,France,Europe,SILVER,129785441507.45567,3,Summer
1968,Great Britain,Europe,BRONZE,107759910067.88948,3,Summer
1968,Great Britain,Europe,GOLD,107759910067.88948,5,Summer
1968,Great Britain,Europe,SILVER,107759910067.88948,5,Summer
1968,Greece,Europe,BRONZE,10090674766.703152,1,Summer
1968,Hungary,Europe,BRONZE,4870283626.180433,12,Summer
1968,Hungary,Europe,GOLD,4870283626.180433,10,Summer
1968,Hungary,Europe,SILVER,4870283626.180433,10,Summer
1968,India,Asia,BRONZE,53085455870.666664,1,Summer
1968,Islamic Republic of Iran,Middle East,BRONZE,8623172959.898033,2,Summer
1968,Islamic Republic of Iran,Middle East,GOLD,8623172959.898033,2,Summer
1968,Islamic Republic of Iran,Middle East,SILVER,8623172959.898033,1,Summer
1968,Italy,Europe,BRONZE,91275077144.66182,9,Summer
1968,Italy,Europe,GOLD,91275077144.66182,3,Summer
1968,Italy,Europe,SILVER,91275077144.66182,4,Summer
1968,Jamaica,North America,SILVER,1083839132.9286935,1,Summer
1968,Japan,Asia,BRONZE,156897496759.12778,7,Summer
1968,Japan,Asia,GOLD,156897496759.12778,11,Summer
1968,Japan,Asia,SILVER,156897496759.12778,7,Summer
1968,Kenya,Africa,BRONZE,1353295458.6818166,2,Summer
1968,Kenya,Africa,GOLD,1353295458.6818166,3,Summer
1968,Kenya,Africa,SILVER,1353295458.6818166,4,Summer
1968,Mexico,North America,BRONZE,29360000000.0,3,Summer
1968,Mexico,North America,GOLD,29360000000.0,3,Summer
1968,Mexico,North America,SILVER,29360000000.0,3,Summer
1968,Netherlands,Europe,BRONZE,30053405731.016724,1,Summer
1968,Netherlands,Europe,GOLD,30053405731.016724,3,Summer
1968,Netherlands,Europe,SILVER,30053405731.016724,3,Summer
1968,New Zealand,Oceania,BRONZE,5228045647.392999,2,Summer
1968,New Zealand,Oceania,GOLD,5228045647.392999,1,Summer
1968,Norway,Europe,GOLD,10227087165.24143,1,Summer
1968,Norway,Europe,SILVER,10227087165.24143,1,Summer
1968,Pakistan,Middle East,GOLD,8041999160.0,1,Summer
1968,Republic of Korea,Asia,BRONZE,6119394892.0,1,Summer
1968,Republic of Korea,Asia,SILVER,6119394892.0,1,Summer
1968,Sweden,Europe,BRONZE,31323283317.0,1,Summer
1968,Sweden,Europe,GOLD,31323283317.0,2,Summer
1968,Sweden,Europe,SILVER,31323283317.0,1,Summer
1968,Switzerland,Europe,BRONZE,20712102793.802624,4,Summer
1968,Switzerland,Europe,SILVER,20712102793.802624,1,Summer
1968,Tunisia,Africa,BRONZE,1214666666.6666665,1,Summer
1968,Tunisia,Africa,GOLD,1214666666.6666665,1,Summer
1968,Turkey,Middle East,GOLD,17500000000.0,2,Summer
1968,Uganda,Africa,BRONZE,1037379252.4149518,1,Summer
1968,Uganda,Africa,SILVER,1037379252.4149518,1,Summer
1968,United States of America,North America,BRONZE,940225000000.0,34,Summer
1968,United States of America,North America,GOLD,940225000000.0,45,Summer
1968,United States of America,North America,SILVER,940225000000.0,28,Summer
1968,Venezuela,South America,GOLD,10034444444.444445,1,Summer
1972,Australia,Oceania,BRONZE,52040887850.46729,2,Summer
1972,Australia,Oceania,GOLD,52040887850.46729,8,Summer
1972,Australia,Oceania,SILVER,52040887850.46729,7,Summer
1972,Austria,Europe,BRONZE,22059612476.93315,2,Summer
1972,Austria,Europe,SILVER,22059612476.93315,1,Summer
1972,Belgium,Europe,SILVER,37209418018.51343,2,Summer
1972,Canada,North America,BRONZE,113463848873.6236,3,Summer
1972,Canada,North America,SILVER,113463848873.6236,2,Summer
1972,Colombia,South America,BRONZE,8671358732.684858,2,Summer
1972,Colombia,South America,SILVER,8671358732.684858,1,Summer
1972,Cuba,North America,BRONZE,8135150891.920252,4,Summer
1972,Cuba,North America,GOLD,8135150891.920252,3,Summer
1972,Cuba,North America,SILVER,8135150891.920252,1,Summer
1972,Denmark,Europe,GOLD,23232379951.937607,1,Summer
1972,Ethiopia,Africa,BRONZE,3520252938.3216524,2,Summer
1972,Federal Republic of Germany,Europe,BRONZE,299801542047.4759,16,Summer
1972,Federal Republic of Germany,Europe,GOLD,299801542047.4759,13,Summer
1972,Federal Republic of Germany,Europe,SILVER,299801542047.4759,11,Summer
1972,Finland,Europe,BRONZE,14743186119.873816,4,Summer
1972,Finland,Europe,GOLD,14743186119.873816,3,Summer
1972,Finland,Europe,SILVER,14743186119.873816,1,Summer
1972,France,Europe,BRONZE,203494148244.47333,7,Summer
1972,France,Europe,GOLD,203494148244.47333,2,Summer
1972,France,Europe,SILVER,203494148244.47333,4,Summer
1972,Ghana,Africa,BRONZE,2116541353.3834584,1,Summer
1972,Great Britain,Europe,BRONZE,169965034965.03497,9,Summer
1972,Great Britain,Europe,GOLD,169965034965.03497,4,Summer
1972,Great Britain,Europe,SILVER,169965034965.03497,5,Summer
1972,Greece,Europe,SILVER,16885511363.636364,2,Summer
1972,Hungary,Europe,BRONZE,7355242314.224068,16,Summer
1972,Hungary,Europe,GOLD,7355242314.224068,6,Summer
1972,Hungary,Europe,SILVER,7355242314.224068,13,Summer
1972,India,Asia,BRONZE,71464700666.98688,1,Summer
1972,Islamic Republic of Iran,Middle East,BRONZE,17153463263.108646,1,Summer
1972,Islamic Republic of Iran,Middle East,SILVER,17153463263.108646,2,Summer
1972,Italy,Europe,BRONZE,145260039840.63745,10,Summer
1972,Italy,Europe,GOLD,145260039840.63745,5,Summer
1972,Italy,Europe,SILVER,145260039840.63745,3,Summer
1972,Jamaica,North America,BRONZE,1875146587.4442968,1,Summer
1972,Japan,Asia,BRONZE,324933841268.5847,8,Summer
1972,Japan,Asia,GOLD,324933841268.5847,13,Summer
1972,Japan,Asia,SILVER,324933841268.5847,8,Summer
1972,Kenya,Africa,BRONZE,2107279157.0883372,4,Summer
1972,Kenya,Africa,GOLD,2107279157.0883372,2,Summer
1972,Kenya,Africa,SILVER,2107279157.0883372,3,Summer
1972,Mexico,North America,SILVER,45200000000.0,1,Summer
1972,Netherlands,Europe,BRONZE,54706557264.48778,1,Summer
1972,Netherlands,Europe,GOLD,54706557264.48778,3,Summer
1972,Netherlands,Europe,SILVER,54706557264.48778,1,Summer
1972,New Zealand,Oceania,BRONZE,9567331064.657269,1,Summer
1972,New Zealand,Oceania,GOLD,9567331064.657269,1,Summer
1972,New Zealand,Oceania,SILVER,9567331064.657269,1,Summer
1972,Niger,Africa,BRONZE,742779660.8186927,1,Summer
1972,Nigeria,Africa,BRONZE,12274416017.797552,1,Summer
1972,Norway,Europe,BRONZE,17358610849.70098,1,Summer
1972,Norway,Europe,GOLD,17358610849.70098,2,Summer
1972,Norway,Europe,SILVER,17358610849.70098,1,Summer
1972,Pakistan,Middle East,SILVER,9415016360.0,1,Summer
1972,Republic of Korea,Asia,SILVER,10862211760.825178,1,Summer
1972,Spain,Europe,BRONZE,59132415221.330574,1,Summer
1972,Sweden,Europe,BRONZE,48954145808.83588,6,Summer
1972,Sweden,Europe,GOLD,48954145808.83588,4,Summer
1972,Sweden,Europe,SILVER,48954145808.83588,6,Summer
1972,Switzerland,Europe,SILVER,36844318854.0,3,Summer
1972,Tunisia,Africa,SILVER,2237556148.510846,1,Summer
1972,Turkey,Middle East,SILVER,20650000000.0,1,Summer
1972,Uganda,Africa,GOLD,1490970180.596388,1,Summer
1972,Uganda,Africa,SILVER,1490970180.596388,1,Summer
1972,United States of America,North America,BRONZE,1279110000000.0,30,Summer
1972,United States of America,North America,GOLD,1279110000000.0,33,Summer
1972,United States of America,North America,SILVER,1279110000000.0,31,Summer
1976,Australia,Oceania,BRONZE,105059356494.42484,4,Summer
1976,Australia,Oceania,SILVER,105059356494.42484,1,Summer
1976,Austria,Europe,BRONZE,42959976221.52335,1,Summer
1976,Belgium,Europe,BRONZE,71113882967.60712,3,Summer
1976,Belgium,Europe,SILVER,71113882967.60712,3,Summer
1976,Bermuda,North America,BRONZE,386300000.0,1,Summer
1976,Canada,North America,BRONZE,207271612576.0649,6,Summer
1976,Canada,North America,SILVER,207271612576.0649,5,Summer
1976,Cuba,North America,BRONZE,13789579902.557858,3,Summer
1976,Cuba,North America,GOLD,13789579902.557858,6,Summer
1976,Cuba,North America,SILVER,13789579902.557858,4,Summer
1976,Denmark,Europe,BRONZE,44575892473.118286,2,Summer
1976,Denmark,Europe,GOLD,44575892473.118286,1,Summer
1976,Federal Republic of Germany,Europe,BRONZE,519754453161.4106,17,Summer
1976,Federal Republic of Germany,Europe,GOLD,519754453161.4106,10,Summer
1976,Federal Republic of Germany,Europe,SILVER,519754453161.4106,12,Summer
1976,Finland,Europe,GOLD,31849513771.34944,4,Summer
1976,Finland,Europe,SILVER,31849513771.34944,2,Summer
1976,France,Europe,BRONZE,372319038514.0672,4,Summer
1976,France,Europe,GOLD,372319038514.0672,2,Summer
1976,France,Europe,SILVER,372319038514.0672,3,Summer
1976,Great Britain,Europe,BRONZE,232614555256.0647,5,Summer
1976,Great Britain,Europe,GOLD,232614555256.0647,3,Summer
1976,Great Britain,Europe,SILVER,232614555256.0647,5,Summer
1976,Hungary,Europe,BRONZE,13192437321.244184,13,Summer
1976,Hungary,Europe,GOLD,13192437321.244184,4,Summer
1976,Hungary,Europe,SILVER,13192437321.244184,5,Summer
1976,Islamic Republic of Iran,Middle East,BRONZE,68055295080.75381,1,Summer
1976,Islamic Republic of Iran,Middle East,SILVER,68055295080.75381,1,Summer
1976,Italy,Europe,BRONZE,224717278436.84576,4,Summer
1976,Italy,Europe,GOLD,224717278436.84576,2,Summer
1976,Italy,Europe,SILVER,224717278436.84576,7,Summer
1976,Jamaica,North America,GOLD,2966042856.042856,1,Summer
1976,Jamaica,North America,SILVER,2966042856.042856,1,Summer
1976,Japan,Asia,BRONZE,598883902155.6049,10,Summer
1976,Japan,Asia,GOLD,598883902155.6049,9,Summer
1976,Japan,Asia,SILVER,598883902155.6049,6,Summer
1976,Mexico,North America,BRONZE,88875923765.07196,1,Summer
1976,Mexico,North America,GOLD,88875923765.07196,1,Summer
1976,Netherlands,Europe,BRONZE,109168720620.10336,3,Summer
1976,Netherlands,Europe,SILVER,109168720620.10336,2,Summer
1976,New Zealand,Oceania,BRONZE,13604832424.006235,1,Summer
1976,New Zealand,Oceania,GOLD,13604832424.006235,2,Summer
1976,New Zealand,Oceania,SILVER,13604832424.006235,1,Summer
1976,Norway,Europe,GOLD,35942270686.337395,1,Summer
1976,Norway,Europe,SILVER,35942270686.337395,1,Summer
1976,Pakistan,Middle East,BRONZE,13168080808.080809,1,Summer
1976,Portugal,Europe,SILVER,20332831564.98674,2,Summer
1976,Puerto Rico,North America,BRONZE,8968600000.0,1,Summer
1976,Republic of Korea,Asia,BRONZE,29902479338.842976,4,Summer
1976,Republic of Korea,Asia,GOLD,29902479338.842976,1,Summer
1976,Republic of Korea,Asia,SILVER,29902479338.842976,1,Summer
1976,Spain,Europe,SILVER,118507184779.90549,2,Summer
1976,Sweden,Europe,GOLD,89362071672.90341,4,Summer
1976,Sweden,Europe,SILVER,89362071672.90341,1,Summer
1976,Switzerland,Europe,BRONZE,68476524643.94303,2,Summer
1976,Switzerland,Europe,GOLD,68476524643.94303,1,Summer
1976,Switzerland,Europe,SILVER,68476524643.94303,1,Summer
1976,Thailand,Asia,BRONZE,16985208648.211235,1,Summer
1976,Trinidad and Tobago,North America,GOLD,2500410583.791773,1,Summer
1976,United States of America,North America,BRONZE,1873410000000.0,25,Summer
1976,United States of America,North America,GOLD,1873410000000.0,34,Summer
1976,United States of America,North America,SILVER,1873410000000.0,35,Summer
1976,Venezuela,South America,SILVER,31419534883.720932,1,Summer
1980,Australia,Oceania,BRONZE,149985515320.33426,5,Summer
1980,Australia,Oceania,GOLD,149985515320.33426,2,Summer
1980,Australia,Oceania,SILVER,149985515320.33426,2,Summer
1980,Austria,Europe,BRONZE,82058912997.23463,1,Summer
1980,Austria,Europe,GOLD,82058912997.23463,1,Summer
1980,Austria,Europe,SILVER,82058912997.23463,2,Summer
1980,Belgium,Europe,GOLD,126829314388.19148,1,Summer
1980,Bulgaria,Europe,BRONZE,19839230769.23077,17,Summer
1980,Bulgaria,Europe,GOLD,19839230769.23077,8,Summer
1980,Bulgaria,Europe,SILVER,19839230769.23077,16,Summer
1980,Cuba,North America,BRONZE,19912889861.11111,5,Summer
1980,Cuba,North America,GOLD,19912889861.11111,8,Summer
1980,Cuba,North America,SILVER,19912889861.11111,7,Summer
1980,Denmark,Europe,BRONZE,71127528699.94144,2,Summer
1980,Denmark,Europe,GOLD,71127528699.94144,2,Summer
1980,Denmark,Europe,SILVER,71127528699.94144,1,Summer
1980,Ethiopia,Africa,BRONZE,7012585454.122029,2,Summer
1980,Ethiopia,Africa,GOLD,7012585454.122029,2,Summer
1980,Finland,Europe,BRONZE,53645202422.696846,4,Summer
1980,Finland,Europe,GOLD,53645202422.696846,3,Summer
1980,Finland,Europe,SILVER,53645202422.696846,1,Summer
1980,France,Europe,BRONZE,701288419745.4207,3,Summer
1980,France,Europe,GOLD,701288419745.4207,6,Summer
1980,France,Europe,SILVER,701288419745.4207,5,Summer
1980,Great Britain,Europe,BRONZE,564947710899.3726,9,Summer
1980,Great Britain,Europe,GOLD,564947710899.3726,5,Summer
1980,Great Britain,Europe,SILVER,564947710899.3726,7,Summer
1980,Greece,Europe,BRONZE,56829664268.58514,2,Summer
1980,Greece,Europe,GOLD,56829664268.58514,1,Summer
1980,Guyana,South America,BRONZE,603200000.0,1,Summer
1980,Hungary,Europe,BRONZE,23041569234.97921,15,Summer
1980,Hungary,Europe,GOLD,23041569234.97921,7,Summer
1980,Hungary,Europe,SILVER,23041569234.97921,10,Summer
1980,India,Asia,GOLD,186328579302.06827,1,Summer
1980,Ireland,Europe,BRONZE,21747855640.07121,1,Summer
1980,Ireland,Europe,SILVER,21747855640.07121,1,Summer
1980,Italy,Europe,BRONZE,477256775943.92944,4,Summer
1980,Italy,Europe,GOLD,477256775943.92944,8,Summer
1980,Italy,Europe,SILVER,477256775943.92944,3,Summer
1980,Jamaica,North America,BRONZE,2679379371.5126133,3,Summer
1980,Mexico,North America,BRONZE,205577055465.99277,3,Summer
1980,Mexico,North America,SILVER,205577055465.99277,1,Summer
1980,Netherlands,Europe,BRONZE,195152092662.3809,2,Summer
1980,Netherlands,Europe,SILVER,195152092662.3809,1,Summer
1980,Spain,Europe,BRONZE,232766822928.75375,2,Summer
1980,Spain,Europe,GOLD,232766822928.75375,1,Summer
1980,Spain,Europe,SILVER,232766822928.75375,3,Summer
1980,Sweden,Europe,BRONZE,142092068280.6885,6,Summer
1980,Sweden,Europe,GOLD,142092068280.6885,3,Summer
1980,Sweden,Europe,SILVER,142092068280.6885,3,Summer
1980,Switzerland,Europe,GOLD,122557843886.13716,2,Summer
1980,Uganda,Africa,SILVER,1244610000.0,1,Summer
1980,United Republic of Tanzania,Africa,SILVER,11409228086.757168,2,Summer
1980,Venezuela,South America,SILVER,59116511627.906975,1,Summer
1980,Zimbabwe,Africa,GOLD,6678868200.0,1,Summer
1984,Algeria,Africa,BRONZE,53698548293.07447,2,Summer
1984,Australia,Oceania,BRONZE,193518998163.39615,12,Summer
1984,Australia,Oceania,GOLD,193518998163.39615,4,Summer
1984,Australia,Oceania,SILVER,193518998163.39615,8,Summer
1984,Austria,Europe,BRONZE,67985344886.871605,1,Summer
1984,Austria,Europe,GOLD,67985344886.871605,1,Summer
1984,Austria,Europe,SILVER,67985344886.871605,1,Summer
1984,Belgium,Europe,BRONZE,83349530159.17342,2,Summer
1984,Belgium,Europe,GOLD,83349530159.17342,1,Summer
1984,Belgium,Europe,SILVER,83349530159.17342,1,Summer
1984,Cameroon,Africa,BRONZE,7311938026.367127,1,Summer
1984,Canada,North America,BRONZE,356718400123.5426,16,Summer
1984,Canada,North America,GOLD,356718400123.5426,10,Summer
1984,Canada,North America,SILVER,356718400123.5426,18,Summer
1984,Colombia,South America,SILVER,38253120737.96712,1,Summer
1984,Côte d'Ivoire,Africa,SILVER,6841639247.0,1,Summer
1984,Denmark,Europe,BRONZE,59105236853.79372,3,Summer
1984,Denmark,Europe,SILVER,59105236853.79372,3,Summer
1984,Dominican Republic,North America,BRONZE,11594000000.0,1,Summer
1984,Egypt,Africa,SILVER,33971188991.614704,1,Summer
1984,Federal Republic of Germany,Europe,BRONZE,725111123634.1145,23,Summer
1984,Federal Republic of Germany,Europe,GOLD,725111123634.1145,17,Summer
1984,Federal Republic of Germany,Europe,SILVER,725111123634.1145,19,Summer
1984,Finland,Europe,BRONZE,52888800949.74278,6,Summer
1984,Finland,Europe,GOLD,52888800949.74278,4,Summer
1984,Finland,Europe,SILVER,52888800949.74278,2,Summer
1984,France,Europe,BRONZE,530683779929.4453,16,Summer
1984,France,Europe,GOLD,530683779929.4453,5,Summer
1984,France,Europe,SILVER,530683779929.4453,7,Summer
1984,Great Britain,Europe,BRONZE,461487000000.0,21,Summer
1984,Great Britain,Europe,GOLD,461487000000.0,5,Summer
1984,Great Britain,Europe,SILVER,461487000000.0,11,Summer
1984,Greece,Europe,BRONZE,48020024183.79686,1,Summer
1984,Greece,Europe,SILVER,48020024183.79686,1,Summer
1984,Iceland,Europe,BRONZE,2864441387.405068,1,Summer
1984,Ireland,Europe,SILVER,20106648454.840363,1,Summer
1984,Italy,Europe,BRONZE,437887689001.5429,12,Summer
1984,Italy,Europe,GOLD,437887689001.5429,14,Summer
1984,Italy,Europe,SILVER,437887689001.5429,6,Summer
1984,Jamaica,North America,BRONZE,2373564549.493203,2,Summer
1984,Jamaica,North America,SILVER,2373564549.493203,1,Summer
1984,Japan,Asia,BRONZE,1345824500836.7627,14,Summer
1984,Japan,Asia,GOLD,1345824500836.7627,10,Summer
1984,Japan,Asia,SILVER,1345824500836.7627,7,Summer
1984,Kenya,Africa,BRONZE,6191437070.184111,2,Summer
1984,Kenya,Africa,GOLD,6191437070.184111,1,Summer
1984,Mexico,North America,BRONZE,184230754105.3936,1,Summer
1984,Mexico,North America,GOLD,184230754105.3936,2,Summer
1984,Mexico,North America,SILVER,184230754105.3936,3,Summer
1984,Morocco,Africa,GOLD,14824667954.36736,2,Summer
1984,Netherlands,Europe,BRONZE,143912664148.35165,6,Summer
1984,Netherlands,Europe,GOLD,143912664148.35165,5,Summer
1984,Netherlands,Europe,SILVER,143912664148.35165,2,Summer
1984,New Zealand,Oceania,BRONZE,21665975318.884163,2,Summer
1984,New Zealand,Oceania,GOLD,21665975318.884163,8,Summer
1984,New Zealand,Oceania,SILVER,21665975318.884163,1,Summer
1984,Nigeria,Africa,BRONZE,73484359521.0,1,Summer
1984,Nigeria,Africa,SILVER,73484359521.0,1,Summer
1984,Norway,Europe,BRONZE,62057955032.77583,2,Summer
1984,Norway,Europe,SILVER,62057955032.77583,1,Summer
1984,Pakistan,Middle East,GOLD,31151825467.497772,1,Summer
1984,People's Republic of China,Asia,BRONZE,259946510957.14288,9,Summer
1984,People's Republic of China,Asia,GOLD,259946510957.14288,15,Summer
1984,People's Republic of China,Asia,SILVER,259946510957.14288,8,Summer
1984,Peru,South America,SILVER,20339340469.333332,1,Summer
1984,Portugal,Europe,BRONZE,25217969049.57546,2,Summer
1984,Portugal,Europe,GOLD,25217969049.57546,1,Summer
1984,Puerto Rico,North America,BRONZE,19162600000.0,1,Summer
1984,Puerto Rico,North America,SILVER,19162600000.0,1,Summer
1984,Republic of Korea,Asia,BRONZE,97510744119.11624,7,Summer
1984,Republic of Korea,Asia,GOLD,97510744119.11624,6,Summer
1984,Republic of Korea,Asia,SILVER,97510744119.11624,6,Summer
1984,Spain,Europe,BRONZE,172102910370.5237,2,Summer
1984,Spain,Europe,GOLD,172102910370.5237,1,Summer
1984,Spain,Europe,SILVER,172102910370.5237,2,Summer
1984,Sweden,Europe,BRONZE,109201362581.30032,6,Summer
1984,Sweden,Europe,GOLD,109201362581.30032,2,Summer
1984,Sweden,Europe,SILVER,109201362581.30032,11,Summer
1984,Switzerland,Europe,BRONZE,109455312167.51076,4,Summer
1984,Switzerland,Europe,SILVER,109455312167.51076,4,Summer
1984,Syrian Arab Republic,Middle East,SILVER,17503077755.182484,1,Summer
1984,Thailand,Asia,SILVER,41797647775.623795,1,Summer
1984,Turkey,Middle East,BRONZE,59937602179.83652,3,Summer
1984,United States of America,North America,BRONZE,4037610000000.0,30,Summer
1984,United States of America,North America,GOLD,4037610000000.0,82,Summer
1984,United States of America,North America,SILVER,4037610000000.0,61,Summer
1984,Venezuela,South America,BRONZE,59867743467.933464,3,Summer
1984,Zambia,Africa,BRONZE,2719801434.0871487,1,Summer
1988,Argentina,South America,BRONZE,126928000000.0,1,Summer
1988,Argentina,South America,SILVER,126928000000.0,1,Summer
1988,Australia,Oceania,BRONZE,236154038684.2917,5,Summer
1988,Australia,Oceania,GOLD,236154038684.2917,3,Summer
1988,Australia,Oceania,SILVER,236154038684.2917,6,Summer
1988,Austria,Europe,GOLD,133339397080.12927,1,Summer
1988,Belgium,Europe,BRONZE,162299103675.26056,2,Summer
1988,Bulgaria,Europe,BRONZE,22555941176.47059,13,Summer
1988,Bulgaria,Europe,GOLD,22555941176.47059,10,Summer
1988,Bulgaria,Europe,SILVER,22555941176.47059,12,Summer
1988,Canada,North America,BRONZE,509380000000.0,5,Summer
1988,Canada,North America,GOLD,509380000000.0,3,Summer
1988,Canada,North America,SILVER,509380000000.0,2,Summer
1988,Chile,South America,SILVER,26042571615.59869,1,Summer
1988,Colombia,South America,BRONZE,39212550050.42228,1,Summer
1988,Costa Rica,North America,SILVER,4614629898.403483,1,Summer
1988,Denmark,Europe,BRONZE,115552846616.65306,1,Summer
1988,Denmark,Europe,GOLD,115552846616.65306,2,Summer
1988,Denmark,Europe,SILVER,115552846616.65306,1,Summer
1988,Djibouti,Africa,BRONZE,395794538.6307752,1,Summer
1988,Federal Republic of Germany,Europe,BRONZE,1401233225303.4858,15,Summer
1988,Federal Republic of Germany,Europe,GOLD,1401233225303.4858,11,Summer
1988,Federal Republic of Germany,Europe,SILVER,1401233225303.4858,14,Summer
1988,Finland,Europe,BRONZE,109058990760.48328,2,Summer
1988,Finland,Europe,GOLD,109058990760.48328,1,Summer
1988,Finland,Europe,SILVER,109058990760.48328,1,Summer
1988,France,Europe,BRONZE,1018847043277.172,6,Summer
1988,France,Europe,GOLD,1018847043277.172,6,Summer
1988,France,Europe,SILVER,1018847043277.172,4,Summer
1988,Great Britain,Europe,BRONZE,910122732123.7992,9,Summer
1988,Great Britain,Europe,GOLD,910122732123.7992,5,Summer
1988,Great Britain,Europe,SILVER,910122732123.7992,10,Summer
1988,Greece,Europe,BRONZE,76261277924.57362,1,Summer
1988,Hungary,Europe,BRONZE,29702631093.881485,6,Summer
1988,Hungary,Europe,GOLD,29702631093.881485,11,Summer
1988,Hungary,Europe,SILVER,29702631093.881485,6,Summer
1988,Indonesia,Asia,SILVER,84300174485.79732,1,Summer
1988,Islamic Republic of Iran,Middle East,SILVER,123057861333.90796,1,Summer
1988,Italy,Europe,BRONZE,891608957155.6084,4,Summer
1988,Italy,Europe,GOLD,891608957155.6084,6,Summer
1988,Italy,Europe,SILVER,891608957155.6084,4,Summer
1988,Jamaica,North America,SILVER,3828342820.349404,2,Summer
1988,Japan,Asia,BRONZE,3125724434400.792,7,Summer
1988,Japan,Asia,GOLD,3125724434400.792,4,Summer
1988,Japan,Asia,SILVER,3125724434400.792,3,Summer
1988,Kenya,Africa,BRONZE,8355380879.129548,2,Summer
1988,Kenya,Africa,GOLD,8355380879.129548,5,Summer
1988,Kenya,Africa,SILVER,8355380879.129548,2,Summer
1988,Mexico,North America,BRONZE,181611150496.7874,2,Summer
1988,Mongolia,Asia,BRONZE,3204461566.6666665,1,Summer
1988,Morocco,Africa,BRONZE,25705296183.503674,2,Summer
1988,Morocco,Africa,GOLD,25705296183.503674,1,Summer
1988,Netherlands,Europe,BRONZE,261910508417.88385,5,Summer
1988,Netherlands,Europe,GOLD,261910508417.88385,2,Summer
1988,Netherlands,Europe,SILVER,261910508417.88385,2,Summer
1988,New Zealand,Oceania,BRONZE,45176811594.202896,8,Summer
1988,New Zealand,Oceania,GOLD,45176811594.202896,3,Summer
1988,New Zealand,Oceania,SILVER,45176811594.202896,2,Summer
1988,Norway,Europe,GOLD,101900260856.22218,2,Summer
1988,Norway,Europe,SILVER,101900260856.22218,3,Summer
1988,Pakistan,Middle East,BRONZE,38472742808.31672,1,Summer
1988,People's Republic of China,Asia,BRONZE,312353631207.8189,12,Summer
1988,People's Republic of China,Asia,GOLD,312353631207.8189,5,Summer
1988,People's Republic of China,Asia,SILVER,312353631207.8189,11,Summer
1988,Peru,South America,SILVER,15439408447.0,1,Summer
1988,Philippines,Asia,BRONZE,43152128958.611595,1,Summer
1988,Portugal,Europe,GOLD,56347250696.37883,1,Summer
1988,Republic of Korea,Asia,BRONZE,199591287824.77655,11,Summer
1988,Republic of Korea,Asia,GOLD,199591287824.77655,12,Summer
1988,Republic of Korea,Asia,SILVER,199591287824.77655,10,Summer
1988,Romania,Europe,BRONZE,40424528301.886795,6,Summer
1988,Romania,Europe,GOLD,40424528301.886795,7,Summer
1988,Romania,Europe,SILVER,40424528301.886795,11,Summer
1988,Senegal,Africa,SILVER,6418419388.634989,1,Summer
1988,Spain,Europe,BRONZE,376160409941.43695,2,Summer
1988,Spain,Europe,GOLD,376160409941.43695,1,Summer
1988,Spain,Europe,SILVER,376160409941.43695,1,Summer
1988,Suriname,South America,GOLD,1161000000.0,1,Summer
1988,Sweden,Europe,BRONZE,206986674500.58752,7,Summer
1988,Sweden,Europe,SILVER,206986674500.58752,4,Summer
1988,Switzerland,Europe,BRONZE,215540625298.98175,2,Summer
1988,Switzerland,Europe,SILVER,215540625298.98175,2,Summer
1988,Thailand,Asia,BRONZE,61667253471.37359,1,Summer
1988,Turkey,Middle East,GOLD,90875175808.72012,1,Summer
1988,Turkey,Middle East,SILVER,90875175808.72012,1,Summer
1988,United States of America,North America,BRONZE,5236440000000.0,27,Summer
1988,United States of America,North America,GOLD,5236440000000.0,36,Summer
1988,United States of America,North America,SILVER,5236440000000.0,31,Summer
1992,Algeria,Africa,BRONZE,48003133346.995735,1,Summer
1992,Algeria,Africa,GOLD,48003133346.995735,1,Summer
1992,Argentina,South America,BRONZE,228778917308.16983,1,Summer
1992,Australia,Oceania,BRONZE,325518458076.53326,11,Summer
1992,Australia,Oceania,GOLD,325518458076.53326,7,Summer
1992,Australia,Oceania,SILVER,325518458076.53326,9,Summer
1992,Austria,Europe,SILVER,195078126721.7631,2,Summer
1992,Bahamas,North America,BRONZE,3109000000.0,1,Summer
1992,Belgium,Europe,BRONZE,234781652446.67505,2,Summer
1992,Belgium,Europe,SILVER,234781652446.67505,1,Summer
1992,Brazil,South America,GOLD,328191909882.2324,2,Summer
1992,Brazil,South America,SILVER,328191909882.2324,1,Summer
1992,Bulgaria,Europe,BRONZE,10350515463.917526,6,Summer
1992,Bulgaria,Europe,GOLD,10350515463.917526,3,Summer
1992,Bulgaria,Europe,SILVER,10350515463.917526,7,Summer
1992,Canada,North America,BRONZE,594387358318.8549,7,Summer
1992,Canada,North America,GOLD,594387358318.8549,7,Summer
1992,Canada,North America,SILVER,594387358318.8549,4,Summer
1992,Colombia,South America,BRONZE,58394443377.54163,1,Summer
1992,Croatia,Europe,BRONZE,10621169290.99859,2,Summer
1992,Croatia,Europe,SILVER,10621169290.99859,1,Summer
1992,Cuba,North America,BRONZE,22085858243.243244,11,Summer
1992,Cuba,North America,GOLD,22085858243.243244,14,Summer
1992,Cuba,North America,SILVER,22085858243.243244,6,Summer
1992,Denmark,Europe,BRONZE,152915654478.88538,4,Summer
1992,Denmark,Europe,GOLD,152915654478.88538,1,Summer
1992,Denmark,Europe,SILVER,152915654478.88538,1,Summer
1992,Ethiopia,Africa,BRONZE,10754799036.574486,2,Summer
1992,Ethiopia,Africa,GOLD,10754799036.574486,1,Summer
1992,Finland,Europe,BRONZE,112532519246.08444,2,Summer
1992,Finland,Europe,GOLD,112532519246.08444,1,Summer
1992,Finland,Europe,SILVER,112532519246.08444,2,Summer
1992,France,Europe,BRONZE,1401465923172.243,16,Summer
1992,France,Europe,GOLD,1401465923172.243,8,Summer
1992,France,Europe,SILVER,1401465923172.243,5,Summer
1992,Germany,Europe,BRONZE,2131571696931.747,28,Summer
1992,Germany,Europe,GOLD,2131571696931.747,33,Summer
1992,Germany,Europe,SILVER,2131571696931.747,21,Summer
1992,Ghana,Africa,BRONZE,6416103925.832665,1,Summer
1992,Great Britain,Europe,BRONZE,1179659529659.5298,12,Summer
1992,Great Britain,Europe,GOLD,1179659529659.5298,5,Summer
1992,Great Britain,Europe,SILVER,1179659529659.5298,3,Summer
1992,Greece,Europe,GOLD,116224672863.78262,2,Summer
1992,Hungary,Europe,BRONZE,38730585922.218864,7,Summer
1992,Hungary,Europe,GOLD,38730585922.218864,11,Summer
1992,Hungary,Europe,SILVER,38730585922.218864,12,Summer
1992,Indonesia,Asia,BRONZE,128026966579.96376,1,Summer
1992,Indonesia,Asia,GOLD,128026966579.96376,2,Summer
1992,Indonesia,Asia,SILVER,128026966579.96376,2,Summer
1992,Ireland,Europe,GOLD,55918538121.0,1,Summer
1992,Ireland,Europe,SILVER,55918538121.0,1,Summer
1992,Israel,Middle East,BRONZE,79002421132.56517,1,Summer
1992,Israel,Middle East,SILVER,79002421132.56517,1,Summer
1992,Italy,Europe,BRONZE,1320161644933.2288,8,Summer
1992,Italy,Europe,GOLD,1320161644933.2288,6,Summer
1992,Italy,Europe,SILVER,1320161644933.2288,5,Summer
1992,Jamaica,North America,BRONZE,3535460089.807189,1,Summer
1992,Jamaica,North America,SILVER,3535460089.807189,3,Summer
1992,Japan,Asia,BRONZE,3980702922117.6567,11,Summer
1992,Japan,Asia,GOLD,3980702922117.6567,3,Summer
1992,Japan,Asia,SILVER,3980702922117.6567,8,Summer
1992,Kenya,Africa,BRONZE,8209120763.049552,2,Summer
1992,Kenya,Africa,GOLD,8209120763.049552,2,Summer
1992,Kenya,Africa,SILVER,8209120763.049552,4,Summer
1992,Malaysia,Asia,BRONZE,59167550162.955986,1,Summer
1992,Mexico,North America,SILVER,363157832923.7344,1,Summer
1992,Mongolia,Asia,BRONZE,1317611863.8497653,2,Summer
1992,Morocco,Africa,BRONZE,33711069430.78004,1,Summer
1992,Morocco,Africa,GOLD,33711069430.78004,1,Summer
1992,Morocco,Africa,SILVER,33711069430.78004,1,Summer
1992,Namibia,Africa,SILVER,3429521699.4025974,2,Summer
1992,Netherlands,Europe,BRONZE,362962872180.4511,7,Summer
1992,Netherlands,Europe,GOLD,362962872180.4511,2,Summer
1992,Netherlands,Europe,SILVER,362962872180.4511,6,Summer
1992,New Zealand,Oceania,BRONZE,41649829860.0,5,Summer
1992,New Zealand,Oceania,GOLD,41649829860.0,1,Summer
1992,New Zealand,Oceania,SILVER,41649829860.0,4,Summer
1992,Nigeria,Africa,BRONZE,52058181853.805466,1,Summer
1992,Nigeria,Africa,SILVER,52058181853.805466,3,Summer
1992,Norway,Europe,BRONZE,130838040067.58388,1,Summer
1992,Norway,Europe,GOLD,130838040067.58388,2,Summer
1992,Norway,Europe,SILVER,130838040067.58388,4,Summer
1992,Pakistan,Middle East,BRONZE,48884671947.46571,1,Summer
1992,People's Republic of China,Asia,BRONZE,426915712715.8556,15,Summer
1992,People's Republic of China,Asia,GOLD,426915712715.8556,16,Summer
1992,People's Republic of China,Asia,SILVER,426915712715.8556,22,Summer
1992,Peru,South America,SILVER,35966302303.262955,1,Summer
1992,Philippines,Asia,BRONZE,60422328242.180336,1,Summer
1992,Poland,Europe,BRONZE,94337050693.27267,10,Summer
1992,Poland,Europe,GOLD,94337050693.27267,3,Summer
1992,Poland,Europe,SILVER,94337050693.27267,6,Summer
1992,Puerto Rico,North America,BRONZE,34630430000.0,1,Summer
1992,Qatar,Middle East,BRONZE,7646153983.516483,1,Summer
1992,Republic of Korea,Asia,BRONZE,355524903068.05554,11,Summer
1992,Republic of Korea,Asia,GOLD,355524903068.05554,12,Summer
1992,Republic of Korea,Asia,SILVER,355524903068.05554,5,Summer
1992,Romania,Europe,BRONZE,25121666666.666668,8,Summer
1992,Romania,Europe,GOLD,25121666666.666668,4,Summer
1992,Romania,Europe,SILVER,25121666666.666668,6,Summer
1992,Slovenia,Europe,BRONZE,14267106463.693012,2,Summer
1992,South Africa,Africa,SILVER,146956150986.6361,2,Summer
1992,Spain,Europe,BRONZE,630916018202.5029,2,Summer
1992,Spain,Europe,GOLD,630916018202.5029,13,Summer
1992,Spain,Europe,SILVER,630916018202.5029,7,Summer
1992,Suriname,South America,BRONZE,404600000.0,1,Summer
1992,Sweden,Europe,BRONZE,284321115594.6289,4,Summer
1992,Sweden,Europe,GOLD,284321115594.6289,1,Summer
1992,Sweden,Europe,SILVER,284321115594.6289,7,Summer
1992,Switzerland,Europe,GOLD,279921425828.47394,1,Summer
1992,Thailand,Asia,BRONZE,111452746517.65536,1,Summer
1992,Turkey,Middle East,BRONZE,159105000000.0,2,Summer
1992,Turkey,Middle East,GOLD,159105000000.0,2,Summer
1992,Turkey,Middle East,SILVER,159105000000.0,2,Summer
1992,United States of America,North America,BRONZE,6520330000000.0,37,Summer
1992,United States of America,North America,GOLD,6520330000000.0,37,Summer
1992,United States of America,North America,SILVER,6520330000000.0,34,Summer
1996,Algeria,Africa,BRONZE,46941554225.35815,1,Summer
1996,Algeria,Africa,GOLD,46941554225.35815,2,Summer
1996,Argentina,South America,BRONZE,272150000000.0,1,Summer
1996,Argentina,South America,SILVER,272150000000.0,2,Summer
1996,Armenia,Middle East,GOLD,1596968946.2370784,1,Summer
1996,Armenia,Middle East,SILVER,1596968946.2370784,1,Summer
1996,Australia,Oceania,BRONZE,401341880620.7279,23,Summer
1996,Australia,Oceania,GOLD,401341880620.7279,9,Summer
1996,Australia,Oceania,SILVER,401341880620.7279,9,Summer
1996,Austria,Europe,BRONZE,237250948791.26593,2,Summer
1996,Austria,Europe,SILVER,237250948791.26593,1,Summer
1996,Azerbaijan,Middle East,SILVER,3176507376.3183618,1,Summer
1996,Bahamas,North America,SILVER,3609000000.0,1,Summer
1996,Belarus,Europe,BRONZE,14756846153.846155,8,Summer
1996,Belarus,Europe,GOLD,14756846153.846155,1,Summer
1996,Belarus,Europe,SILVER,14756846153.846155,6,Summer
1996,Belgium,Europe,BRONZE,279201433224.75574,2,Summer
1996,Belgium,Europe,GOLD,279201433224.75574,2,Summer
1996,Belgium,Europe,SILVER,279201433224.75574,2,Summer
1996,Brazil,South America,BRONZE,850426432991.7421,9,Summer
1996,Brazil,South America,GOLD,850426432991.7421,3,Summer
1996,Brazil,South America,SILVER,850426432991.7421,3,Summer
1996,Bulgaria,Europe,BRONZE,12294964837.623465,5,Summer
1996,Bulgaria,Europe,GOLD,12294964837.623465,3,Summer
1996,Bulgaria,Europe,SILVER,12294964837.623465,7,Summer
1996,Burundi,Africa,GOLD,869033856.3170933,1,Summer
1996,Canada,North America,BRONZE,630607994132.7466,8,Summer
1996,Canada,North America,GOLD,630607994132.7466,3,Summer
1996,Canada,North America,SILVER,630607994132.7466,11,Summer
1996,Costa Rica,North America,GOLD,11678424507.245678,1,Summer
1996,Croatia,Europe,GOLD,24147533317.061264,1,Summer
1996,Croatia,Europe,SILVER,24147533317.061264,1,Summer
1996,Cuba,North America,BRONZE,25017368700.0,8,Summer
1996,Cuba,North America,GOLD,25017368700.0,9,Summer
1996,Cuba,North America,SILVER,25017368700.0,8,Summer
1996,Czech Republic,Europe,BRONZE,67387788632.981155,4,Summer
1996,Czech Republic,Europe,GOLD,67387788632.981155,4,Summer
1996,Czech Republic,Europe,SILVER,67387788632.981155,3,Summer
1996,Denmark,Europe,BRONZE,187632346387.9835,1,Summer
1996,Denmark,Europe,GOLD,187632346387.9835,4,Summer
1996,Denmark,Europe,SILVER,187632346387.9835,1,Summer
1996,Ecuador,South America,GOLD,25226393196.598297,1,Summer
1996,Ethiopia,Africa,BRONZE,8761215548.486143,1,Summer
1996,Ethiopia,Africa,GOLD,8761215548.486143,2,Summer
1996,Finland,Europe,BRONZE,132129174216.92986,1,Summer
1996,Finland,Europe,GOLD,132129174216.92986,1,Summer
1996,Finland,Europe,SILVER,132129174216.92986,2,Summer
1996,France,Europe,BRONZE,1605675086549.5576,15,Summer
1996,France,Europe,GOLD,1605675086549.5576,15,Summer
1996,France,Europe,SILVER,1605675086549.5576,7,Summer
1996,Georgia,Middle East,BRONZE,3095047603.808305,2,Summer
1996,Germany,Europe,BRONZE,2497244606186.639,27,Summer
1996,Germany,Europe,GOLD,2497244606186.639,20,Summer
1996,Germany,Europe,SILVER,2497244606186.639,18,Summer
1996,Great Britain,Europe,BRONZE,1419645865834.6333,6,Summer
1996,Great Britain,Europe,GOLD,1419645865834.6333,1,Summer
1996,Great Britain,Europe,SILVER,1419645865834.6333,8,Summer
1996,Greece,Europe,GOLD,145862000000.0,4,Summer
1996,Greece,Europe,SILVER,145862000000.0,4,Summer
1996,"Hong Kong, China",Asia,GOLD,159718183550.73416,1,Summer
1996,Hungary,Europe,BRONZE,46658755152.0,10,Summer
1996,Hungary,Europe,GOLD,46658755152.0,7,Summer
1996,Hungary,Europe,SILVER,46658755152.0,4,Summer
1996,India,Asia,BRONZE,392896866204.5158,1,Summer
1996,Indonesia,Asia,BRONZE,227369679374.9733,2,Summer
1996,Indonesia,Asia,GOLD,227369679374.9733,1,Summer
1996,Indonesia,Asia,SILVER,227369679374.9733,1,Summer
1996,Ireland,Europe,BRONZE,75790786290.32259,1,Summer
1996,Ireland,Europe,GOLD,75790786290.32259,3,Summer
1996,Islamic Republic of Iran,Middle East,BRONZE,120403931883.34818,1,Summer
1996,Islamic Republic of Iran,Middle East,GOLD,120403931883.34818,1,Summer
1996,Islamic Republic of Iran,Middle East,SILVER,120403931883.34818,1,Summer
1996,Israel,Middle East,BRONZE,114505860826.51878,1,Summer
1996,Italy,Europe,BRONZE,1312426527795.2063,12,Summer
1996,Italy,Europe,GOLD,1312426527795.2063,13,Summer
1996,Italy,Europe,SILVER,1312426527795.2063,10,Summer
1996,Jamaica,North America,BRONZE,7393891920.803583,2,Summer
1996,Jamaica,North America,GOLD,7393891920.803583,1,Summer
1996,Jamaica,North America,SILVER,7393891920.803583,3,Summer
1996,Japan,Asia,BRONZE,4923391533851.632,5,Summer
1996,Japan,Asia,GOLD,4923391533851.632,3,Summer
1996,Japan,Asia,SILVER,4923391533851.632,6,Summer
1996,Kazakhstan,Middle East,BRONZE,21035357936.879593,4,Summer
1996,Kazakhstan,Middle East,GOLD,21035357936.879593,3,Summer
1996,Kazakhstan,Middle East,SILVER,21035357936.879593,4,Summer
1996,Kenya,Africa,BRONZE,12045865396.132324,3,Summer
1996,Kenya,Africa,GOLD,12045865396.132324,1,Summer
1996,Kenya,Africa,SILVER,12045865396.132324,4,Summer
1996,Latvia,Europe,SILVER,5975248851.454824,1,Summer
1996,Lithuania,Europe,BRONZE,8382519637.462235,1,Summer
1996,Malaysia,Asia,BRONZE,100855393910.48572,1,Summer
1996,Malaysia,Asia,SILVER,100855393910.48572,1,Summer
1996,Mexico,North America,BRONZE,432157945024.4281,1,Summer
1996,Mongolia,Asia,BRONZE,1345719472.358831,1,Summer
1996,Morocco,Africa,BRONZE,43161571527.635315,2,Summer
1996,Mozambique,Africa,BRONZE,4030146134.5706015,1,Summer
1996,Namibia,Africa,SILVER,3989163196.5676665,2,Summer
1996,Netherlands,Europe,BRONZE,450490196078.43134,10,Summer
1996,Netherlands,Europe,GOLD,450490196078.43134,4,Summer
1996,Netherlands,Europe,SILVER,450490196078.43134,5,Summer
1996,New Zealand,Oceania,BRONZE,70140835299.01485,1,Summer
1996,New Zealand,Oceania,GOLD,70140835299.01485,3,Summer
1996,New Zealand,Oceania,SILVER,70140835299.01485,2,Summer
1996,Nigeria,Africa,BRONZE,185730000000.0,3,Summer
1996,Nigeria,Africa,GOLD,185730000000.0,2,Summer
1996,Nigeria,Africa,SILVER,185730000000.0,1,Summer
1996,Norway,Europe,BRONZE,163520109150.67136,3,Summer
1996,Norway,Europe,GOLD,163520109150.67136,2,Summer
1996,Norway,Europe,SILVER,163520109150.67136,2,Summer
1996,People's Republic of China,Asia,BRONZE,863749314718.5378,12,Summer
1996,People's Republic of China,Asia,GOLD,863749314718.5378,16,Summer
1996,People's Republic of China,Asia,SILVER,863749314718.5378,22,Summer
1996,Philippines,Asia,SILVER,94648084429.03406,1,Summer
1996,Poland,Europe,BRONZE,160193242090.4269,5,Summer
1996,Poland,Europe,GOLD,160193242090.4269,7,Summer
1996,Poland,Europe,SILVER,160193242090.4269,5,Summer
1996,Portugal,Europe,BRONZE,122630089680.27034,1,Summer
1996,Portugal,Europe,GOLD,122630089680.27034,1,Summer
1996,Puerto Rico,North America,BRONZE,45340835000.0,1,Summer
1996,Republic of Korea,Asia,BRONZE,610167000000.0,5,Summer
1996,Republic of Korea,Asia,GOLD,610167000000.0,7,Summer
1996,Republic of Korea,Asia,SILVER,610167000000.0,15,Summer
1996,Republic of Moldova,Europe,BRONZE,1695122173.9130435,1,Summer
1996,Republic of Moldova,Europe,SILVER,1695122173.9130435,1,Summer
1996,Romania,Europe,BRONZE,36937074278.300354,8,Summer
1996,Romania,Europe,GOLD,36937074278.300354,4,Summer
1996,Romania,Europe,SILVER,36937074278.300354,7,Summer
1996,Russian Federation,Europe,BRONZE,391724890744.49817,16,Summer
1996,Russian Federation,Europe,GOLD,391724890744.49817,26,Summer
1996,Russian Federation,Europe,SILVER,391724890744.49817,21,Summer
1996,Slovakia,Europe,BRONZE,27925036755.38656,1,Summer
1996,Slovakia,Europe,GOLD,27925036755.38656,1,Summer
1996,Slovakia,Europe,SILVER,27925036755.38656,1,Summer
1996,Slovenia,Europe,SILVER,21507232648.725212,2,Summer
1996,South Africa,Africa,BRONZE,163234925380.56342,1,Summer
1996,South Africa,Africa,GOLD,163234925380.56342,3,Summer
1996,South Africa,Africa,SILVER,163234925380.56342,1,Summer
1996,Spain,Europe,BRONZE,642589000000.0,6,Summer
1996,Spain,Europe,GOLD,642589000000.0,5,Summer
1996,Spain,Europe,SILVER,642589000000.0,6,Summer
1996,Sweden,Europe,BRONZE,291743811512.07874,2,Summer
1996,Sweden,Europe,GOLD,291743811512.07874,2,Summer
1996,Sweden,Europe,SILVER,291743811512.07874,4,Summer
1996,Switzerland,Europe,GOLD,340103959546.9256,4,Summer
1996,Switzerland,Europe,SILVER,340103959546.9256,3,Summer
1996,Syrian Arab Republic,Middle East,GOLD,13789560878.243511,1,Summer
1996,Thailand,Asia,BRONZE,183035237429.28085,1,Summer
1996,Thailand,Asia,GOLD,183035237429.28085,1,Summer
1996,Tonga,Oceania,SILVER,222100576.3454826,1,Summer
1996,Trinidad and Tobago,North America,BRONZE,5759537726.266007,2,Summer
1996,Tunisia,Africa,BRONZE,19587161806.765507,1,Summer
1996,Turkey,Middle East,BRONZE,181464408820.09705,1,Summer
1996,Turkey,Middle East,GOLD,181464408820.09705,4,Summer
1996,Turkey,Middle East,SILVER,181464408820.09705,1,Summer
1996,Uganda,Africa,BRONZE,6044585326.938001,1,Summer
1996,Ukraine,Europe,BRONZE,44558831005.062126,12,Summer
1996,Ukraine,Europe,GOLD,44558831005.062126,9,Summer
1996,Ukraine,Europe,SILVER,44558831005.062126,2,Summer
1996,United States of America,North America,BRONZE,8073120000000.0,25,Summer
1996,United States of America,North America,GOLD,8073120000000.0,44,Summer
1996,United States of America,North America,SILVER,8073120000000.0,32,Summer
1996,Uzbekistan,Middle East,BRONZE,13948892215.568865,1,Summer
1996,Uzbekistan,Middle East,SILVER,13948892215.568865,1,Summer
1996,Zambia,Africa,SILVER,3597220962.0001655,1,Summer
2000,Algeria,Africa,BRONZE,54790398570.328224,3,Summer
2000,Algeria,Africa,GOLD,54790398570.328224,1,Summer
2000,Algeria,Africa,SILVER,54790398570.328224,1,Summer
2000,Argentina,South America,BRONZE,284204000000.0,2,Summer
2000,Argentina,South America,SILVER,284204000000.0,2,Summer
2000,Armenia,Middle East,BRONZE,1911563668.8500648,1,Summer
2000,Australia,Oceania,BRONZE,416167815092.9082,17,Summer
2000,Australia,Oceania,GOLD,416167815092.9082,16,Summer
2000,Australia,Oceania,SILVER,416167815092.9082,25,Summer
2000,Austria,Europe,GOLD,197289625479.9063,2,Summer
2000,Austria,Europe,SILVER,197289625479.9063,1,Summer
2000,Azerbaijan,Middle East,BRONZE,5272615722.968918,1,Summer
2000,Azerbaijan,Middle East,GOLD,5272615722.968918,2,Summer
2000,Bahamas,North America,BRONZE,8076470000.0,1,Summer
2000,Bahamas,North America,GOLD,8076470000.0,2,Summer
2000,Barbados,North America,BRONZE,3059500000.0,1,Summer
2000,Belarus,Europe,BRONZE,12736780455.15395,11,Summer
2000,Belarus,Europe,GOLD,12736780455.15395,3,Summer
2000,Belarus,Europe,SILVER,12736780455.15395,3,Summer
2000,Belgium,Europe,BRONZE,236792460312.4711,3,Summer
2000,Belgium,Europe,SILVER,236792460312.4711,2,Summer
2000,Brazil,South America,BRONZE,655448231983.5271,6,Summer
2000,Brazil,South America,SILVER,655448231983.5271,6,Summer
2000,Bulgaria,Europe,BRONZE,13245990274.45809,2,Summer
2000,Bulgaria,Europe,GOLD,13245990274.45809,5,Summer
2000,Bulgaria,Europe,SILVER,13245990274.45809,6,Summer
2000,Cameroon,Africa,GOLD,10566579294.51588,1,Summer
2000,Canada,North America,BRONZE,744773000000.0,8,Summer
2000,Canada,North America,GOLD,744773000000.0,3,Summer
2000,Canada,North America,SILVER,744773000000.0,3,Summer
2000,Chile,South America,BRONZE,78339750721.73518,1,Summer
2000,Colombia,South America,GOLD,99875074951.0278,1,Summer
2000,Costa Rica,North America,BRONZE,15013629658.65213,2,Summer
2000,Croatia,Europe,BRONZE,22128414548.544407,1,Summer
2000,Croatia,Europe,GOLD,22128414548.544407,1,Summer
2000,Cuba,North America,BRONZE,30565400000.0,7,Summer
2000,Cuba,North America,GOLD,30565400000.0,11,Summer
2000,Cuba,North America,SILVER,30565400000.0,11,Summer
2000,Czech Republic,Europe,BRONZE,61828166496.0,3,Summer
2000,Czech Republic,Europe,GOLD,61828166496.0,2,Summer
2000,Czech Republic,Europe,SILVER,61828166496.0,3,Summer
2000,Denmark,Europe,BRONZE,164158739097.62344,1,Summer
2000,Denmark,Europe,GOLD,164158739097.62344,2,Summer
2000,Denmark,Europe,SILVER,164158739097.62344,3,Summer
2000,Estonia,Europe,BRONZE,5686579747.535244,2,Summer
2000,Estonia,Europe,GOLD,5686579747.535244,1,Summer
2000,Ethiopia,Africa,BRONZE,8242349617.863803,3,Summer
2000,Ethiopia,Africa,GOLD,8242349617.863803,4,Summer
2000,Ethiopia,Africa,SILVER,8242349617.863803,1,Summer
2000,Finland,Europe,BRONZE,126019543413.3336,1,Summer
2000,Finland,Europe,GOLD,126019543413.3336,2,Summer
2000,Finland,Europe,SILVER,126019543413.3336,1,Summer
2000,France,Europe,BRONZE,1365639660792.1597,11,Summer
2000,France,Europe,GOLD,1365639660792.1597,13,Summer
2000,France,Europe,SILVER,1365639660792.1597,14,Summer
2000,Georgia,Middle East,BRONZE,3057475335.1884646,6,Summer
2000,Germany,Europe,BRONZE,1947981991011.7688,26,Summer
2000,Germany,Europe,GOLD,1947981991011.7688,13,Summer
2000,Germany,Europe,SILVER,1947981991011.7688,17,Summer
2000,Great Britain,Europe,BRONZE,1665534876683.3103,7,Summer
2000,Great Britain,Europe,GOLD,1665534876683.3103,11,Summer
2000,Great Britain,Europe,SILVER,1665534876683.3103,10,Summer
2000,Greece,Europe,BRONZE,130457756628.43636,3,Summer
2000,Greece,Europe,GOLD,130457756628.43636,4,Summer
2000,Greece,Europe,SILVER,130457756628.43636,6,Summer
2000,Hungary,Europe,BRONZE,47218405892.42581,3,Summer
2000,Hungary,Europe,GOLD,47218405892.42581,8,Summer
2000,Hungary,Europe,SILVER,47218405892.42581,6,Summer
2000,Iceland,Europe,BRONZE,9025660362.0,1,Summer
2000,India,Asia,BRONZE,468395521654.4579,1,Summer
2000,Indonesia,Asia,BRONZE,165021012077.80963,2,Summer
2000,Indonesia,Asia,GOLD,165021012077.80963,1,Summer
2000,Indonesia,Asia,SILVER,165021012077.80963,3,Summer
2000,Ireland,Europe,SILVER,100207610429.90924,1,Summer
2000,Islamic Republic of Iran,Middle East,BRONZE,109591707801.43082,1,Summer
2000,Islamic Republic of Iran,Middle East,GOLD,109591707801.43082,3,Summer
2000,Israel,Middle East,BRONZE,136035771711.67194,1,Summer
2000,Italy,Europe,BRONZE,1146676894209.728,13,Summer
2000,Italy,Europe,GOLD,1146676894209.728,13,Summer
2000,Italy,Europe,SILVER,1146676894209.728,8,Summer
2000,Jamaica,North America,BRONZE,9005064474.930035,3,Summer
2000,Jamaica,North America,SILVER,9005064474.930035,6,Summer
2000,Japan,Asia,BRONZE,4968359075956.591,5,Summer
2000,Japan,Asia,GOLD,4968359075956.591,5,Summer
2000,Japan,Asia,SILVER,4968359075956.591,8,Summer
2000,Kazakhstan,Middle East,GOLD,18291990662.035625,3,Summer
2000,Kazakhstan,Middle East,SILVER,18291990662.035625,4,Summer
2000,Kenya,Africa,BRONZE,12705350097.80436,2,Summer
2000,Kenya,Africa,GOLD,12705350097.80436,2,Summer
2000,Kenya,Africa,SILVER,12705350097.80436,3,Summer
2000,Kuwait,Middle East,BRONZE,37718743480.0,1,Summer
2000,Kyrgyzstan,Middle East,BRONZE,1369688498.0677826,1,Summer
2000,Latvia,Europe,BRONZE,7958852838.933951,1,Summer
2000,Latvia,Europe,GOLD,7958852838.933951,1,Summer
2000,Latvia,Europe,SILVER,7958852838.933951,1,Summer
2000,Lithuania,Europe,BRONZE,11524776866.637894,3,Summer
2000,Lithuania,Europe,GOLD,11524776866.637894,2,Summer
2000,Mexico,North America,BRONZE,742061329643.3695,3,Summer
2000,Mexico,North America,GOLD,742061329643.3695,1,Summer
2000,Mexico,North America,SILVER,742061329643.3695,2,Summer
2000,Morocco,Africa,BRONZE,43017455401.844536,4,Summer
2000,Morocco,Africa,SILVER,43017455401.844536,1,Summer
2000,Mozambique,Africa,GOLD,5930685214.615951,1,Summer
2000,Netherlands,Europe,BRONZE,417479337444.7068,4,Summer
2000,Netherlands,Europe,GOLD,417479337444.7068,12,Summer
2000,Netherlands,Europe,SILVER,417479337444.7068,9,Summer
2000,New Zealand,Oceania,BRONZE,52623281956.70312,3,Summer
2000,New Zealand,Oceania,GOLD,52623281956.70312,1,Summer
2000,Nigeria,Africa,GOLD,69171451627.24646,1,Summer
2000,Nigeria,Africa,SILVER,69171451627.24646,2,Summer
2000,North Macedonia,Europe,BRONZE,3772859034.205079,1,Summer
2000,Norway,Europe,BRONZE,171457201935.96765,3,Summer
2000,Norway,Europe,GOLD,171457201935.96765,4,Summer
2000,Norway,Europe,SILVER,171457201935.96765,3,Summer
2000,People's Republic of China,Asia,BRONZE,1211331651866.086,14,Summer
2000,People's Republic of China,Asia,GOLD,1211331651866.086,28,Summer
2000,People's Republic of China,Asia,SILVER,1211331651866.086,16,Summer
2000,Poland,Europe,BRONZE,172220451786.9572,3,Summer
2000,Poland,Europe,GOLD,172220451786.9572,6,Summer
2000,Poland,Europe,SILVER,172220451786.9572,5,Summer
2000,Portugal,Europe,BRONZE,118605192877.38847,2,Summer
2000,Qatar,Middle East,BRONZE,17759890109.89011,1,Summer
2000,Republic of Korea,Asia,BRONZE,576179000000.0,10,Summer
2000,Republic of Korea,Asia,GOLD,576179000000.0,8,Summer
2000,Republic of Korea,Asia,SILVER,576179000000.0,10,Summer
2000,Republic of Moldova,Europe,BRONZE,1288429391.7995076,1,Summer
2000,Republic of Moldova,Europe,SILVER,1288429391.7995076,1,Summer
2000,Romania,Europe,BRONZE,37253739511.12733,9,Summer
2000,Romania,Europe,GOLD,37253739511.12733,11,Summer
2000,Romania,Europe,SILVER,37253739511.12733,6,Summer
2000,Russian Federation,Europe,BRONZE,259710142196.9428,29,Summer
2000,Russian Federation,Europe,GOLD,259710142196.9428,32,Summer
2000,Russian Federation,Europe,SILVER,259710142196.9428,28,Summer
2000,Saudi Arabia,Middle East,BRONZE,189514933333.33337,1,Summer
2000,Saudi Arabia,Middle East,SILVER,189514933333.33337,1,Summer
2000,Slovakia,Europe,BRONZE,29242558796.55065,1,Summer
2000,Slovakia,Europe,GOLD,29242558796.55065,1,Summer
2000,Slovakia,Europe,SILVER,29242558796.55065,3,Summer
2000,Slovenia,Europe,GOLD,20289627636.676712,2,Summer
2000,South Africa,Africa,BRONZE,151752757215.3085,3,Summer
2000,South Africa,Africa,SILVER,151752757215.3085,2,Summer
2000,Spain,Europe,BRONZE,598363313494.9032,5,Summer
2000,Spain,Europe,GOLD,598363313494.9032,3,Summer
2000,Spain,Europe,SILVER,598363313494.9032,3,Summer
2000,Sri Lanka,Asia,SILVER,16330814179.976624,1,Summer
2000,Sweden,Europe,BRONZE,262835454366.8551,3,Summer
2000,Sweden,Europe,GOLD,262835454366.8551,4,Summer
2000,Sweden,Europe,SILVER,262835454366.8551,5,Summer
2000,Switzerland,Europe,BRONZE,279216033870.2037,2,Summer
2000,Switzerland,Europe,GOLD,279216033870.2037,1,Summer
2000,Switzerland,Europe,SILVER,279216033870.2037,6,Summer
2000,Thailand,Asia,BRONZE,126392224253.79382,2,Summer
2000,Thailand,Asia,GOLD,126392224253.79382,1,Summer
2000,Trinidad and Tobago,North America,BRONZE,8154338232.959776,1,Summer
2000,Trinidad and Tobago,North America,SILVER,8154338232.959776,1,Summer
2000,Turkey,Middle East,BRONZE,274294623164.04333,2,Summer
2000,Turkey,Middle East,GOLD,274294623164.04333,3,Summer
2000,Ukraine,Europe,BRONZE,32375083934.824116,10,Summer
2000,Ukraine,Europe,GOLD,32375083934.824116,3,Summer
2000,Ukraine,Europe,SILVER,32375083934.824116,10,Summer
2000,United States of America,North America,BRONZE,10251000000000.0,31,Summer
2000,United States of America,North America,GOLD,10251000000000.0,36,Summer
2000,United States of America,North America,SILVER,10251000000000.0,24,Summer
2000,Uruguay,South America,SILVER,22823270892.10942,1,Summer
2000,Uzbekistan,Middle East,BRONZE,13760513969.314005,2,Summer
2000,Uzbekistan,Middle East,GOLD,13760513969.314005,1,Summer
2000,Uzbekistan,Middle East,SILVER,13760513969.314005,1,Summer
2000,Vietnam,Asia,SILVER,31172518403.316227,1,Summer
2004,Argentina,South America,BRONZE,164657930452.78662,4,Summer
2004,Argentina,South America,GOLD,164657930452.78662,2,Summer
2004,Australia,Oceania,BRONZE,614659980082.5154,17,Summer
2004,Australia,Oceania,GOLD,614659980082.5154,17,Summer
2004,Australia,Oceania,SILVER,614659980082.5154,16,Summer
2004,Austria,Europe,BRONZE,301457562038.5413,1,Summer
2004,Austria,Europe,GOLD,301457562038.5413,2,Summer
2004,Austria,Europe,SILVER,301457562038.5413,4,Summer
2004,Azerbaijan,Middle East,BRONZE,8680405740.941248,4,Summer
2004,Azerbaijan,Middle East,GOLD,8680405740.941248,1,Summer
2004,Bahamas,North America,BRONZE,9055290000.0,1,Summer
2004,Bahamas,North America,GOLD,9055290000.0,1,Summer
2004,Belarus,Europe,BRONZE,23141566292.94622,6,Summer
2004,Belarus,Europe,GOLD,23141566292.94622,2,Summer
2004,Belarus,Europe,SILVER,23141566292.94622,5,Summer
2004,Belgium,Europe,BRONZE,369214712443.2056,2,Summer
2004,Belgium,Europe,GOLD,369214712443.2056,1,Summer
2004,Brazil,South America,BRONZE,669289000000.0,3,Summer
2004,Brazil,South America,GOLD,669289000000.0,5,Summer
2004,Brazil,South America,SILVER,669289000000.0,2,Summer
2004,Bulgaria,Europe,BRONZE,26157743368.871613,9,Summer
2004,Bulgaria,Europe,GOLD,26157743368.871613,2,Summer
2004,Bulgaria,Europe,SILVER,26157743368.871613,1,Summer
2004,Cameroon,Africa,GOLD,18826214125.23168,1,Summer
2004,Canada,North America,BRONZE,1026690238278.2476,3,Summer
2004,Canada,North America,GOLD,1026690238278.2476,3,Summer
2004,Canada,North America,SILVER,1026690238278.2476,6,Summer
2004,Chile,South America,BRONZE,99075985773.0,1,Summer
2004,Chile,South America,GOLD,99075985773.0,2,Summer
2004,Colombia,South America,BRONZE,117092416666.24509,2,Summer
2004,Croatia,Europe,BRONZE,41855195584.65176,2,Summer
2004,Croatia,Europe,GOLD,41855195584.65176,1,Summer
2004,Croatia,Europe,SILVER,41855195584.65176,2,Summer
2004,Cuba,North America,BRONZE,38203000000.0,11,Summer
2004,Cuba,North America,GOLD,38203000000.0,9,Summer
2004,Cuba,North America,SILVER,38203000000.0,7,Summer
2004,Czech Republic,Europe,BRONZE,119814434353.57474,5,Summer
2004,Czech Republic,Europe,GOLD,119814434353.57474,1,Summer
2004,Czech Republic,Europe,SILVER,119814434353.57474,3,Summer
2004,Denmark,Europe,BRONZE,251373002954.38232,5,Summer
2004,Denmark,Europe,GOLD,251373002954.38232,2,Summer
2004,Denmark,Europe,SILVER,251373002954.38232,1,Summer
2004,Dominican Republic,North America,GOLD,22322387382.494022,1,Summer
2004,Egypt,Africa,BRONZE,78782467532.46753,3,Summer
2004,Egypt,Africa,GOLD,78782467532.46753,1,Summer
2004,Egypt,Africa,SILVER,78782467532.46753,1,Summer
2004,Eritrea,Africa,BRONZE,1109054005.0,1,Summer
2004,Estonia,Europe,BRONZE,12145911801.242235,2,Summer
2004,Estonia,Europe,SILVER,12145911801.242235,1,Summer
2004,Ethiopia,Africa,BRONZE,10131187261.442078,2,Summer
2004,Ethiopia,Africa,GOLD,10131187261.442078,2,Summer
2004,Ethiopia,Africa,SILVER,10131187261.442078,3,Summer
2004,Finland,Europe,SILVER,197479443979.1511,2,Summer
2004,France,Europe,BRONZE,2119633181634.3684,13,Summer
2004,France,Europe,GOLD,2119633181634.3684,11,Summer
2004,France,Europe,SILVER,2119633181634.3684,9,Summer
2004,Georgia,Middle East,GOLD,5125365191.986644,2,Summer
2004,Georgia,Middle East,SILVER,5125365191.986644,2,Summer
2004,Germany,Europe,BRONZE,2814353869359.0806,20,Summer
2004,Germany,Europe,GOLD,2814353869359.0806,13,Summer
2004,Germany,Europe,SILVER,2814353869359.0806,16,Summer
2004,Great Britain,Europe,BRONZE,2421525082387.404,12,Summer
2004,Great Britain,Europe,GOLD,2421525082387.404,9,Summer
2004,Great Britain,Europe,SILVER,2421525082387.404,9,Summer
2004,Greece,Europe,BRONZE,240963562236.1273,4,Summer
2004,Greece,Europe,GOLD,240963562236.1273,6,Summer
2004,Greece,Europe,SILVER,240963562236.1273,6,Summer
2004,"Hong Kong, China",Asia,SILVER,169099768875.1926,1,Summer
2004,Hungary,Europe,BRONZE,104120820258.66872,3,Summer
2004,Hungary,Europe,GOLD,104120820258.66872,8,Summer
2004,Hungary,Europe,SILVER,104120820258.66872,6,Summer
2004,India,Asia,SILVER,709152728830.7745,1,Summer
2004,Indonesia,Asia,BRONZE,256836875295.4519,2,Summer
2004,Indonesia,Asia,GOLD,256836875295.4519,1,Summer
2004,Indonesia,Asia,SILVER,256836875295.4519,1,Summer
2004,Islamic Republic of Iran,Middle East,BRONZE,190043433963.8662,2,Summer
2004,Islamic Republic of Iran,Middle East,GOLD,190043433963.8662,2,Summer
2004,Islamic Republic of Iran,Middle East,SILVER,190043433963.8662,2,Summer
2004,Israel,Middle East,BRONZE,139973148371.26282,1,Summer
2004,Israel,Middle East,GOLD,139973148371.26282,1,Summer
2004,Italy,Europe,BRONZE,1806542968545.5645,11,Summer
2004,Italy,Europe,GOLD,1806542968545.5645,10,Summer
2004,Italy,Europe,SILVER,1806542968545.5645,11,Summer
2004,Jamaica,North America,BRONZE,10174664853.947563,2,Summer
2004,Jamaica,North America,GOLD,10174664853.947563,2,Summer
2004,Jamaica,North America,SILVER,10174664853.947563,1,Summer
2004,Japan,Asia,BRONZE,4893116005656.559,12,Summer
2004,Japan,Asia,GOLD,4893116005656.559,16,Summer
2004,Japan,Asia,SILVER,4893116005656.559,9,Summer
2004,Kazakhstan,Middle East,BRONZE,43151647002.60963,3,Summer
2004,Kazakhstan,Middle East,GOLD,43151647002.60963,1,Summer
2004,Kazakhstan,Middle East,SILVER,43151647002.60963,4,Summer
2004,Kenya,Africa,BRONZE,16095337093.836596,2,Summer
2004,Kenya,Africa,GOLD,16095337093.836596,1,Summer
2004,Kenya,Africa,SILVER,16095337093.836596,4,Summer
2004,Latvia,Europe,SILVER,14435700533.368025,4,Summer
2004,Lithuania,Europe,GOLD,22627507451.564827,1,Summer
2004,Lithuania,Europe,SILVER,22627507451.564827,2,Summer
2004,Mexico,North America,BRONZE,819459227375.0225,1,Summer
2004,Mexico,North America,SILVER,819459227375.0225,3,Summer
2004,Mongolia,Asia,BRONZE,1992066808.0959773,1,Summer
2004,Morocco,Africa,GOLD,66114145451.00669,2,Summer
2004,Morocco,Africa,SILVER,66114145451.00669,1,Summer
2004,Netherlands,Europe,BRONZE,658380081545.1754,9,Summer
2004,Netherlands,Europe,GOLD,658380081545.1754,4,Summer
2004,Netherlands,Europe,SILVER,658380081545.1754,9,Summer
2004,New Zealand,Oceania,GOLD,103905210084.03362,3,Summer
2004,New Zealand,Oceania,SILVER,103905210084.03362,2,Summer
2004,Nigeria,Africa,BRONZE,135764731645.61142,2,Summer
2004,Norway,Europe,BRONZE,265268662473.29697,1,Summer
2004,Norway,Europe,GOLD,265268662473.29697,5,Summer
2004,Paraguay,South America,SILVER,9624440836.293097,1,Summer
2004,People's Republic of China,Asia,BRONZE,1955346768721.3936,14,Summer
2004,People's Republic of China,Asia,GOLD,1955346768721.3936,32,Summer
2004,People's Republic of China,Asia,SILVER,1955346768721.3936,17,Summer
2004,Poland,Europe,BRONZE,255107252158.63116,5,Summer
2004,Poland,Europe,GOLD,255107252158.63116,3,Summer
2004,Poland,Europe,SILVER,255107252158.63116,2,Summer
2004,Portugal,Europe,BRONZE,189382122532.1688,1,Summer
2004,Portugal,Europe,SILVER,189382122532.1688,2,Summer
2004,Republic of Korea,Asia,BRONZE,793175561887.0269,9,Summer
2004,Republic of Korea,Asia,GOLD,793175561887.0269,9,Summer
2004,Republic of Korea,Asia,SILVER,793175561887.0269,12,Summer
2004,Romania,Europe,BRONZE,74973656851.80765,6,Summer
2004,Romania,Europe,GOLD,74973656851.80765,8,Summer
2004,Romania,Europe,SILVER,74973656851.80765,5,Summer
2004,Russian Federation,Europe,BRONZE,591016690732.3846,36,Summer
2004,Russian Federation,Europe,GOLD,591016690732.3846,28,Summer
2004,Russian Federation,Europe,SILVER,591016690732.3846,26,Summer
2004,Slovakia,Europe,BRONZE,57437444469.08702,2,Summer
2004,Slovakia,Europe,GOLD,57437444469.08702,2,Summer
2004,Slovakia,Europe,SILVER,57437444469.08702,2,Summer
2004,Slovenia,Europe,BRONZE,34414784504.235176,3,Summer
2004,Slovenia,Europe,SILVER,34414784504.235176,1,Summer
2004,South Africa,Africa,BRONZE,255806908594.57257,2,Summer
2004,South Africa,Africa,GOLD,255806908594.57257,1,Summer
2004,South Africa,Africa,SILVER,255806908594.57257,3,Summer
2004,Spain,Europe,BRONZE,1069055675273.748,6,Summer
2004,Spain,Europe,GOLD,1069055675273.748,3,Summer
2004,Spain,Europe,SILVER,1069055675273.748,11,Summer
2004,Sweden,Europe,BRONZE,385118044877.46466,1,Summer
2004,Sweden,Europe,GOLD,385118044877.46466,4,Summer
2004,Sweden,Europe,SILVER,385118044877.46466,2,Summer
2004,Switzerland,Europe,BRONZE,403912891033.37354,3,Summer
2004,Switzerland,Europe,GOLD,403912891033.37354,1,Summer
2004,Switzerland,Europe,SILVER,403912891033.37354,1,Summer
2004,Syrian Arab Republic,Middle East,BRONZE,25086950495.049503,1,Summer
2004,Thailand,Asia,BRONZE,172895685154.65817,4,Summer
2004,Thailand,Asia,GOLD,172895685154.65817,3,Summer
2004,Thailand,Asia,SILVER,172895685154.65817,1,Summer
2004,Trinidad and Tobago,North America,BRONZE,13280275123.035402,1,Summer
2004,Turkey,Middle East,BRONZE,408865000000.0,4,Summer
2004,Turkey,Middle East,GOLD,408865000000.0,3,Summer
2004,Turkey,Middle East,SILVER,408865000000.0,3,Summer
2004,Ukraine,Europe,BRONZE,67220154164.316605,9,Summer
2004,Ukraine,Europe,GOLD,67220154164.316605,8,Summer
2004,Ukraine,Europe,SILVER,67220154164.316605,5,Summer
2004,United Arab Emirates,Middle East,GOLD,147824370319.94556,1,Summer
2004,United States of America,North America,BRONZE,12217200000000.0,26,Summer
2004,United States of America,North America,GOLD,12217200000000.0,36,Summer
2004,United States of America,North America,SILVER,12217200000000.0,39,Summer
2004,Uzbekistan,Middle East,BRONZE,12030023547.88069,2,Summer
2004,Uzbekistan,Middle East,GOLD,12030023547.88069,2,Summer
2004,Uzbekistan,Middle East,SILVER,12030023547.88069,1,Summer
2004,Venezuela,South America,BRONZE,112451400424.9639,2,Summer
2004,Zimbabwe,Africa,BRONZE,5805598400.0,1,Summer
2004,Zimbabwe,Africa,GOLD,5805598400.0,1,Summer
2004,Zimbabwe,Africa,SILVER,5805598400.0,1,Summer
2008,Afghanistan,Middle East,BRONZE,10109297047.543194,1,Summer
2008,Algeria,Africa,BRONZE,180383848331.13455,1,Summer
2008,Algeria,Africa,SILVER,180383848331.13455,1,Summer
2008,Argentina,South America,BRONZE,361558037110.41925,4,Summer
2008,Argentina,South America,GOLD,361558037110.41925,2,Summer
2008,Armenia,Middle East,BRONZE,11662040713.875307,4,Summer
2008,Armenia,Middle East,SILVER,11662040713.875307,1,Summer
2008,Australia,Oceania,BRONZE,1056112427190.3768,17,Summer
2008,Australia,Oceania,GOLD,1056112427190.3768,14,Summer
2008,Australia,Oceania,SILVER,1056112427190.3768,15,Summer
2008,Austria,Europe,BRONZE,432051935642.9452,2,Summer
2008,Austria,Europe,SILVER,432051935642.9452,1,Summer
2008,Azerbaijan,Middle East,BRONZE,48851293785.44826,4,Summer
2008,Azerbaijan,Middle East,GOLD,48851293785.44826,1,Summer
2008,Azerbaijan,Middle East,SILVER,48851293785.44826,1,Summer
2008,Bahamas,North America,BRONZE,10526000000.0,1,Summer
2008,Bahamas,North America,SILVER,10526000000.0,1,Summer
2008,Belarus,Europe,BRONZE,60752106347.12601,7,Summer
2008,Belarus,Europe,GOLD,60752106347.12601,3,Summer
2008,Belarus,Europe,SILVER,60752106347.12601,4,Summer
2008,Belgium,Europe,GOLD,517328000000.0,2,Summer
2008,Brazil,South America,BRONZE,1695855083552.0544,10,Summer
2008,Brazil,South America,GOLD,1695855083552.0544,3,Summer
2008,Brazil,South America,SILVER,1695855083552.0544,4,Summer
2008,Bulgaria,Europe,BRONZE,54480684188.44424,3,Summer
2008,Bulgaria,Europe,GOLD,54480684188.44424,1,Summer
2008,Bulgaria,Europe,SILVER,54480684188.44424,1,Summer
2008,Cameroon,Africa,GOLD,27715142006.01808,1,Summer
2008,Canada,North America,BRONZE,1552989690721.6497,8,Summer
2008,Canada,North America,GOLD,1552989690721.6497,3,Summer
2008,Canada,North America,SILVER,1552989690721.6497,9,Summer
2008,Chile,South America,SILVER,179894594475.97992,1,Summer
2008,Colombia,South America,BRONZE,242504150472.93076,1,Summer
2008,Colombia,South America,SILVER,242504150472.93076,2,Summer
2008,Croatia,Europe,BRONZE,68526332324.364395,3,Summer
2008,Croatia,Europe,SILVER,68526332324.364395,2,Summer
2008,Cuba,North America,BRONZE,56302129629.62962,17,Summer
2008,Cuba,North America,GOLD,56302129629.62962,3,Summer
2008,Cuba,North America,SILVER,56302129629.62962,10,Summer
2008,Czech Republic,Europe,BRONZE,236816485762.98788,1,Summer
2008,Czech Republic,Europe,GOLD,236816485762.98788,3,Summer
2008,Czech Republic,Europe,SILVER,236816485762.98788,3,Summer
2008,Denmark,Europe,BRONZE,353361038818.38336,3,Summer
2008,Denmark,Europe,GOLD,353361038818.38336,2,Summer
2008,Denmark,Europe,SILVER,353361038818.38336,2,Summer
2008,Dominican Republic,North America,GOLD,48122601530.0,1,Summer
2008,Dominican Republic,North America,SILVER,48122601530.0,1,Summer
2008,Ecuador,South America,SILVER,61139438000.0,1,Summer
2008,Egypt,Africa,BRONZE,162818181818.18182,2,Summer
2008,Estonia,Europe,GOLD,24341678628.97319,1,Summer
2008,Estonia,Europe,SILVER,24341678628.97319,1,Summer
2008,Ethiopia,Africa,BRONZE,27066912635.222847,1,Summer
2008,Ethiopia,Africa,GOLD,27066912635.222847,4,Summer
2008,Ethiopia,Africa,SILVER,27066912635.222847,2,Summer
2008,Finland,Europe,BRONZE,285716311136.7187,2,Summer
2008,Finland,Europe,GOLD,285716311136.7187,1,Summer
2008,Finland,Europe,SILVER,285716311136.7187,1,Summer
2008,France,Europe,BRONZE,2930303780828.1245,20,Summer
2008,France,Europe,GOLD,2930303780828.1245,7,Summer
2008,France,Europe,SILVER,2930303780828.1245,16,Summer
2008,Georgia,Middle East,BRONZE,12795145130.910282,2,Summer
2008,Georgia,Middle East,GOLD,12795145130.910282,3,Summer
2008,Georgia,Middle East,SILVER,12795145130.910282,2,Summer
2008,Germany,Europe,BRONZE,3745264093617.1865,14,Summer
2008,Germany,Europe,GOLD,3745264093617.1865,16,Summer
2008,Germany,Europe,SILVER,3745264093617.1865,11,Summer
2008,Great Britain,Europe,BRONZE,2929411764705.8823,19,Summer
2008,Great Britain,Europe,GOLD,2929411764705.8823,19,Summer
2008,Great Britain,Europe,SILVER,2929411764705.8823,13,Summer
2008,Greece,Europe,BRONZE,355908689477.44525,1,Summer
2008,Greece,Europe,SILVER,355908689477.44525,2,Summer
2008,Hungary,Europe,BRONZE,158326000000.0,2,Summer
2008,Hungary,Europe,GOLD,158326000000.0,3,Summer
2008,Hungary,Europe,SILVER,158326000000.0,5,Summer
2008,Iceland,Europe,SILVER,18074622987.01845,1,Summer
2008,India,Asia,BRONZE,1198895139005.919,2,Summer
2008,India,Asia,GOLD,1198895139005.919,1,Summer
2008,Indonesia,Asia,BRONZE,510228634990.59827,4,Summer
2008,Indonesia,Asia,GOLD,510228634990.59827,1,Summer
2008,Indonesia,Asia,SILVER,510228634990.59827,1,Summer
2008,Ireland,Europe,BRONZE,275447471451.06323,2,Summer
2008,Ireland,Europe,SILVER,275447471451.06323,1,Summer
2008,Islamic Republic of Iran,Middle East,BRONZE,412336172443.79486,1,Summer
2008,Islamic Republic of Iran,Middle East,GOLD,412336172443.79486,1,Summer
2008,Israel,Middle East,BRONZE,220531065217.3913,1,Summer
2008,Italy,Europe,BRONZE,2408655348718.5933,10,Summer
2008,Italy,Europe,GOLD,2408655348718.5933,8,Summer
2008,Italy,Europe,SILVER,2408655348718.5933,9,Summer
2008,Jamaica,North America,BRONZE,13709401520.032597,1,Summer
2008,Jamaica,North America,GOLD,13709401520.032597,5,Summer
2008,Jamaica,North America,SILVER,13709401520.032597,3,Summer
2008,Japan,Asia,BRONZE,5106679115127.299,8,Summer
2008,Japan,Asia,GOLD,5106679115127.299,9,Summer
2008,Japan,Asia,SILVER,5106679115127.299,8,Summer
2008,Kazakhstan,Middle East,BRONZE,133441648851.9825,4,Summer
2008,Kazakhstan,Middle East,GOLD,133441648851.9825,2,Summer
2008,Kazakhstan,Middle East,SILVER,133441648851.9825,3,Summer
2008,Kenya,Africa,BRONZE,35895153327.849686,6,Summer
2008,Kenya,Africa,GOLD,35895153327.849686,6,Summer
2008,Kenya,Africa,SILVER,35895153327.849686,4,Summer
2008,Kyrgyzstan,Middle East,BRONZE,5139958909.179356,2,Summer
2008,Kyrgyzstan,Middle East,SILVER,5139958909.179356,1,Summer
2008,Latvia,Europe,BRONZE,35854274229.0,1,Summer
2008,Latvia,Europe,GOLD,35854274229.0,1,Summer
2008,Latvia,Europe,SILVER,35854274229.0,1,Summer
2008,Lithuania,Europe,BRONZE,47797551587.88233,2,Summer
2008,Lithuania,Europe,SILVER,47797551587.88233,3,Summer
2008,Malaysia,Asia,SILVER,230811614370.38364,1,Summer
2008,Mauritius,Africa,BRONZE,9990356673.734972,1,Summer
2008,Mexico,North America,BRONZE,1161553459715.1033,2,Summer
2008,Mexico,North America,GOLD,1161553459715.1033,2,Summer
2008,Mongolia,Asia,GOLD,5623216608.042884,2,Summer
2008,Mongolia,Asia,SILVER,5623216608.042884,2,Summer
2008,Morocco,Africa,BRONZE,101822906949.06345,1,Summer
2008,Morocco,Africa,SILVER,101822906949.06345,1,Summer
2008,Netherlands,Europe,BRONZE,951869997864.0624,4,Summer
2008,Netherlands,Europe,GOLD,951869997864.0624,7,Summer
2008,Netherlands,Europe,SILVER,951869997864.0624,5,Summer
2008,New Zealand,Oceania,BRONZE,133131000000.0,4,Summer
2008,New Zealand,Oceania,GOLD,133131000000.0,3,Summer
2008,New Zealand,Oceania,SILVER,133131000000.0,2,Summer
2008,Nigeria,Africa,BRONZE,339476276257.7929,3,Summer
2008,Nigeria,Africa,SILVER,339476276257.7929,2,Summer
2008,Norway,Europe,BRONZE,464917553191.4894,1,Summer
2008,Norway,Europe,GOLD,464917553191.4894,3,Summer
2008,Norway,Europe,SILVER,464917553191.4894,5,Summer
2008,Panama,North America,GOLD,25155888600.0,1,Summer
2008,People's Republic of China,Asia,BRONZE,4594336785737.672,30,Summer
2008,People's Republic of China,Asia,GOLD,4594336785737.672,48,Summer
2008,People's Republic of China,Asia,SILVER,4594336785737.672,22,Summer
2008,Poland,Europe,BRONZE,533599779515.7149,2,Summer
2008,Poland,Europe,GOLD,533599779515.7149,4,Summer
2008,Poland,Europe,SILVER,533599779515.7149,5,Summer
2008,Portugal,Europe,GOLD,263416394624.08353,1,Summer
2008,Portugal,Europe,SILVER,263416394624.08353,1,Summer
2008,Republic of Korea,Asia,BRONZE,1047339010225.2472,8,Summer
2008,Republic of Korea,Asia,GOLD,1047339010225.2472,13,Summer
2008,Republic of Korea,Asia,SILVER,1047339010225.2472,11,Summer
2008,Republic of Moldova,Europe,BRONZE,6054824248.242213,1,Summer
2008,Romania,Europe,BRONZE,214317202478.26596,4,Summer
2008,Romania,Europe,GOLD,214317202478.26596,4,Summer
2008,Romania,Europe,SILVER,214317202478.26596,1,Summer
2008,Russian Federation,Europe,BRONZE,1660848058303.1138,23,Summer
2008,Russian Federation,Europe,GOLD,1660848058303.1138,24,Summer
2008,Russian Federation,Europe,SILVER,1660848058303.1138,13,Summer
2008,Samoa,Oceania,SILVER,641346191.6647757,1,Summer
2008,Serbia,Europe,BRONZE,52194221468.500725,2,Summer
2008,Serbia,Europe,SILVER,52194221468.500725,1,Summer
2008,Singapore,Asia,SILVER,193617323539.2028,1,Summer
2008,Slovakia,Europe,GOLD,100879902984.9828,3,Summer
2008,Slovakia,Europe,SILVER,100879902984.9828,3,Summer
2008,Slovenia,Europe,BRONZE,55779427739.66093,2,Summer
2008,Slovenia,Europe,GOLD,55779427739.66093,1,Summer
2008,Slovenia,Europe,SILVER,55779427739.66093,2,Summer
2008,South Africa,Africa,SILVER,316131000000.0,1,Summer
2008,Spain,Europe,BRONZE,1631863493552.3433,3,Summer
2008,Spain,Europe,GOLD,1631863493552.3433,5,Summer
2008,Spain,Europe,SILVER,1631863493552.3433,11,Summer
2008,Sudan,Africa,SILVER,64833083257.0,1,Summer
2008,Sweden,Europe,BRONZE,517706149201.1955,1,Summer
2008,Sweden,Europe,SILVER,517706149201.1955,4,Summer
2008,Switzerland,Europe,BRONZE,567268000000.0,4,Summer
2008,Switzerland,Europe,GOLD,567268000000.0,2,Summer
2008,Switzerland,Europe,SILVER,567268000000.0,1,Summer
2008,Tajikistan,Middle East,BRONZE,5161299725.276728,1,Summer
2008,Tajikistan,Middle East,SILVER,5161299725.276728,1,Summer
2008,Thailand,Asia,BRONZE,291382982430.9515,2,Summer
2008,Thailand,Asia,GOLD,291382982430.9515,2,Summer
2008,Thailand,Asia,SILVER,291382982430.9515,2,Summer
2008,Togo,Africa,BRONZE,4578849658.060658,1,Summer
2008,Trinidad and Tobago,North America,GOLD,27871587349.541267,1,Summer
2008,Trinidad and Tobago,North America,SILVER,27871587349.541267,1,Summer
2008,Tunisia,Africa,GOLD,44859439902.21906,1,Summer
2008,Turkey,Middle East,BRONZE,770449000000.0,3,Summer
2008,Turkey,Middle East,GOLD,770449000000.0,1,Summer
2008,Turkey,Middle East,SILVER,770449000000.0,1,Summer
2008,Ukraine,Europe,BRONZE,188110390659.51477,11,Summer
2008,Ukraine,Europe,GOLD,188110390659.51477,7,Summer
2008,Ukraine,Europe,SILVER,188110390659.51477,4,Summer
2008,United States of America,North America,BRONZE,14769900000000.0,37,Summer
2008,United States of America,North America,GOLD,14769900000000.0,36,Summer
2008,United States of America,North America,SILVER,14769900000000.0,39,Summer
2008,Uzbekistan,Middle East,BRONZE,29549438883.83379,3,Summer
2008,Uzbekistan,Middle East,SILVER,29549438883.83379,1,Summer
2008,Venezuela,South America,BRONZE,315953000000.0,1,Summer
2008,Vietnam,Asia,SILVER,99130304099.12744,1,Summer
2008,Zimbabwe,Africa,GOLD,4415702800.0,1,Summer
2008,Zimbabwe,Africa,SILVER,4415702800.0,3,Summer
2012,Afghanistan,Middle East,BRONZE,19907329777.58717,1,Summer
2012,Algeria,Africa,GOLD,227143746075.934,1,Summer
2012,Argentina,South America,BRONZE,545982000000.0,2,Summer
2012,Argentina,South America,GOLD,545982000000.0,1,Summer
2012,Argentina,South America,SILVER,545982000000.0,1,Summer
2012,Armenia,Middle East,BRONZE,10619320682.947445,1,Summer
2012,Armenia,Middle East,SILVER,10619320682.947445,1,Summer
2012,Australia,Oceania,BRONZE,1547649835732.891,12,Summer
2012,Australia,Oceania,GOLD,1547649835732.891,8,Summer
2012,Australia,Oceania,SILVER,1547649835732.891,15,Summer
2012,Azerbaijan,Middle East,BRONZE,69679944504.19719,6,Summer
2012,Azerbaijan,Middle East,GOLD,69679944504.19719,2,Summer
2012,Azerbaijan,Middle East,SILVER,69679944504.19719,2,Summer
2012,Bahamas,North America,GOLD,10720500000.0,1,Summer
2012,Bahrain,Middle East,GOLD,30749308510.638294,1,Summer
2012,Belarus,Europe,BRONZE,65685890438.89215,3,Summer
2012,Belarus,Europe,GOLD,65685890438.89215,2,Summer
2012,Belarus,Europe,SILVER,65685890438.89215,5,Summer
2012,Belgium,Europe,BRONZE,496152879924.7267,2,Summer
2012,Belgium,Europe,SILVER,496152879924.7267,1,Summer
2012,Botswana,Africa,SILVER,13907464500.148876,1,Summer
2012,Brazil,South America,BRONZE,2465227803011.568,9,Summer
2012,Brazil,South America,GOLD,2465227803011.568,3,Summer
2012,Brazil,South America,SILVER,2465227803011.568,5,Summer
2012,Bulgaria,Europe,BRONZE,54288135058.79262,1,Summer
2012,Bulgaria,Europe,SILVER,54288135058.79262,2,Summer
2012,Cameroon,Africa,BRONZE,30155062302.449677,1,Summer
2012,Canada,North America,BRONZE,1828366481521.5952,10,Summer
2012,Canada,North America,GOLD,1828366481521.5952,2,Summer
2012,Canada,North America,SILVER,1828366481521.5952,6,Summer
2012,Colombia,South America,BRONZE,370691143018.03864,5,Summer
2012,Colombia,South America,GOLD,370691143018.03864,1,Summer
2012,Colombia,South America,SILVER,370691143018.03864,3,Summer
2012,Croatia,Europe,BRONZE,57411354937.680756,2,Summer
2012,Croatia,Europe,GOLD,57411354937.680756,3,Summer
2012,Croatia,Europe,SILVER,57411354937.680756,1,Summer
2012,Cuba,North America,BRONZE,73141000000.0,7,Summer
2012,Cuba,North America,GOLD,73141000000.0,5,Summer
2012,Cuba,North America,SILVER,73141000000.0,3,Summer
2012,Cyprus,Middle East,SILVER,25047433100.13009,1,Summer
2012,Czech Republic,Europe,BRONZE,208857719320.6487,4,Summer
2012,Czech Republic,Europe,GOLD,208857719320.6487,4,Summer
2012,Czech Republic,Europe,SILVER,208857719320.6487,3,Summer
2012,Denmark,Europe,BRONZE,327148943812.1366,3,Summer
2012,Denmark,Europe,GOLD,327148943812.1366,2,Summer
2012,Denmark,Europe,SILVER,327148943812.1366,4,Summer
2012,Dominican Republic,North America,GOLD,60681535652.537346,1,Summer
2012,Dominican Republic,North America,SILVER,60681535652.537346,1,Summer
2012,Egypt,Africa,BRONZE,279116666666.6667,1,Summer
2012,Egypt,Africa,SILVER,279116666666.6667,3,Summer
2012,Estonia,Europe,BRONZE,23019150071.18673,1,Summer
2012,Estonia,Europe,SILVER,23019150071.18673,1,Summer
2012,Ethiopia,Africa,BRONZE,43310721414.08288,2,Summer
2012,Ethiopia,Africa,GOLD,43310721414.08288,3,Summer
2012,Ethiopia,Africa,SILVER,43310721414.08288,2,Summer
2012,Finland,Europe,BRONZE,258290060227.73444,1,Summer
2012,Finland,Europe,SILVER,258290060227.73444,2,Summer
2012,France,Europe,BRONZE,2683671716967.188,13,Summer
2012,France,Europe,GOLD,2683671716967.188,11,Summer
2012,France,Europe,SILVER,2683671716967.188,11,Summer
2012,Gabon,Africa,SILVER,17170464016.059284,1,Summer
2012,Georgia,Middle East,BRONZE,16894392033.225578,3,Summer
2012,Georgia,Middle East,GOLD,16894392033.225578,1,Summer
2012,Georgia,Middle East,SILVER,16894392033.225578,2,Summer
2012,Germany,Europe,BRONZE,3527143188785.157,13,Summer
2012,Germany,Europe,GOLD,3527143188785.157,11,Summer
2012,Germany,Europe,SILVER,3527143188785.157,20,Summer
2012,Great Britain,Europe,BRONZE,2707089726614.636,18,Summer
2012,Great Britain,Europe,GOLD,2707089726614.636,29,Summer
2012,Great Britain,Europe,SILVER,2707089726614.636,18,Summer
2012,Greece,Europe,BRONZE,242029307133.40787,2,Summer
2012,Grenada,North America,GOLD,799881481.4814814,1,Summer
2012,Guatemala,North America,SILVER,49593929487.0,1,Summer
2012,"Hong Kong, China",Asia,BRONZE,262628865879.6968,1,Summer
2012,Hungary,Europe,BRONZE,128814279315.1317,6,Summer
2012,Hungary,Europe,GOLD,128814279315.1317,8,Summer
2012,Hungary,Europe,SILVER,128814279315.1317,4,Summer
2012,India,Asia,BRONZE,1827637590410.953,4,Summer
2012,India,Asia,SILVER,1827637590410.953,2,Summer
2012,Indonesia,Asia,BRONZE,917869913332.6486,1,Summer
2012,Indonesia,Asia,SILVER,917869913332.6486,2,Summer
2012,Ireland,Europe,BRONZE,225118718207.1563,4,Summer
2012,Ireland,Europe,GOLD,225118718207.1563,1,Summer
2012,Ireland,Europe,SILVER,225118718207.1563,1,Summer
2012,Islamic Republic of Iran,Middle East,BRONZE,644035512181.4827,1,Summer
2012,Islamic Republic of Iran,Middle East,GOLD,644035512181.4827,6,Summer
2012,Islamic Republic of Iran,Middle East,SILVER,644035512181.4827,6,Summer
2012,Italy,Europe,BRONZE,2086957656821.602,11,Summer
2012,Italy,Europe,GOLD,2086957656821.602,8,Summer
2012,Italy,Europe,SILVER,2086957656821.602,9,Summer
2012,Jamaica,North America,BRONZE,14807086555.528316,3,Summer
2012,Jamaica,North America,GOLD,14807086555.528316,4,Summer
2012,Jamaica,North America,SILVER,14807086555.528316,5,Summer
2012,Japan,Asia,BRONZE,6272362996105.034,17,Summer
2012,Japan,Asia,GOLD,6272362996105.034,7,Summer
2012,Japan,Asia,SILVER,6272362996105.034,14,Summer
2012,Kazakhstan,Middle East,BRONZE,207998568865.78925,6,Summer
2012,Kazakhstan,Middle East,GOLD,207998568865.78925,3,Summer
2012,Kazakhstan,Middle East,SILVER,207998568865.78925,2,Summer
2012,Kenya,Africa,BRONZE,56396704671.57766,6,Summer
2012,Kenya,Africa,GOLD,56396704671.57766,2,Summer
2012,Kenya,Africa,SILVER,56396704671.57766,4,Summer
2012,Kuwait,Middle East,BRONZE,174047695598.6865,1,Summer
2012,Latvia,Europe,BRONZE,28169902669.378365,1,Summer
2012,Latvia,Europe,GOLD,28169902669.378365,1,Summer
2012,Lithuania,Europe,BRONZE,42927454291.0,3,Summer
2012,Lithuania,Europe,GOLD,42927454291.0,2,Summer
2012,Malaysia,Asia,BRONZE,314443047642.11096,1,Summer
2012,Malaysia,Asia,SILVER,314443047642.11096,1,Summer
2012,Mexico,North America,BRONZE,1255110424817.7866,4,Summer
2012,Mexico,North America,GOLD,1255110424817.7866,1,Summer
2012,Mexico,North America,SILVER,1255110424817.7866,3,Summer
2012,Mongolia,Asia,BRONZE,12292770631.564993,3,Summer
2012,Mongolia,Asia,SILVER,12292770631.564993,2,Summer
2012,Montenegro,Europe,SILVER,4087526241.812683,1,Summer
2012,Morocco,Africa,BRONZE,106937392311.12907,1,Summer
2012,Netherlands,Europe,BRONZE,838923319919.5315,8,Summer
2012,Netherlands,Europe,GOLD,838923319919.5315,6,Summer
2012,Netherlands,Europe,SILVER,838923319919.5315,6,Summer
2012,New Zealand,Oceania,BRONZE,176210710655.20847,5,Summer
2012,New Zealand,Oceania,GOLD,176210710655.20847,6,Summer
2012,New Zealand,Oceania,SILVER,176210710655.20847,2,Summer
2012,Norway,Europe,BRONZE,512777000000.0,1,Summer
2012,Norway,Europe,GOLD,512777000000.0,2,Summer
2012,Norway,Europe,SILVER,512777000000.0,1,Summer
2012,People's Republic of China,Asia,BRONZE,8532185381680.593,22,Summer
2012,People's Republic of China,Asia,GOLD,8532185381680.593,38,Summer
2012,People's Republic of China,Asia,SILVER,8532185381680.593,31,Summer
2012,Poland,Europe,BRONZE,495230523665.9008,7,Summer
2012,Poland,Europe,GOLD,495230523665.9008,3,Summer
2012,Poland,Europe,SILVER,495230523665.9008,1,Summer
2012,Portugal,Europe,SILVER,216224240577.95743,1,Summer
2012,Puerto Rico,North America,BRONZE,101565000000.0,1,Summer
2012,Puerto Rico,North America,SILVER,101565000000.0,1,Summer
2012,Qatar,Middle East,BRONZE,186833502362.63736,1,Summer
2012,Qatar,Middle East,SILVER,186833502362.63736,1,Summer
2012,Republic of Korea,Asia,BRONZE,1278046536287.0134,8,Summer
2012,Republic of Korea,Asia,GOLD,1278046536287.0134,13,Summer
2012,Republic of Korea,Asia,SILVER,1278046536287.0134,9,Summer
2012,Romania,Europe,BRONZE,179132893143.41733,1,Summer
2012,Romania,Europe,GOLD,179132893143.41733,2,Summer
2012,Romania,Europe,SILVER,179132893143.41733,4,Summer
2012,Russian Federation,Europe,BRONZE,2208293553878.4243,27,Summer
2012,Russian Federation,Europe,GOLD,2208293553878.4243,20,Summer
2012,Russian Federation,Europe,SILVER,2208293553878.4243,20,Summer
2012,Saudi Arabia,Middle East,BRONZE,741849866666.6666,1,Summer
2012,Serbia,Europe,BRONZE,43309252921.05673,2,Summer
2012,Serbia,Europe,GOLD,43309252921.05673,1,Summer
2012,Serbia,Europe,SILVER,43309252921.05673,1,Summer
2012,Singapore,Asia,BRONZE,295092888076.5895,2,Summer
2012,Slovakia,Europe,BRONZE,94623731085.61057,3,Summer
2012,Slovakia,Europe,SILVER,94623731085.61057,1,Summer
2012,Slovenia,Europe,BRONZE,46577793184.003136,2,Summer
2012,Slovenia,Europe,GOLD,46577793184.003136,1,Summer
2012,Slovenia,Europe,SILVER,46577793184.003136,1,Summer
2012,South Africa,Africa,BRONZE,434400545085.8111,1,Summer
2012,South Africa,Africa,GOLD,434400545085.8111,4,Summer
2012,South Africa,Africa,SILVER,434400545085.8111,1,Summer
2012,Spain,Europe,BRONZE,1324750738725.0002,6,Summer
2012,Spain,Europe,GOLD,1324750738725.0002,4,Summer
2012,Spain,Europe,SILVER,1324750738725.0002,10,Summer
2012,Sweden,Europe,BRONZE,552483727282.8025,3,Summer
2012,Sweden,Europe,GOLD,552483727282.8025,1,Summer
2012,Sweden,Europe,SILVER,552483727282.8025,4,Summer
2012,Switzerland,Europe,GOLD,686420221557.9899,2,Summer
2012,Switzerland,Europe,SILVER,686420221557.9899,2,Summer
2012,Tajikistan,Middle East,BRONZE,7633036903.076341,1,Summer
2012,Thailand,Asia,BRONZE,397558325278.5791,2,Summer
2012,Thailand,Asia,SILVER,397558325278.5791,2,Summer
2012,Trinidad and Tobago,North America,BRONZE,27334581560.283688,2,Summer
2012,Trinidad and Tobago,North America,GOLD,27334581560.283688,1,Summer
2012,Trinidad and Tobago,North America,SILVER,27334581560.283688,1,Summer
2012,Tunisia,Africa,BRONZE,47311401812.67335,1,Summer
2012,Tunisia,Africa,GOLD,47311401812.67335,2,Summer
2012,Turkey,Middle East,BRONZE,880555885492.2687,1,Summer
2012,Turkey,Middle East,GOLD,880555885492.2687,1,Summer
2012,Turkey,Middle East,SILVER,880555885492.2687,1,Summer
2012,Uganda,Africa,GOLD,27305915910.78771,1,Summer
2012,Ukraine,Europe,BRONZE,182591753827.9488,10,Summer
2012,Ukraine,Europe,GOLD,182591753827.9488,5,Summer
2012,Ukraine,Europe,SILVER,182591753827.9488,4,Summer
2012,United States of America,North America,BRONZE,16254000000000.0,30,Summer
2012,United States of America,North America,GOLD,16254000000000.0,47,Summer
2012,United States of America,North America,SILVER,16254000000000.0,27,Summer
2012,Uzbekistan,Middle East,BRONZE,67517349212.06092,2,Summer
2012,Venezuela,South America,GOLD,381286237847.6675,1,Summer
2016,Algeria,Africa,SILVER,180763839522.1508,2,Summer
2016,Argentina,South America,GOLD,557532320662.9546,3,Summer
2016,Argentina,South America,SILVER,557532320662.9546,1,Summer
2016,Armenia,Middle East,GOLD,10546136235.521862,1,Summer
2016,Armenia,Middle East,SILVER,10546136235.521862,3,Summer
2016,Australia,Oceania,BRONZE,1207580901578.7236,10,Summer
2016,Australia,Oceania,GOLD,1207580901578.7236,8,Summer
2016,Australia,Oceania,SILVER,1207580901578.7236,11,Summer
2016,Austria,Europe,BRONZE,395837000000.0,1,Summer
2016,Azerbaijan,Middle East,BRONZE,37866996882.915695,10,Summer
2016,Azerbaijan,Middle East,GOLD,37866996882.915695,1,Summer
2016,Azerbaijan,Middle East,SILVER,37866996882.915695,7,Summer
2016,Bahamas,North America,BRONZE,11745100000.0,1,Summer
2016,Bahamas,North America,GOLD,11745100000.0,1,Summer
2016,Bahrain,Middle East,GOLD,32250132978.723404,1,Summer
2016,Bahrain,Middle East,SILVER,32250132978.723404,1,Summer
2016,Belarus,Europe,BRONZE,47723545321.25899,4,Summer
2016,Belarus,Europe,GOLD,47723545321.25899,1,Summer
2016,Belarus,Europe,SILVER,47723545321.25899,4,Summer
2016,Belgium,Europe,BRONZE,476062757356.9273,2,Summer
2016,Belgium,Europe,GOLD,476062757356.9273,2,Summer
2016,Belgium,Europe,SILVER,476062757356.9273,2,Summer
2016,Brazil,South America,BRONZE,1795693482652.5151,6,Summer
2016,Brazil,South America,GOLD,1795693482652.5151,7,Summer
2016,Brazil,South America,SILVER,1795693482652.5151,6,Summer
2016,Bulgaria,Europe,BRONZE,53964253211.83995,2,Summer
2016,Bulgaria,Europe,SILVER,53964253211.83995,1,Summer
2016,Burundi,Africa,SILVER,2644487776.500767,1,Summer
2016,Canada,North America,BRONZE,1527994741907.425,15,Summer
2016,Canada,North America,GOLD,1527994741907.425,4,Summer
2016,Canada,North America,SILVER,1527994741907.425,3,Summer
2016,Colombia,South America,BRONZE,282720100286.22784,3,Summer
2016,Colombia,South America,GOLD,282720100286.22784,3,Summer
2016,Colombia,South America,SILVER,282720100286.22784,2,Summer
2016,Croatia,Europe,BRONZE,52740059263.42448,2,Summer
2016,Croatia,Europe,GOLD,52740059263.42448,5,Summer
2016,Croatia,Europe,SILVER,52740059263.42448,3,Summer
2016,Cuba,North America,BRONZE,91370407864.0,4,Summer
2016,Cuba,North America,GOLD,91370407864.0,5,Summer
2016,Cuba,North America,SILVER,91370407864.0,2,Summer
2016,Czech Republic,Europe,BRONZE,196272068576.3383,7,Summer
2016,Czech Republic,Europe,GOLD,196272068576.3383,1,Summer
2016,Czech Republic,Europe,SILVER,196272068576.3383,2,Summer
2016,Côte d'Ivoire,Africa,BRONZE,48407761036.82379,1,Summer
2016,Côte d'Ivoire,Africa,GOLD,48407761036.82379,1,Summer
2016,Denmark,Europe,BRONZE,313115929314.33856,7,Summer
2016,Denmark,Europe,GOLD,313115929314.33856,2,Summer
2016,Denmark,Europe,SILVER,313115929314.33856,6,Summer
2016,Dominican Republic,North America,BRONZE,75704647877.65591,1,Summer
2016,Egypt,Africa,BRONZE,332442000000.0,3,Summer
2016,Estonia,Europe,BRONZE,24072829276.77438,1,Summer
2016,Ethiopia,Africa,BRONZE,74296745207.87209,5,Summer
2016,Ethiopia,Africa,GOLD,74296745207.87209,1,Summer
2016,Ethiopia,Africa,SILVER,74296745207.87209,2,Summer
2016,Fiji,Oceania,GOLD,4930213644.366533,1,Summer
2016,Finland,Europe,BRONZE,240771351298.83328,1,Summer
2016,France,Europe,BRONZE,2472964344587.1655,14,Summer
2016,France,Europe,GOLD,2472964344587.1655,10,Summer
2016,France,Europe,SILVER,2472964344587.1655,18,Summer
2016,Georgia,Middle East,BRONZE,15444548901.963682,4,Summer
2016,Georgia,Middle East,GOLD,15444548901.963682,2,Summer
2016,Georgia,Middle East,SILVER,15444548901.963682,1,Summer
2016,Germany,Europe,BRONZE,3469853463945.5337,15,Summer
2016,Germany,Europe,GOLD,3469853463945.5337,17,Summer
2016,Germany,Europe,SILVER,3469853463945.5337,10,Summer
2016,Great Britain,Europe,BRONZE,2689106566899.611,17,Summer
2016,Great Britain,Europe,GOLD,2689106566899.611,27,Summer
2016,Great Britain,Europe,SILVER,2689106566899.611,23,Summer
2016,Greece,Europe,BRONZE,193148146586.93277,2,Summer
2016,Greece,Europe,GOLD,193148146586.93277,3,Summer
2016,Greece,Europe,SILVER,193148146586.93277,1,Summer
2016,Grenada,North America,SILVER,1061640740.7407408,1,Summer
2016,Hungary,Europe,BRONZE,128609822750.03862,4,Summer
2016,Hungary,Europe,GOLD,128609822750.03862,8,Summer
2016,Hungary,Europe,SILVER,128609822750.03862,3,Summer
2016,India,Asia,BRONZE,2294800000000.0,1,Summer
2016,India,Asia,SILVER,2294800000000.0,1,Summer
2016,Indonesia,Asia,GOLD,931877364037.6976,1,Summer
2016,Indonesia,Asia,SILVER,931877364037.6976,2,Summer
2016,Ireland,Europe,SILVER,298559265006.39764,2,Summer
2016,Islamic Republic of Iran,Middle East,BRONZE,457954614593.74615,4,Summer
2016,Islamic Republic of Iran,Middle East,GOLD,457954614593.74615,3,Summer
2016,Islamic Republic of Iran,Middle East,SILVER,457954614593.74615,1,Summer
2016,Israel,Middle East,BRONZE,322103000000.0,2,Summer
2016,Italy,Europe,BRONZE,1877071687633.7788,8,Summer
2016,Italy,Europe,GOLD,1877071687633.7788,8,Summer
2016,Italy,Europe,SILVER,1877071687633.7788,12,Summer
2016,Jamaica,North America,BRONZE,14077096676.621284,2,Summer
2016,Jamaica,North America,GOLD,14077096676.621284,6,Summer
2016,Jamaica,North America,SILVER,14077096676.621284,3,Summer
2016,Japan,Asia,BRONZE,5003680000000.0,21,Summer
2016,Japan,Asia,GOLD,5003680000000.0,12,Summer
2016,Japan,Asia,SILVER,5003680000000.0,8,Summer
2016,Jordan,Middle East,GOLD,39892551126.76057,1,Summer
2016,Kazakhstan,Middle East,BRONZE,137278320084.17114,10,Summer
2016,Kazakhstan,Middle East,GOLD,137278320084.17114,3,Summer
2016,Kazakhstan,Middle East,SILVER,137278320084.17114,5,Summer
2016,Kenya,Africa,BRONZE,74815144163.89308,1,Summer
2016,Kenya,Africa,GOLD,74815144163.89308,6,Summer
2016,Kenya,Africa,SILVER,74815144163.89308,6,Summer
2016,Lithuania,Europe,BRONZE,43047309305.73629,3,Summer
2016,Lithuania,Europe,SILVER,43047309305.73629,1,Summer
2016,Malaysia,Asia,BRONZE,301256033870.33356,1,Summer
2016,Malaysia,Asia,SILVER,301256033870.33356,4,Summer
2016,Mexico,North America,BRONZE,1112233497452.6975,2,Summer
2016,Mexico,North America,SILVER,1112233497452.6975,3,Summer
2016,Mongolia,Asia,BRONZE,11181350649.357347,1,Summer
2016,Mongolia,Asia,SILVER,11181350649.357347,1,Summer
2016,Morocco,Africa,BRONZE,111572947004.91748,1,Summer
2016,Netherlands,Europe,BRONZE,784060430240.0797,4,Summer
2016,Netherlands,Europe,GOLD,784060430240.0797,8,Summer
2016,Netherlands,Europe,SILVER,784060430240.0797,7,Summer
2016,New Zealand,Oceania,BRONZE,188898209220.16672,5,Summer
2016,New Zealand,Oceania,GOLD,188898209220.16672,4,Summer
2016,New Zealand,Oceania,SILVER,188898209220.16672,9,Summer
2016,Niger,Africa,SILVER,10398861981.758308,1,Summer
2016,Nigeria,Africa,BRONZE,404649125252.15955,1,Summer
2016,Norway,Europe,BRONZE,370956547619.0476,4,Summer
2016,People's Republic of China,Asia,BRONZE,11233313730348.72,26,Summer
2016,People's Republic of China,Asia,GOLD,11233313730348.72,26,Summer
2016,People's Republic of China,Asia,SILVER,11233313730348.72,18,Summer
2016,Philippines,Asia,SILVER,318627003012.5201,1,Summer
2016,Poland,Europe,BRONZE,470024599375.6187,6,Summer
2016,Poland,Europe,GOLD,470024599375.6187,2,Summer
2016,Poland,Europe,SILVER,470024599375.6187,3,Summer
2016,Portugal,Europe,BRONZE,206426152308.93085,1,Summer
2016,Puerto Rico,North America,GOLD,104337000000.0,1,Summer
2016,Qatar,Middle East,SILVER,151732181868.13187,1,Summer
2016,Republic of Korea,Asia,BRONZE,1499679823909.6116,9,Summer
2016,Republic of Korea,Asia,GOLD,1499679823909.6116,9,Summer
2016,Republic of Korea,Asia,SILVER,1499679823909.6116,3,Summer
2016,Romania,Europe,BRONZE,185287630540.43143,2,Summer
2016,Romania,Europe,GOLD,185287630540.43143,1,Summer
2016,Romania,Europe,SILVER,185287630540.43143,1,Summer
2016,Russian Federation,Europe,BRONZE,1276786350881.137,20,Summer
2016,Russian Federation,Europe,GOLD,1276786350881.137,19,Summer
2016,Russian Federation,Europe,SILVER,1276786350881.137,17,Summer
2016,Serbia,Europe,BRONZE,40692661657.0,2,Summer
2016,Serbia,Europe,GOLD,40692661657.0,2,Summer
2016,Serbia,Europe,SILVER,40692661657.0,4,Summer
2016,Singapore,Asia,GOLD,319053943915.0054,1,Summer
2016,Slovakia,Europe,GOLD,89952699525.0,2,Summer
2016,Slovakia,Europe,SILVER,89952699525.0,2,Summer
2016,Slovenia,Europe,BRONZE,44766722791.0,1,Summer
2016,Slovenia,Europe,GOLD,44766722791.0,1,Summer
2016,Slovenia,Europe,SILVER,44766722791.0,2,Summer
2016,South Africa,Africa,BRONZE,323585509674.4806,2,Summer
2016,South Africa,Africa,GOLD,323585509674.4806,2,Summer
2016,South Africa,Africa,SILVER,323585509674.4806,6,Summer
2016,Spain,Europe,BRONZE,1233554967011.6765,6,Summer
2016,Spain,Europe,GOLD,1233554967011.6765,7,Summer
2016,Spain,Europe,SILVER,1233554967011.6765,4,Summer
2016,Sweden,Europe,BRONZE,515654671469.54694,3,Summer
2016,Sweden,Europe,GOLD,515654671469.54694,2,Summer
2016,Sweden,Europe,SILVER,515654671469.54694,6,Summer
2016,Switzerland,Europe,BRONZE,687895460902.7133,2,Summer
2016,Switzerland,Europe,GOLD,687895460902.7133,3,Summer
2016,Switzerland,Europe,SILVER,687895460902.7133,2,Summer
2016,Tajikistan,Middle East,GOLD,6992416096.890184,1,Summer
2016,Thailand,Asia,BRONZE,413366349747.5081,2,Summer
2016,Thailand,Asia,GOLD,413366349747.5081,2,Summer
2016,Thailand,Asia,SILVER,413366349747.5081,2,Summer
2016,Trinidad and Tobago,North America,BRONZE,23713671528.142097,1,Summer
2016,Tunisia,Africa,BRONZE,44360072680.44765,3,Summer
2016,Turkey,Middle East,BRONZE,869682881593.0414,4,Summer
2016,Turkey,Middle East,GOLD,869682881593.0414,1,Summer
2016,Turkey,Middle East,SILVER,869682881593.0414,3,Summer
2016,Ukraine,Europe,BRONZE,93355869403.92232,4,Summer
2016,Ukraine,Europe,GOLD,93355869403.92232,2,Summer
2016,Ukraine,Europe,SILVER,93355869403.92232,5,Summer
2016,United Arab Emirates,Middle East,BRONZE,369255326235.5344,1,Summer
2016,United States of America,North America,BRONZE,18804900000000.0,38,Summer
2016,United States of America,North America,GOLD,18804900000000.0,46,Summer
2016,United States of America,North America,SILVER,18804900000000.0,37,Summer
2016,Uzbekistan,Middle East,BRONZE,86138288644.17099,7,Summer
2016,Uzbekistan,Middle East,GOLD,86138288644.17099,4,Summer
2016,Uzbekistan,Middle East,SILVER,86138288644.17099,2,Summer
2016,Vietnam,Asia,GOLD,257096001177.98184,1,Summer
2016,Vietnam,Asia,SILVER,257096001177.98184,1,Summer
2020,Argentina,South America,BRONZE,385740508436.9652,2,Summer
2020,Argentina,South America,SILVER,385740508436.9652,1,Summer
2020,Armenia,Middle East,BRONZE,12641698583.21524,2,Summer
2020,Armenia,Middle East,SILVER,12641698583.21524,2,Summer
2020,Australia,Oceania,BRONZE,1330381544909.3044,22,Summer
2020,Australia,Oceania,GOLD,1330381544909.3044,17,Summer
2020,Australia,Oceania,SILVER,1330381544909.3044,7,Summer
2020,Austria,Europe,BRONZE,435049316955.73663,5,Summer
2020,Austria,Europe,GOLD,435049316955.73663,1,Summer
2020,Austria,Europe,SILVER,435049316955.73663,1,Summer
2020,Azerbaijan,Middle East,BRONZE,42693000000.0,4,Summer
2020,Azerbaijan,Middle East,SILVER,42693000000.0,3,Summer
2020,Bahamas,North America,GOLD,9958200000.0,2,Summer
2020,Bahrain,Middle East,SILVER,34621807712.76596,1,Summer
2020,Belarus,Europe,BRONZE,61371755326.0,3,Summer
2020,Belarus,Europe,GOLD,61371755326.0,1,Summer
2020,Belarus,Europe,SILVER,61371755326.0,3,Summer
2020,Belgium,Europe,BRONZE,526021513474.2427,3,Summer
2020,Belgium,Europe,GOLD,526021513474.2427,3,Summer
2020,Belgium,Europe,SILVER,526021513474.2427,1,Summer
2020,Bermuda,North America,GOLD,6887147000.0,1,Summer
2020,Botswana,Africa,BRONZE,14960291105.931597,1,Summer
2020,Brazil,South America,BRONZE,1476107231194.106,8,Summer
2020,Brazil,South America,GOLD,1476107231194.106,7,Summer
2020,Brazil,South America,SILVER,1476107231194.106,6,Summer
2020,Bulgaria,Europe,BRONZE,70368758395.14104,2,Summer
2020,Bulgaria,Europe,GOLD,70368758395.14104,3,Summer
2020,Bulgaria,Europe,SILVER,70368758395.14104,1,Summer
2020,Burkina Faso,Africa,BRONZE,17725010531.0,1,Summer
2020,Canada,North America,BRONZE,1655684730000.1936,11,Summer
2020,Canada,North America,GOLD,1655684730000.1936,7,Summer
2020,Canada,North America,SILVER,1655684730000.1936,6,Summer
2020,Colombia,South America,BRONZE,270348342541.46512,1,Summer
2020,Colombia,South America,SILVER,270348342541.46512,4,Summer
2020,Croatia,Europe,BRONZE,58221300897.88384,2,Summer
2020,Croatia,Europe,GOLD,58221300897.88384,3,Summer
2020,Croatia,Europe,SILVER,58221300897.88384,3,Summer
2020,Cuba,North America,BRONZE,107352000000.0,5,Summer
2020,Cuba,North America,GOLD,107352000000.0,7,Summer
2020,Cuba,North America,SILVER,107352000000.0,3,Summer
2020,Czech Republic,Europe,BRONZE,245974558654.04297,3,Summer
2020,Czech Republic,Europe,GOLD,245974558654.04297,4,Summer
2020,Czech Republic,Europe,SILVER,245974558654.04297,4,Summer
2020,Côte d'Ivoire,Africa,BRONZE,63027852805.42045,1,Summer
2020,Denmark,Europe,BRONZE,354762748338.6615,4,Summer
2020,Denmark,Europe,GOLD,354762748338.6615,3,Summer
2020,Denmark,Europe,SILVER,354762748338.6615,4,Summer
2020,Dominican Republic,North America,BRONZE,78844656298.17764,2,Summer
2020,Dominican Republic,North America,SILVER,78844656298.17764,3,Summer
2020,Ecuador,South America,GOLD,95865472000.0,2,Summer
2020,Ecuador,South America,SILVER,95865472000.0,1,Summer
2020,Egypt,Africa,BRONZE,383817841547.0992,4,Summer
2020,Egypt,Africa,GOLD,383817841547.0992,1,Summer
2020,Egypt,Africa,SILVER,383817841547.0992,1,Summer
2020,Estonia,Europe,BRONZE,31330419851.148724,1,Summer
2020,Estonia,Europe,GOLD,31330419851.148724,1,Summer
2020,Ethiopia,Africa,BRONZE,107657734392.44585,2,Summer
2020,Ethiopia,Africa,GOLD,107657734392.44585,1,Summer
2020,Ethiopia,Africa,SILVER,107657734392.44585,1,Summer
2020,Fiji,Oceania,BRONZE,4432466219.876845,1,Summer
2020,Fiji,Oceania,GOLD,4432466219.876845,1,Summer
2020,Finland,Europe,BRONZE,271886077382.10193,2,Summer
2020,France,Europe,BRONZE,2647418691598.4507,11,Summer
2020,France,Europe,GOLD,2647418691598.4507,10,Summer
2020,France,Europe,SILVER,2647418691598.4507,12,Summer
2020,Georgia,Middle East,BRONZE,16010869215.679968,1,Summer
2020,Georgia,Middle East,GOLD,16010869215.679968,2,Summer
2020,Georgia,Middle East,SILVER,16010869215.679968,5,Summer
2020,Germany,Europe,BRONZE,3887727161914.408,16,Summer
2020,Germany,Europe,GOLD,3887727161914.408,10,Summer
2020,Germany,Europe,SILVER,3887727161914.408,11,Summer
2020,Ghana,Africa,BRONZE,70043095504.0,1,Summer
2020,Great Britain,Europe,BRONZE,2697806592293.8604,22,Summer
2020,Great Britain,Europe,GOLD,2697806592293.8604,22,Summer
2020,Great Britain,Europe,SILVER,2697806592293.8604,21,Summer
2020,Greece,Europe,BRONZE,188480337285.6052,1,Summer
2020,Greece,Europe,GOLD,188480337285.6052,2,Summer
2020,Greece,Europe,SILVER,188480337285.6052,1,Summer
2020,Grenada,North America,BRONZE,1043411111.111111,1,Summer
2020,"Hong Kong, China",Asia,BRONZE,344943149590.0583,3,Summer
2020,"Hong Kong, China",Asia,GOLD,344943149590.0583,1,Summer
2020,"Hong Kong, China",Asia,SILVER,344943149590.0583,2,Summer
2020,Hungary,Europe,BRONZE,157288955508.17633,7,Summer
2020,Hungary,Europe,GOLD,157288955508.17633,6,Summer
2020,Hungary,Europe,SILVER,157288955508.17633,7,Summer
2020,India,Asia,BRONZE,2674851578586.8647,4,Summer
2020,India,Asia,GOLD,2674851578586.8647,1,Summer
2020,India,Asia,SILVER,2674851578586.8647,2,Summer
2020,Indonesia,Asia,BRONZE,1059054842698.482,3,Summer
2020,Indonesia,Asia,GOLD,1059054842698.482,1,Summer
2020,Indonesia,Asia,SILVER,1059054842698.482,1,Summer
2020,Ireland,Europe,BRONZE,428608687830.2393,2,Summer
2020,Ireland,Europe,GOLD,428608687830.2393,2,Summer
2020,Islamic Republic of Iran,Middle East,BRONZE,239735486745.38528,2,Summer
2020,Islamic Republic of Iran,Middle East,GOLD,239735486745.38528,3,Summer
2020,Islamic Republic of Iran,Middle East,SILVER,239735486745.38528,2,Summer
2020,Israel,Middle East,BRONZE,413267669231.52216,2,Summer
2020,Israel,Middle East,GOLD,413267669231.52216,2,Summer
2020,Italy,Europe,BRONZE,1897461635591.912,20,Summer
2020,Italy,Europe,GOLD,1897461635591.912,10,Summer
2020,Italy,Europe,SILVER,1897461635591.912,10,Summer
2020,Jamaica,North America,BRONZE,13812421835.736937,4,Summer
2020,Jamaica,North America,GOLD,13812421835.736937,4,Summer
2020,Jamaica,North America,SILVER,13812421835.736937,1,Summer
2020,Japan,Asia,BRONZE,5055587093501.588,17,Summer
2020,Japan,Asia,GOLD,5055587093501.588,27,Summer
2020,Japan,Asia,SILVER,5055587093501.588,14,Summer
2020,Jordan,Middle East,BRONZE,43700383098.59155,1,Summer
2020,Jordan,Middle East,SILVER,43700383098.59155,1,Summer
2020,Kazakhstan,Middle East,BRONZE,171082365861.4229,8,Summer
2020,Kenya,Africa,BRONZE,100658000000.0,2,Summer
2020,Kenya,Africa,GOLD,100658000000.0,4,Summer
2020,Kenya,Africa,SILVER,100658000000.0,4,Summer
2020,Kuwait,Middle East,BRONZE,107512998447.02074,1,Summer
2020,Kyrgyzstan,Middle East,BRONZE,8270468614.240511,1,Summer
2020,Kyrgyzstan,Middle East,SILVER,8270468614.240511,2,Summer
2020,Latvia,Europe,BRONZE,34390910339.0,1,Summer
2020,Latvia,Europe,GOLD,34390910339.0,1,Summer
2020,Lithuania,Europe,SILVER,56964942999.365135,1,Summer
2020,Malaysia,Asia,BRONZE,337456163961.2112,1,Summer
2020,Malaysia,Asia,SILVER,337456163961.2112,1,Summer
2020,Mexico,North America,BRONZE,1120832412468.8489,4,Summer
2020,Mongolia,Asia,BRONZE,13312981429.08905,3,Summer
2020,Mongolia,Asia,SILVER,13312981429.08905,1,Summer
2020,Morocco,Africa,GOLD,121353645057.14368,1,Summer
2020,Namibia,Africa,SILVER,10583748541.525812,1,Summer
2020,Netherlands,Europe,BRONZE,909793466661.4812,14,Summer
2020,Netherlands,Europe,GOLD,909793466661.4812,10,Summer
2020,Netherlands,Europe,SILVER,909793466661.4812,12,Summer
2020,New Zealand,Oceania,BRONZE,212697530897.56036,7,Summer
2020,New Zealand,Oceania,GOLD,212697530897.56036,7,Summer
2020,New Zealand,Oceania,SILVER,212697530897.56036,6,Summer
2020,Nigeria,Africa,BRONZE,432198898467.79486,1,Summer
2020,Nigeria,Africa,SILVER,432198898467.79486,1,Summer
2020,North Macedonia,Europe,SILVER,12361036913.840923,1,Summer
2020,Norway,Europe,BRONZE,367633418886.62726,2,Summer
2020,Norway,Europe,GOLD,367633418886.62726,4,Summer
2020,Norway,Europe,SILVER,367633418886.62726,2,Summer
2020,People's Republic of China,Asia,BRONZE,14687744162801.031,18,Summer
2020,People's Republic of China,Asia,GOLD,14687744162801.031,38,Summer
2020,People's Republic of China,Asia,SILVER,14687744162801.031,32,Summer
2020,Philippines,Asia,BRONZE,361751145451.59674,1,Summer
2020,Philippines,Asia,GOLD,361751145451.59674,1,Summer
2020,Philippines,Asia,SILVER,361751145451.59674,2,Summer
2020,Poland,Europe,BRONZE,599443000000.0,5,Summer
2020,Poland,Europe,GOLD,599443000000.0,4,Summer
2020,Poland,Europe,SILVER,599443000000.0,5,Summer
2020,Portugal,Europe,BRONZE,229031860520.77728,2,Summer
2020,Portugal,Europe,GOLD,229031860520.77728,1,Summer
2020,Portugal,Europe,SILVER,229031860520.77728,1,Summer
2020,Puerto Rico,North America,GOLD,103131000000.0,1,Summer
2020,Qatar,Middle East,BRONZE,144411363351.64835,1,Summer
2020,Qatar,Middle East,GOLD,144411363351.64835,2,Summer
2020,Republic of Korea,Asia,BRONZE,1644312831906.1692,10,Summer
2020,Republic of Korea,Asia,GOLD,1644312831906.1692,6,Summer
2020,Republic of Korea,Asia,SILVER,1644312831906.1692,4,Summer
2020,Republic of Moldova,Europe,BRONZE,11530746234.44918,1,Summer
2020,Romania,Europe,GOLD,251362514349.6971,1,Summer
2020,Romania,Europe,SILVER,251362514349.6971,3,Summer
2020,San Marino,Europe,BRONZE,1541247883.9935052,2,Summer
2020,San Marino,Europe,SILVER,1541247883.9935052,1,Summer
2020,Saudi Arabia,Middle East,SILVER,734271000000.0,1,Summer
2020,Serbia,Europe,BRONZE,53356484591.43781,5,Summer
2020,Serbia,Europe,GOLD,53356484591.43781,3,Summer
2020,Serbia,Europe,SILVER,53356484591.43781,1,Summer
2020,Slovakia,Europe,BRONZE,106737868873.94116,1,Summer
2020,Slovakia,Europe,GOLD,106737868873.94116,1,Summer
2020,Slovakia,Europe,SILVER,106737868873.94116,2,Summer
2020,Slovenia,Europe,BRONZE,53734526854.22894,1,Summer
2020,Slovenia,Europe,GOLD,53734526854.22894,3,Summer
2020,Slovenia,Europe,SILVER,53734526854.22894,1,Summer
2020,South Africa,Africa,GOLD,338291396026.6977,1,Summer
2020,South Africa,Africa,SILVER,338291396026.6977,2,Summer
2020,Spain,Europe,BRONZE,1278130000000.0,6,Summer
2020,Spain,Europe,GOLD,1278130000000.0,3,Summer
2020,Spain,Europe,SILVER,1278130000000.0,8,Summer
2020,Sweden,Europe,GOLD,547054174235.87585,3,Summer
2020,Sweden,Europe,SILVER,547054174235.87585,6,Summer
2020,Switzerland,Europe,BRONZE,741999406005.6272,6,Summer
2020,Switzerland,Europe,GOLD,741999406005.6272,3,Summer
2020,Switzerland,Europe,SILVER,741999406005.6272,4,Summer
2020,Syrian Arab Republic,Middle East,BRONZE,11155888304.002296,1,Summer
2020,Thailand,Asia,BRONZE,500461898480.24554,1,Summer
2020,Thailand,Asia,GOLD,500461898480.24554,1,Summer
2020,Tunisia,Africa,GOLD,42491816475.71184,1,Summer
2020,Tunisia,Africa,SILVER,42491816475.71184,1,Summer
2020,Turkey,Middle East,BRONZE,720338498174.7438,9,Summer
2020,Turkey,Middle East,GOLD,720338498174.7438,2,Summer
2020,Turkey,Middle East,SILVER,720338498174.7438,2,Summer
2020,Turkmenistan,Middle East,SILVER,45818000000.0,1,Summer
2020,Uganda,Africa,BRONZE,37600368239.882416,1,Summer
2020,Uganda,Africa,GOLD,37600368239.882416,2,Summer
2020,Uganda,Africa,SILVER,37600368239.882416,1,Summer
2020,Ukraine,Europe,BRONZE,156617722013.3422,12,Summer
2020,Ukraine,Europe,GOLD,156617722013.3422,1,Summer
2020,Ukraine,Europe,SILVER,156617722013.3422,6,Summer
2020,United States of America,North America,BRONZE,21323000000000.0,33,Summer
2020,United States of America,North America,GOLD,21323000000000.0,39,Summer
2020,United States of America,North America,SILVER,21323000000000.0,41,Summer
2020,Uzbekistan,Middle East,BRONZE,60224701296.78847,2,Summer
2020,Uzbekistan,Middle East,GOLD,60224701296.78847,3,Summer
